{"num_epochs": 20, "scenario": "PoolBaseSamplingScenario", "strategy": "least_confidence", "batch_size": 10, "query_size": 100, "seed_size": 100, "model": "VggNet", "stopping_criterion": "query_number", "stopping_criterion_value": 900, "dataset_name": "mnist", "metric_values": {"train_loss": [1.5210474133491516, 1.8661892294883728, 1.7807995637257894, 1.6176416158676148, 1.4116518640518187, 1.2670728544394174, 1.4283252017838615, 1.1633148610591888, 1.4393822292486826, 1.0466128566861153], "train_acc": [0.41, 0.29500000000000004, 0.28, 0.33499999999999996, 0.36, 0.49166666666666664, 0.4042857142857143, 0.55625, 0.3622222222222222, 0.555], "val_loss": [1.9837864447633426, 1.7562312028805416, 1.7303637371460596, 1.4145603662729263, 1.426785326798757, 1.3542111592988173, 1.1923129204909007, 0.7715266332030296, 1.3902922739585242, 0.8927064795792102], "val_acc": [0.2976666666666667, 0.2835, 0.22666666666666666, 0.39633333333333337, 0.40199999999999997, 0.5658333333333333, 0.48333333333333334, 0.6795, 0.3908333333333333, 0.6295000000000001], "instance_queries": [0, 100, 100, 100, 100, 100, 100, 100, 100, 100]}}