{"num_epochs": 20, "scenario": "PoolBaseSamplingScenario", "strategy": "least_confidence", "batch_size": 10, "query_size": 100, "seed_size": 100, "model": "VggNet", "stopping_criterion": "query_number", "stopping_criterion_value": 900, "dataset_name": "mnist", "metric_values": {"train_loss": [2.0056928753852845, 1.9021730303764344, 1.910938823223114, 1.5085146307945252, 1.4746800827980042, 1.2776995927095414, 0.9104632613914353, 1.542099067568779, 1.3751993503835467, 0.4902063609287143], "train_acc": [0.35, 0.29, 0.24999999999999997, 0.39249999999999996, 0.41, 0.49499999999999994, 0.6828571428571428, 0.3225, 0.45777777777777773, 0.8550000000000001], "val_loss": [2.640009848276774, 1.9860292410850524, 2.0038208911816278, 1.7003666970133782, 1.66607792754968, 1.1053013683358828, 0.8001202864944935, 1.4423150439063708, 1.4007810984055202, 0.3244720736549546], "val_acc": [0.133, 0.2503333333333333, 0.18766666666666665, 0.30583333333333335, 0.3121666666666667, 0.5226666666666666, 0.757, 0.461, 0.4036666666666667, 0.9143333333333336], "instance_queries": [0, 100, 100, 100, 100, 100, 100, 100, 100, 100]}}