{"num_epochs": 20, "scenario": "PoolBaseSamplingScenario", "strategy": "least_confidence", "batch_size": 10, "query_size": 100, "seed_size": 100, "model": "VggNet", "stopping_criterion": "query_number", "stopping_criterion_value": 900, "dataset_name": "mnist", "metric_values": {"train_loss": [1.6192415595054626, 1.7285183548927308, 1.8386086304982503, 2.094418904185295, 0.9655657631158828, 1.2891767919063568, 1.5195992759295873, 1.536657240986824, 1.0993287285168967, 1.1194196826219558], "train_acc": [0.38, 0.275, 0.27999999999999997, 0.1625, 0.654, 0.45499999999999996, 0.36571428571428566, 0.36, 0.5488888888888889, 0.485], "val_loss": [1.6217007344961167, 1.7531988680362702, 1.7807432115077972, 1.9619187545776366, 1.3590940071145694, 1.2826692108809947, 1.38446247279644, 1.2867578835288684, 0.8267249090969563, 1.0139415941635768], "val_acc": [0.33116666666666666, 0.26666666666666666, 0.25133333333333335, 0.195, 0.5801666666666667, 0.4321666666666667, 0.3938333333333333, 0.4728333333333333, 0.6401666666666667, 0.555], "instance_queries": [0, 100, 100, 100, 100, 100, 100, 100, 100, 100]}}