{"num_epochs": 20, "scenario": "PoolBaseSamplingScenario", "strategy": "least_confidence", "batch_size": 10, "query_size": 100, "seed_size": 100, "model": "VggNet", "stopping_criterion": "query_number", "stopping_criterion_value": 900, "dataset_name": "mnist", "metric_values": {"train_loss": [2.0075445413589477, 1.6410601675510406, 1.6379017591476441, 1.5586959719657898, 1.8068459439277649, 1.6732229212919871, 1.1763548672199249, 0.9034145954996348, 1.1949802670213912, 0.8894431003928185], "train_acc": [0.26999999999999996, 0.30999999999999994, 0.34, 0.3625, 0.268, 0.27666666666666667, 0.4842857142857144, 0.6775, 0.5088888888888888, 0.628], "val_loss": [2.1084207181135812, 1.6423473434646925, 1.5502302236358325, 1.4317554382483164, 1.6958935423692068, 1.704932624499003, 1.105024052063624, 0.5118340026711424, 1.0911429144442082, 0.6780480824410915], "val_acc": [0.203, 0.319, 0.3453333333333333, 0.38716666666666666, 0.28633333333333333, 0.29483333333333334, 0.5079999999999999, 0.8471666666666667, 0.5219999999999999, 0.6516666666666666], "instance_queries": [0, 100, 100, 100, 100, 100, 100, 100, 100, 100]}}