{"num_epochs": 20, "scenario": "PoolBaseSamplingScenario", "strategy": "least_confidence", "batch_size": 10, "query_size": 100, "seed_size": 100, "model": "VggNet", "stopping_criterion": "query_number", "stopping_criterion_value": 900, "dataset_name": "mnist", "metric_values": {"train_loss": [2.198061430454254, 1.8478933036327363, 1.4839134573936463, 1.8986708372831345, 1.5307811057567597, 1.2848055253426234, 1.592960912840707, 1.1517829820513725, 1.1987280441655053, 2.298039767742157], "train_acc": [0.19, 0.315, 0.4266666666666667, 0.265, 0.37000000000000005, 0.505, 0.31, 0.485, 0.4577777777777779, 0.121], "val_loss": [2.3880323908726373, 1.7187730912367503, 1.6576551189025244, 1.8393470301230748, 1.5911481152971585, 1.305085867146651, 1.6177164493004481, 1.1787645012140273, 1.0716719197233517, 2.3051207037766774], "val_acc": [0.19599999999999998, 0.27, 0.3258333333333333, 0.3045, 0.3458333333333333, 0.43950000000000006, 0.32149999999999995, 0.48116666666666663, 0.5754999999999999, 0.09483333333333334], "instance_queries": [0, 100, 100, 100, 100, 100, 100, 100, 100, 100]}}