{"num_epochs": 20, "scenario": "PoolBaseSamplingScenario", "strategy": "least_confidence", "batch_size": 10, "query_size": 100, "seed_size": 100, "model": "VggNet", "stopping_criterion": "query_number", "stopping_criterion_value": 900, "dataset_name": "mnist", "metric_values": {"train_loss": [1.696036159992218, 1.9975914359092712, 1.678319799900055, 1.4224784776568413, 1.622646415233612, 1.545813943942388, 1.6696672677993774, 1.081134030967951, 1.201090212000741, 0.8242425680160522], "train_acc": [0.33999999999999997, 0.265, 0.3066666666666666, 0.39249999999999996, 0.35, 0.3683333333333333, 0.2971428571428571, 0.5962500000000001, 0.5399999999999999, 0.735], "val_loss": [1.814315636952718, 1.9915092088778814, 1.734232815404733, 1.4983722597360611, 1.4613686766227085, 1.3994613682230315, 1.5347635114192963, 1.5084652534375589, 0.9274358854691187, 1.5190743371347586], "val_acc": [0.2778333333333334, 0.20400000000000001, 0.3331666666666666, 0.3698333333333333, 0.38633333333333336, 0.38966666666666666, 0.3645, 0.5129999999999999, 0.7353333333333333, 0.5405], "instance_queries": [0, 100, 100, 100, 100, 100, 100, 100, 100, 100]}}