{"num_epochs": 20, "scenario": "PoolBaseSamplingScenario", "strategy": "least_confidence", "batch_size": 10, "query_size": 100, "seed_size": 100, "model": "VggNet", "stopping_criterion": "query_number", "stopping_criterion_value": 900, "dataset_name": "mnist", "metric_values": {"train_loss": [2.0400500774383543, 2.13314026594162, 2.1872878829638163, 2.2916755378246307, 1.4424190855026244, 1.3740711639324823, 1.358846856015069, 1.3283606193959714, 1.1098375393284692, 1.5018530488014221], "train_acc": [0.30000000000000004, 0.18500000000000003, 0.19333333333333333, 0.1275, 0.4039999999999999, 0.45, 0.4585714285714286, 0.45625, 0.5911111111111111, 0.361], "val_loss": [2.6492778219779334, 2.087028754154841, 2.1997147423028944, 2.2819638510545093, 1.2558924065033594, 1.1156124591330687, 1.2287755608558655, 1.32949591293931, 1.0549043597280978, 1.4394116895397504], "val_acc": [0.11016666666666668, 0.21, 0.17700000000000002, 0.13333333333333333, 0.45899999999999996, 0.5205000000000001, 0.5128333333333334, 0.5196666666666666, 0.6011666666666666, 0.4063333333333333], "instance_queries": [0, 100, 100, 100, 100, 100, 100, 100, 100, 100]}}