{"num_epochs": 20, "scenario": "PoolBaseSamplingScenario", "strategy": "least_confidence", "batch_size": 10, "query_size": 100, "seed_size": 100, "model": "VggNet", "stopping_criterion": "query_number", "stopping_criterion_value": 900, "dataset_name": "mnist", "metric_values": {"train_loss": [1.9843678712844848, 2.0631190717220305, 1.8209192077318828, 2.198511058092117, 1.8569820737838745, 1.4529091070095699, 1.353862279653549, 1.2299846976995468, 0.99494605826007, 1.5121397638320924], "train_acc": [0.21000000000000002, 0.21000000000000002, 0.23999999999999994, 0.1925, 0.204, 0.4, 0.44142857142857134, 0.5199999999999999, 0.6522222222222223, 0.3550000000000001], "val_loss": [1.8964240078131358, 1.9793122684955597, 2.3161362789074578, 2.2572318844000496, 1.778593471844991, 1.2317066861192385, 1.9839395380020142, 0.9772844069202741, 0.7692586888372898, 1.4109997849663098], "val_acc": [0.3516666666666667, 0.20633333333333334, 0.16466666666666668, 0.1425, 0.23883333333333331, 0.5648333333333333, 0.3175, 0.5898333333333333, 0.7473333333333333, 0.393], "instance_queries": [0, 100, 100, 100, 100, 100, 100, 100, 100, 100]}}