{"num_epochs": 20, "scenario": "PoolBaseSamplingScenario", "strategy": "least_confidence", "batch_size": 10, "query_size": 100, "seed_size": 100, "model": "VggNet", "stopping_criterion": "query_number", "stopping_criterion_value": 900, "dataset_name": "mnist", "metric_values": {"train_loss": [1.5868810415267944, 1.7734416782855988, 1.8278310775756836, 1.6425977975130082, 1.7901127195358277, 1.6683463414510091, 2.285085242135184, 1.287813600897789, 1.618807441658444, 1.5017384392023088], "train_acc": [0.36000000000000004, 0.26, 0.26333333333333336, 0.34249999999999997, 0.24799999999999997, 0.28500000000000003, 0.12857142857142853, 0.45, 0.33, 0.42100000000000004], "val_loss": [1.564577086865902, 2.018862002491951, 1.660390281677246, 1.4207843044400215, 1.8444051859776178, 1.5721526615818342, 2.280067878762881, 1.1145944779117902, 1.5720219802856445, 1.2238711878160635], "val_acc": [0.3485, 0.237, 0.29583333333333334, 0.4215, 0.22466666666666668, 0.3623333333333333, 0.1436666666666667, 0.5273333333333333, 0.3573333333333333, 0.49366666666666675], "instance_queries": [0, 100, 100, 100, 100, 100, 100, 100, 100, 100]}}