{"num_epochs": 20, "scenario": "PoolBaseSamplingScenario", "strategy": "least_confidence", "batch_size": 10, "query_size": 100, "seed_size": 100, "model": "VggNet", "stopping_criterion": "query_number", "stopping_criterion_value": 900, "dataset_name": "mnist", "metric_values": {"train_loss": [1.7026500821113586, 1.5464461982250213, 1.8684894680976867, 1.7440449178218842, 1.428946511745453, 1.6740482211112977, 1.412670977626528, 0.8142129257321358, 1.2777572883499992, 1.5652985841035842], "train_acc": [0.29, 0.38499999999999995, 0.2533333333333333, 0.3125, 0.392, 0.32, 0.4028571428571428, 0.7237500000000001, 0.49555555555555547, 0.38699999999999996], "val_loss": [2.1878764655192695, 1.5767725719014805, 2.047034203807513, 1.6769104913870494, 1.332963328162829, 1.5169096013903618, 1.104427878956, 0.8334905489782493, 1.146115014354388, 1.4058099192380906], "val_acc": [0.18166666666666667, 0.3978333333333333, 0.26033333333333336, 0.3423333333333333, 0.44333333333333336, 0.3165, 0.5265, 0.6351666666666667, 0.5841666666666666, 0.42616666666666664], "instance_queries": [0, 100, 100, 100, 100, 100, 100, 100, 100, 100]}}