{"num_epochs": 20, "scenario": "PoolBaseSamplingScenario", "strategy": "least_confidence", "batch_size": 10, "query_size": 100, "seed_size": 100, "model": "VggNet", "stopping_criterion": "query_number", "stopping_criterion_value": 900, "dataset_name": "mnist", "metric_values": {"train_loss": [1.636237907409668, 1.8105367004871369, 1.7303677717844645, 1.8140683501958847, 1.4299338126182557, 1.408764366308848, 1.2386186242103576, 0.8408938851207495, 1.518911027908325, 0.9823263776302338], "train_acc": [0.30999999999999994, 0.32500000000000007, 0.2533333333333333, 0.3125, 0.4, 0.43166666666666664, 0.45428571428571435, 0.7175, 0.3677777777777778, 0.67], "val_loss": [1.624391774435838, 2.006882071097692, 1.6751363096634546, 1.6850839721163113, 2.2107939968506494, 1.5683010054628055, 1.218243380288283, 0.7714435374240081, 1.3767669520775476, 0.645383491422981], "val_acc": [0.35566666666666663, 0.2765, 0.2785, 0.33016666666666666, 0.29133333333333333, 0.37083333333333335, 0.48316666666666674, 0.7343333333333334, 0.43083333333333335, 0.7791666666666667], "instance_queries": [0, 100, 100, 100, 100, 100, 100, 100, 100, 100]}}