{"num_epochs": 20, "scenario": "PoolBaseSamplingScenario", "strategy": "least_confidence", "batch_size": 10, "query_size": 100, "seed_size": 100, "model": "VggNet", "stopping_criterion": "query_number", "stopping_criterion_value": 900, "dataset_name": "mnist", "metric_values": {"train_loss": [2.1786495208740235, 1.7200775027275086, 1.6053367614746095, 1.4448510959744454, 1.8693762350082397, 1.254015150666237, 1.3169968366622924, 1.3430303834378718, 1.383365931113561, 1.5165950280427933], "train_acc": [0.28, 0.395, 0.3333333333333333, 0.36, 0.29, 0.5116666666666666, 0.44142857142857134, 0.49375, 0.4455555555555555, 0.42100000000000004], "val_loss": [2.0310361301898956, 1.6564403637250265, 1.7773964840173722, 1.6569505135218303, 1.7597031935056051, 1.5872211570541064, 1.2487935336430867, 1.0231323814888795, 1.1330143394072851, 1.4291942754387856], "val_acc": [0.22666666666666666, 0.3501666666666667, 0.2836666666666666, 0.3096666666666667, 0.33116666666666666, 0.41616666666666663, 0.5256666666666666, 0.6136666666666667, 0.505, 0.39166666666666666], "instance_queries": [0, 100, 100, 100, 100, 100, 100, 100, 100, 100]}}