{"num_epochs": 20, "scenario": "PoolBaseSamplingScenario", "strategy": "least_confidence", "batch_size": 10, "query_size": 100, "seed_size": 100, "model": "VggNet", "stopping_criterion": "query_number", "stopping_criterion_value": 900, "dataset_name": "mnist", "metric_values": {"train_loss": [2.1913570523262025, 1.7938780963420868, 1.5851414322853088, 1.580845868587494, 1.4543787407875062, 1.6590789020061494, 1.3713915194783892, 1.102907870709896, 1.5967272798220316, 0.7702473439276218], "train_acc": [0.24, 0.32499999999999996, 0.3533333333333334, 0.34500000000000003, 0.37800000000000006, 0.2733333333333333, 0.45142857142857135, 0.57375, 0.3244444444444444, 0.7710000000000001], "val_loss": [2.017612940867742, 1.6144437258442244, 1.6572560022274654, 1.583109399775664, 1.6340415385365485, 1.5628184572855632, 1.1837458805243175, 0.8356379266331593, 1.546484079559644, 0.5507965095341205], "val_acc": [0.23799999999999996, 0.385, 0.32699999999999996, 0.2941666666666667, 0.4051666666666667, 0.28700000000000003, 0.4763333333333333, 0.6631666666666667, 0.3405, 0.8168333333333334], "instance_queries": [0, 100, 100, 100, 100, 100, 100, 100, 100, 100]}}