{"num_epochs": 20, "scenario": "PoolBaseSamplingScenario", "strategy": "least_confidence", "batch_size": 10, "query_size": 100, "seed_size": 100, "model": "VggNet", "stopping_criterion": "query_number", "stopping_criterion_value": 900, "dataset_name": "mnist", "metric_values": {"train_loss": [1.733143699169159, 2.0271840333938598, 1.7122112154960631, 1.6506612092256545, 1.8089631247520446, 1.3260475565989813, 1.5846122350011553, 1.5562898173928261, 1.377393028471205, 1.1138796815276146], "train_acc": [0.31999999999999995, 0.21000000000000002, 0.2700000000000001, 0.2625, 0.228, 0.415, 0.33142857142857135, 0.35375, 0.3711111111111111, 0.576], "val_loss": [1.6520770154396693, 1.9805023912588755, 1.9802318623661994, 1.80879872183005, 1.7189275787274043, 1.4242957489192485, 1.467675215601921, 1.3657570215066275, 1.3300919269522031, 0.7929842687398195], "val_acc": [0.2595, 0.2305, 0.21300000000000002, 0.26916666666666667, 0.282, 0.3918333333333333, 0.3785, 0.4273333333333333, 0.3988333333333334, 0.7328333333333333], "instance_queries": [0, 100, 100, 100, 100, 100, 100, 100, 100, 100]}}