{"num_epochs": 20, "scenario": "PoolBaseSamplingScenario", "strategy": "least_confidence", "batch_size": 10, "query_size": 100, "seed_size": 100, "model": "VggNet", "stopping_criterion": "query_number", "stopping_criterion_value": 900, "dataset_name": "mnist", "metric_values": {"train_loss": [1.6889400243759156, 1.844924420118332, 2.1117982904116315, 2.0388176143169403, 1.4377090334892273, 1.4383935938278833, 1.3164992536817277, 1.3625603571534157, 0.9626648151212268, 0.9961190044879913], "train_acc": [0.25, 0.23500000000000001, 0.18666666666666665, 0.20750000000000002, 0.4360000000000001, 0.42, 0.47571428571428576, 0.44000000000000006, 0.67, 0.6310000000000001], "val_loss": [2.0642172463734947, 1.790457689166069, 2.0022137757142384, 1.9970704146226248, 1.20385822981596, 1.2037753359476726, 0.9955651851991812, 1.200177846699953, 0.8299904182677468, 0.9045203063885371], "val_acc": [0.26766666666666666, 0.24166666666666667, 0.2085, 0.21316666666666667, 0.4791666666666667, 0.44433333333333336, 0.6181666666666666, 0.5006666666666666, 0.7458333333333333, 0.6456666666666666], "instance_queries": [0, 100, 100, 100, 100, 100, 100, 100, 100, 100]}}