{"num_epochs": 20, "scenario": "PoolBaseSamplingScenario", "strategy": "least_confidence", "batch_size": 10, "query_size": 100, "seed_size": 100, "model": "VggNet", "stopping_criterion": "query_number", "stopping_criterion_value": 900, "dataset_name": "mnist", "metric_values": {"train_loss": [1.8052165865898133, 1.8282172679901123, 1.8414873917897543, 1.800984689593315, 1.6682943177223206, 1.2221055726210277, 1.3689447862761361, 1.6337175652384759, 1.590200009610918, 1.5609479850530625], "train_acc": [0.37, 0.265, 0.21666666666666667, 0.305, 0.33399999999999996, 0.5366666666666667, 0.44999999999999996, 0.29874999999999996, 0.3366666666666666, 0.38799999999999996], "val_loss": [2.748542158603668, 1.9236421388387681, 1.712294710079829, 1.6473972096045812, 1.561837655901909, 1.2402086159586907, 1.4522392856081328, 1.529072305659453, 1.531293776333332, 1.4666684285799663], "val_acc": [0.12133333333333331, 0.21616666666666665, 0.2811666666666666, 0.39916666666666667, 0.3285, 0.5575, 0.421, 0.3293333333333333, 0.32699999999999996, 0.39249999999999996], "instance_queries": [0, 100, 100, 100, 100, 100, 100, 100, 100, 100]}}