{"num_epochs": 20, "scenario": "PoolBaseSamplingScenario", "strategy": "least_confidence", "batch_size": 10, "query_size": 100, "seed_size": 100, "model": "VggNet", "stopping_criterion": "query_number", "stopping_criterion_value": 900, "dataset_name": "mnist", "metric_values": {"train_loss": [1.803658676147461, 1.728600126504898, 1.6610790173212686, 1.5574779778718948, 1.5276999807357787, 1.5752901295820871, 1.3384785413742066, 1.1725073650479316, 0.9316683852010303, 0.9797215569019317], "train_acc": [0.31, 0.33999999999999997, 0.32000000000000006, 0.3675, 0.36800000000000005, 0.32499999999999996, 0.4942857142857142, 0.57125, 0.61, 0.6310000000000001], "val_loss": [1.926917205651601, 1.5497982302308082, 1.5284439185261727, 1.3775460596879323, 1.3162841262420018, 1.4398193375269572, 1.2808646475275358, 1.2085214441269636, 0.9424208736916383, 0.846994938775897], "val_acc": [0.29800000000000004, 0.4125, 0.32149999999999995, 0.3943333333333333, 0.3726666666666667, 0.41183333333333333, 0.5296666666666666, 0.5836666666666668, 0.6176666666666666, 0.6951666666666666], "instance_queries": [0, 100, 100, 100, 100, 100, 100, 100, 100, 100]}}