{"num_epochs": 20, "scenario": "PoolBaseSamplingScenario", "strategy": "least_confidence", "batch_size": 10, "query_size": 100, "seed_size": 100, "model": "VggNet", "stopping_criterion": "query_number", "stopping_criterion_value": 900, "dataset_name": "mnist", "metric_values": {"train_loss": [1.7208880662918091, 1.6396015226840972, 1.771403729915619, 1.8488256990909577, 2.0351131892204286, 1.5955920795599619, 1.271827403988157, 1.6806849405169486, 1.140840435359213, 1.4740138673782348], "train_acc": [0.33999999999999997, 0.325, 0.3066666666666667, 0.24000000000000005, 0.17000000000000004, 0.32500000000000007, 0.45571428571428574, 0.30625, 0.5900000000000001, 0.39399999999999996], "val_loss": [1.6706579898794491, 6.103864061832428, 1.586660731434822, 1.7744692339499792, 2.029019609292348, 1.567405854066213, 1.1292119060953458, 1.5197093645731607, 0.8806312397122383, 1.336111550082763], "val_acc": [0.31366666666666665, 0.18183333333333335, 0.347, 0.211, 0.21683333333333338, 0.31583333333333335, 0.5346666666666667, 0.3153333333333333, 0.6946666666666667, 0.39649999999999996], "instance_queries": [0, 100, 100, 100, 100, 100, 100, 100, 100, 100]}}