{"num_epochs": 20, "scenario": "PoolBaseSamplingScenario", "strategy": "least_confidence", "batch_size": 10, "query_size": 100, "seed_size": 100, "model": "VggNet", "stopping_criterion": "query_number", "stopping_criterion_value": 900, "dataset_name": "mnist", "metric_values": {"train_loss": [1.6169472098350526, 1.6979519188404084, 1.9739836176236472, 1.8520868629217149, 1.2720405507087706, 1.291935063401858, 0.9890562385320664, 1.7431961059570313, 0.847014088763131, 0.6949069941043854], "train_acc": [0.36, 0.35000000000000003, 0.23666666666666664, 0.2575, 0.5, 0.4516666666666667, 0.6214285714285716, 0.33375, 0.698888888888889, 0.764], "val_loss": [1.7715983563661575, 2.1421305522322656, 1.7973715903361638, 2.0433846404155096, 1.2442286550501982, 1.42161884278059, 0.8390497780094545, 1.5552821911374728, 0.6995199082791805, 0.735664603660504], "val_acc": [0.2816666666666667, 0.295, 0.28099999999999997, 0.1615, 0.4571666666666666, 0.38416666666666666, 0.7205, 0.375, 0.7616666666666667, 0.7401666666666668], "instance_queries": [0, 100, 100, 100, 100, 100, 100, 100, 100, 100]}}