{"num_epochs": 20, "scenario": "PoolBaseSamplingScenario", "strategy": "least_confidence", "batch_size": 10, "query_size": 100, "seed_size": 100, "model": "VggNet", "stopping_criterion": "query_number", "stopping_criterion_value": 900, "dataset_name": "mnist", "metric_values": {"train_loss": [1.5510729432106019, 1.8183525681495667, 1.6067719062169392, 1.9334128499031067, 1.618278399705887, 1.4961085041364035, 1.512864170755659, 1.1038242183625697, 0.721424268020524, 1.0202568721771241], "train_acc": [0.35, 0.315, 0.3233333333333333, 0.23500000000000001, 0.35999999999999993, 0.38333333333333325, 0.37285714285714283, 0.54625, 0.76, 0.554], "val_loss": [1.6681956536571185, 1.7605715497334797, 1.5097647932171823, 1.8418027396996817, 1.5422040038307507, 1.3273790181676546, 1.4206233966350554, 1.0121590321759384, 0.6134076990187168, 0.8786836705605189], "val_acc": [0.33616666666666667, 0.2768333333333334, 0.3571666666666667, 0.22333333333333333, 0.32116666666666666, 0.5061666666666668, 0.377, 0.5836666666666668, 0.8140000000000001, 0.6148333333333333], "instance_queries": [0, 100, 100, 100, 100, 100, 100, 100, 100, 100]}}