{"num_epochs": 20, "scenario": "PoolBaseSamplingScenario", "strategy": "diverse_mini_batch", "batch_size": 10, "query_size": 1000, "seed_size": 1000, "model": "VggNet", "stopping_criterion": "query_number", "stopping_criterion_value": 9000, "dataset_name": "cifar10", "metric_values": {"train_loss": {"val": [2.007247689101431, 1.9419755073719551, 1.9287828868848307, 1.8155643060968982, 1.7100671773884033, 1.6031271744436688, 1.4850518188779318, 1.3353496848336526, 1.2071183176154707, 1.1412063137996529], "var": [0.00017725568459276347, 0.0011832423652325685, 0.000920188793698115, 0.0018455577187303427, 0.010977765169042027, 0.020035741562867485, 0.014180516630093124, 0.006841154049993234, 0.010406609181160641, 0.01153134427126499]}, "train_acc": {"val": [0.1936666666666667, 0.2128888888888889, 0.2195740740740741, 0.27276388888888886, 0.31322222222222224, 0.35525, 0.41090476190476194, 0.48942361111111116, 0.5482839506172839, 0.5767500000000001], "var": [0.0001154444444444444, 0.0002927098765432099, 0.00019947908093278472, 0.0007810518904320984, 0.0026881283950617274, 0.004642306327160494, 0.003379512471655329, 0.002130463782793209, 0.0022417972869989322, 0.002290410277777776]}, "val_loss": {"val": [1.9534630958769053, 1.9111346695555578, 1.8875654529995392, 1.7574964384105471, 1.6599629543092516, 1.54620070444213, 1.4727526198095746, 1.3234517551792995, 1.2095552298410073, 1.160442769181397], "var": [0.0016141593967742185, 0.0028354548015085074, 0.0010257236865817278, 0.0037379358541805427, 0.014604275258706648, 0.014945595964833216, 0.011453185864308412, 0.005358565318151928, 0.0059091203986313505, 0.008027961492309853]}, "val_acc": {"val": [0.1990111111111111, 0.2156777777777778, 0.22195555555555557, 0.2846444444444444, 0.3259, 0.37625555555555557, 0.4230777777777777, 0.4990777777777777, 0.5521666666666667, 0.5740333333333334], "var": [3.613987654320987e-05, 0.0006726050617283947, 0.00027636691358024694, 0.0011319491358024688, 0.003485227777777778, 0.003694914691358022, 0.002898796172839507, 0.001375613950617283, 0.0013793922222222225, 0.001495525555555554]}, "instance_queries": [0, 1000, 1000, 1000, 1000, 1000, 1000, 1000, 1000, 1000]}}