{"num_epochs": 20, "scenario": "PoolBaseSamplingScenario", "strategy": "entropy_sampling", "batch_size": 10, "query_size": 1000, "seed_size": 1000, "model": "VggNet", "stopping_criterion": "query_number", "stopping_criterion_value": 9000, "dataset_name": "cifar10", "metric_values": {"train_loss": {"val": [1.9993241102165646, 1.9419516861438753, 1.906553806750863, 1.7776960972944895, 1.7428319901360405, 1.578381652186314, 1.4968801154692968, 1.3221417511109677, 1.2527494238519374, 1.0752101985510025], "var": [0.0002179403077988494, 0.0003244196476400519, 0.001423226978534282, 0.0024088272289083707, 0.005804448184926602, 0.00988525270863623, 0.00689861253808598, 0.0071694806052348325, 0.008627468702240987, 0.005092733338941536]}, "train_acc": {"val": [0.1995555555555556, 0.21180555555555552, 0.22412962962962965, 0.2832083333333333, 0.2969888888888889, 0.37280555555555556, 0.4127619047619047, 0.49926388888888884, 0.5284382716049384, 0.6097555555555556], "var": [6.0024691358024886e-05, 0.00020100385802469125, 0.0004245449245541832, 0.0007489878472222225, 0.0017148598765432095, 0.0018208618827160491, 0.0019517210884353745, 0.0018569581404320984, 0.0019618813062033226, 0.000951704691358024]}, "val_loss": {"val": [1.949755673289299, 1.922564357638359, 1.869087613662084, 1.7289407755997446, 1.6887699886494214, 1.5435971757405333, 1.4611726461450258, 1.2982560813344188, 1.275070934911569, 1.128356096525987], "var": [0.0007595597784500112, 0.0009926964586071435, 0.001344347359348188, 0.002519890330432201, 0.009025725407161412, 0.01055062417896915, 0.008674173245453014, 0.0035112215171866335, 0.006383176647991873, 0.004792864108949899]}, "val_acc": {"val": [0.19880000000000003, 0.21384444444444448, 0.2234888888888889, 0.30228888888888894, 0.30626666666666663, 0.3826222222222222, 0.4240333333333334, 0.5126666666666666, 0.5227222222222222, 0.5938444444444444], "var": [4.542666666666665e-05, 0.0002491269135802469, 0.0004566098765432102, 0.0010963254320987656, 0.00259468, 0.0017107106172839508, 0.0023426144444444455, 0.0011186088888888884, 0.0015155250617283939, 0.0006208113580246906]}, "instance_queries": [0, 1000, 1000, 1000, 1000, 1000, 1000, 1000, 1000, 1000]}}