{"num_epochs": 20, "scenario": "PoolBaseSamplingScenario", "strategy": "least_confidence", "batch_size": 10, "query_size": 1000, "seed_size": 1000, "model": "VggNet", "stopping_criterion": "query_number", "stopping_criterion_value": 9000, "dataset_name": "cifar10", "metric_values": {"train_loss": {"val": [1.9974478721618654, 1.9401702952384952, 1.911407963788068, 1.7920533045132956, 1.7100324222246805, 1.5961016336524927, 1.4369102548086454, 1.3660146765907604, 1.2261657866890783, 1.1272587741919688], "var": [0.0002559022824267733, 0.0005577746106527888, 0.001954615172321107, 0.00607771802188939, 0.007601856053633982, 0.0065646972409029005, 0.0068119407919534575, 0.003203407168092656, 0.0052880864762505884, 0.0092270532628605]}, "train_acc": {"val": [0.19711111111111113, 0.21469444444444447, 0.2142777777777778, 0.2769583333333333, 0.3159888888888889, 0.3581111111111111, 0.43573809523809526, 0.47312499999999996, 0.5424506172839505, 0.5844722222222223], "var": [6.298765432098766e-05, 0.00018650385802469136, 0.000694533950617284, 0.0019045572916666662, 0.0017871532098765425, 0.002264070987654321, 0.0016437896825396816, 0.000988975694444445, 0.0010391076436518834, 0.0019508342283950622]}, "val_loss": {"val": [1.9515632272164025, 1.9208169907861286, 1.888988122185071, 1.7381738707025844, 1.6654455739061038, 1.5541952575908766, 1.4250711642735534, 1.333120258665747, 1.2311551620529757, 1.1515611454678907], "var": [0.001232863903107071, 0.004082373913846648, 0.0014172338567188152, 0.005454321819666884, 0.007344258056632011, 0.005143940894391875, 0.005468655904449015, 0.004605905790715842, 0.0033822891584325996, 0.0066968874457604645]}, "val_acc": {"val": [0.1978888888888889, 0.2177777777777778, 0.21785555555555558, 0.2902666666666667, 0.3266777777777778, 0.37076666666666663, 0.44527777777777783, 0.4894333333333334, 0.542988888888889, 0.5761222222222222], "var": [3.8387654320987675e-05, 0.0002656395061728398, 0.0007342124691358033, 0.0019094755555555557, 0.0016810539506172835, 0.0016974277777777771, 0.0015874850617283959, 0.0011298677777777774, 0.0006284065432098771, 0.0013045828395061734]}, "instance_queries": [0, 1000, 1000, 1000, 1000, 1000, 1000, 1000, 1000, 1000]}}