{"num_epochs": 20, "scenario": "PoolBaseSamplingScenario", "strategy": "margin_sampling", "batch_size": 10, "query_size": 1000, "seed_size": 1000, "model": "VggNet", "stopping_criterion": "query_number", "stopping_criterion_value": 9000, "dataset_name": "cifar10", "metric_values": {"train_loss": {"val": [2.0052007644706307, 1.9384495956699053, 1.9214014437463547, 1.8157427579164507, 1.7245179950859812, 1.5937395271879653, 1.4793734089864623, 1.377199371399151, 1.2773333200573187, 1.148504740920332], "var": [0.0002402403985877518, 0.00022527740203279566, 0.0012880507605897886, 0.0035250581278901422, 0.007478332753876277, 0.009728228127285533, 0.006066109604721535, 0.007739031661624146, 0.013774974350473928, 0.011781063405035513]}, "train_acc": {"val": [0.1941666666666667, 0.20772222222222225, 0.21346296296296297, 0.25979166666666675, 0.3037111111111111, 0.35889814814814813, 0.41254761904761905, 0.46446527777777785, 0.5174876543209876, 0.5764111111111112], "var": [0.00010236111111111088, 0.00014247839506172826, 0.00022560665294924566, 0.0012038142361111106, 0.002178574320987653, 0.0022243090706447173, 0.002228798752834467, 0.0022976437596450607, 0.003729911027282431, 0.002319374320987655]}, "val_loss": {"val": [1.9346681412988238, 1.9290023467143378, 1.8987931101984445, 1.7847522168954215, 1.6761804367105166, 1.5787046068443193, 1.4446388170421125, 1.335096148583624, 1.2722285385462972, 1.1785718974967798], "var": [0.00135136941350366, 0.001795212851820741, 0.002140753489694185, 0.004470245362578448, 0.007319402000098962, 0.010393121186393805, 0.006044830210233155, 0.007471031951299388, 0.009701995766955846, 0.003471421348327694]}, "val_acc": {"val": [0.20020000000000002, 0.20540000000000003, 0.2143222222222222, 0.2705666666666666, 0.32336666666666664, 0.3650666666666667, 0.4305333333333333, 0.4864111111111111, 0.5246555555555555, 0.5694666666666667], "var": [7.554222222222211e-05, 0.00018189777777777769, 0.0004666939506172837, 0.0012838899999999998, 0.0018255788888888885, 0.002951093333333334, 0.0020795822222222224, 0.0018526998765432084, 0.0024658658024691357, 0.0008792088888888895]}, "instance_queries": [0, 1000, 1000, 1000, 1000, 1000, 1000, 1000, 1000, 1000]}}