{"num_epochs": 20, "scenario": "PoolBaseSamplingScenario", "strategy": "random_sampling", "batch_size": 10, "query_size": 1000, "seed_size": 1000, "model": "VggNet", "stopping_criterion": "query_number", "stopping_criterion_value": 9000, "dataset_name": "cifar10", "metric_values": {"train_loss": {"val": [2.0002014957533945, 1.9527520256903435, 1.9236977322896323, 1.8157294523550407, 1.6903270709713298, 1.5660753893962613, 1.5048510975024056, 1.3603943136003283, 1.2079612482973823, 1.1449870814258853], "var": [0.0002866301552415495, 0.00032557507863976553, 0.001577489861667668, 0.002931752012050859, 0.003962507395798921, 0.010594846482401603, 0.004850329214141404, 0.009293121149341893, 0.004000727590916834, 0.012503303428602819]}, "train_acc": {"val": [0.20072222222222222, 0.21005555555555555, 0.21487037037037038, 0.26826388888888897, 0.32348888888888894, 0.37967592592592586, 0.4077857142857143, 0.47630555555555554, 0.5547037037037037, 0.5778666666666666], "var": [0.00011642283950617286, 0.0001709413580246914, 0.0003545202331961591, 0.0007418435570987651, 0.0007535832098765443, 0.0026593965192043883, 0.001275980158730158, 0.002685443094135802, 0.0008093635116598082, 0.002164322222222222]}, "val_loss": {"val": [1.9439690574540036, 1.9269688558048672, 1.8990974427726535, 1.7684021372728878, 1.6325793025957211, 1.524001684765021, 1.4616980342004036, 1.3308879111640983, 1.1984862584504818, 1.1629855451728734], "var": [0.0020538681575478076, 0.0013273224144076433, 0.00309378978868371, 0.0032998248394647575, 0.004008724223301652, 0.011370472171019469, 0.004738677902147927, 0.009141125022625301, 0.0022104358366282304, 0.0058914972482539615]}, "val_acc": {"val": [0.19597777777777778, 0.20210000000000003, 0.21318888888888893, 0.2826666666666667, 0.3408222222222223, 0.3957111111111111, 0.4275222222222222, 0.4914333333333333, 0.5555888888888889, 0.5748], "var": [6.919061728395055e-05, 0.00021372111111111106, 0.00039931765432098785, 0.0009738133333333332, 0.001051435061728395, 0.0027086054320987654, 0.0011109872839506177, 0.0022704811111111103, 0.0005911798765432096, 0.001267933333333334]}, "instance_queries": [0, 1000, 1000, 1000, 1000, 1000, 1000, 1000, 1000, 1000]}}