{"num_epochs": 20, "scenario": "PoolBaseSamplingScenario", "strategy": "entropy_sampling", "batch_size": 10, "query_size": 100, "seed_size": 100, "model": "VggNet", "stopping_criterion": "query_number", "stopping_criterion_value": 900, "dataset_name": "mnist", "metric_values": {"train_loss": [2.104413902759552, 1.7687959015369414, 1.5350403745969137, 1.4673182964324951, 1.1825417613983153, 1.301463665564855, 1.3728708675929477, 1.5343337148427962, 1.3422771215438842, 1.0294301030039787], "train_acc": [0.31999999999999995, 0.28, 0.3966666666666667, 0.3875, 0.584, 0.44666666666666666, 0.43857142857142856, 0.37625000000000003, 0.44888888888888895, 0.6359999999999999], "val_loss": [2.078093807697296, 1.8312946315606435, 1.578342644572258, 1.4117793613672256, 0.9097694427271684, 1.1568187935153644, 1.168780385653178, 1.2819062467416127, 1.5111124826471012, 0.7595872062444687], "val_acc": [0.20333333333333334, 0.21766666666666665, 0.38316666666666666, 0.38966666666666666, 0.6593333333333333, 0.5016666666666667, 0.5393333333333333, 0.5066666666666667, 0.38699999999999996, 0.7616666666666667], "instance_queries": [0, 100, 100, 100, 100, 100, 100, 100, 100, 100]}}