{"num_epochs": 20, "scenario": "PoolBaseSamplingScenario", "strategy": "entropy_sampling", "batch_size": 10, "query_size": 100, "seed_size": 100, "model": "VggNet", "stopping_criterion": "query_number", "stopping_criterion_value": 900, "dataset_name": "mnist", "metric_values": {"train_loss": [1.9185898184776307, 2.008149856328964, 1.4834954301516214, 1.67718286216259, 0.9613337677717209, 1.7338678101698557, 1.3266838363238744, 1.2048765920102595, 1.3446950210465325, 1.0384904912114143], "train_acc": [0.27999999999999997, 0.22000000000000003, 0.37000000000000005, 0.32, 0.638, 0.2883333333333333, 0.43714285714285717, 0.5025000000000001, 0.41111111111111104, 0.6209999999999999], "val_loss": [1.9844239072004954, 2.1254731597503027, 1.324839065472285, 1.6207423451542855, 0.977455080995957, 1.5880959137280781, 1.3094633981585502, 1.0019943852225939, 1.7472794676820438, 0.838677879323562], "val_acc": [0.2555, 0.19883333333333333, 0.44949999999999996, 0.30050000000000004, 0.6329999999999999, 0.3606666666666667, 0.49816666666666665, 0.6166666666666667, 0.308, 0.6851666666666666], "instance_queries": [0, 100, 100, 100, 100, 100, 100, 100, 100, 100]}}