{"num_epochs": 20, "scenario": "PoolBaseSamplingScenario", "strategy": "entropy_sampling", "batch_size": 10, "query_size": 100, "seed_size": 100, "model": "VggNet", "stopping_criterion": "query_number", "stopping_criterion_value": 900, "dataset_name": "mnist", "metric_values": {"train_loss": [1.6136494517326354, 1.7681496441364288, 1.8994982798894247, 1.9634699255228043, 1.5381220030784606, 1.1749949306249619, 1.3253477488245282, 1.5723125755786895, 1.4572371661663055, 0.9401968356966972], "train_acc": [0.29999999999999993, 0.36500000000000005, 0.29333333333333333, 0.25, 0.402, 0.5666666666666667, 0.4814285714285714, 0.41875, 0.38999999999999996, 0.657], "val_loss": [1.768344287276268, 1.8883554696043332, 2.017965089082718, 2.0086164438724516, 1.6921840401490529, 1.01333799858888, 1.1686108867327372, 1.383383028159539, 1.2309630742669107, 0.7103208063542843], "val_acc": [0.28099999999999997, 0.33349999999999996, 0.2213333333333333, 0.24550000000000002, 0.3333333333333333, 0.5733333333333334, 0.5681666666666666, 0.42899999999999994, 0.5188333333333333, 0.7426666666666667], "instance_queries": [0, 100, 100, 100, 100, 100, 100, 100, 100, 100]}}