{"num_epochs": 20, "scenario": "PoolBaseSamplingScenario", "strategy": "entropy_sampling", "batch_size": 10, "query_size": 100, "seed_size": 100, "model": "VggNet", "stopping_criterion": "query_number", "stopping_criterion_value": 900, "dataset_name": "mnist", "metric_values": {"train_loss": [2.0197242736816405, 2.0024125576019287, 2.0852798859278363, 2.05734883248806, 1.494014608860016, 1.9330466488997142, 1.1952108987740109, 1.0174970854073764, 0.9615225394566854, 1.506941130757332], "train_acc": [0.22000000000000003, 0.28, 0.2366666666666667, 0.21500000000000002, 0.35600000000000004, 0.20333333333333328, 0.5085714285714285, 0.5912499999999999, 0.5933333333333333, 0.42199999999999993], "val_loss": [2.4166275560855865, 2.0148247679074607, 2.1261994383732477, 1.9922405083974202, 1.4951730410257975, 1.7851467363039653, 1.0272825121382871, 0.9360310717423757, 0.845213314568003, 1.304160956243674], "val_acc": [0.1165, 0.20266666666666666, 0.2003333333333333, 0.213, 0.33649999999999997, 0.22100000000000003, 0.6306666666666666, 0.665, 0.6125, 0.4948333333333333], "instance_queries": [0, 100, 100, 100, 100, 100, 100, 100, 100, 100]}}