{"num_epochs": 20, "scenario": "PoolBaseSamplingScenario", "strategy": "entropy_sampling", "batch_size": 10, "query_size": 100, "seed_size": 100, "model": "VggNet", "stopping_criterion": "query_number", "stopping_criterion_value": 900, "dataset_name": "mnist", "metric_values": {"train_loss": [2.003580939769745, 1.481502190232277, 1.8061816851298014, 1.5067339837551117, 1.7628968334197999, 1.652509472767512, 1.2221989239965165, 1.1090554498136043, 1.395996242761612, 0.9782991695404053], "train_acc": [0.29000000000000004, 0.4149999999999999, 0.30333333333333334, 0.4025, 0.29, 0.29999999999999993, 0.5428571428571428, 0.5887499999999999, 0.43000000000000005, 0.593], "val_loss": [2.0466789652903876, 1.7101246950030327, 1.720248533686002, 1.2565220428506534, 1.5517935327688852, 1.6123761248588562, 0.8809421751399835, 1.0056831087917089, 1.3833210199077923, 0.7325807698443532], "val_acc": [0.21483333333333335, 0.36216666666666664, 0.282, 0.4978333333333334, 0.3298333333333333, 0.24816666666666662, 0.6936666666666668, 0.5910000000000001, 0.4579999999999999, 0.7020000000000001], "instance_queries": [0, 100, 100, 100, 100, 100, 100, 100, 100, 100]}}