{"num_epochs": 20, "scenario": "PoolBaseSamplingScenario", "strategy": "entropy_sampling", "batch_size": 10, "query_size": 100, "seed_size": 100, "model": "VggNet", "stopping_criterion": "query_number", "stopping_criterion_value": 900, "dataset_name": "mnist", "metric_values": {"train_loss": [1.627020800113678, 1.8412745773792267, 1.6253193140029907, 1.6989168852567673, 1.321458569765091, 1.3478273342053095, 1.3793568738869257, 1.4538913257420063, 1.815153517987993, 1.3953694641590118], "train_acc": [0.32, 0.30000000000000004, 0.32999999999999996, 0.2475, 0.46399999999999997, 0.4266666666666666, 0.4371428571428571, 0.39249999999999996, 0.25111111111111106, 0.343], "val_loss": [2.381584555506706, 1.9082688677310944, 1.4945734083652495, 2.194918791055679, 1.1727029407521088, 1.2540994017322857, 1.193816127081712, 1.2660505847136179, 1.952269014120102, 1.5203675802548726], "val_acc": [0.17166666666666666, 0.22950000000000004, 0.38066666666666665, 0.183, 0.5435, 0.48616666666666664, 0.5029999999999999, 0.4633333333333333, 0.2006666666666667, 0.36066666666666664], "instance_queries": [0, 100, 100, 100, 100, 100, 100, 100, 100, 100]}}