{"num_epochs": 20, "scenario": "PoolBaseSamplingScenario", "strategy": "entropy_sampling", "batch_size": 10, "query_size": 100, "seed_size": 100, "model": "VggNet", "stopping_criterion": "query_number", "stopping_criterion_value": 900, "dataset_name": "mnist", "metric_values": {"train_loss": [2.1214812278747557, 2.0320591568946837, 1.8221521536509195, 1.925923240184784, 1.5200721669197081, 1.8960541705290477, 1.2866335451602935, 1.4234022997319697, 1.2831185930305058, 0.8979177467525006], "train_acc": [0.27, 0.24000000000000005, 0.26333333333333336, 0.2625, 0.352, 0.2283333333333334, 0.4742857142857143, 0.40874999999999995, 0.4788888888888888, 0.6589999999999999], "val_loss": [2.073682051897049, 2.4348073120911917, 1.8452409841616948, 1.8659677159786225, 1.5135940619309742, 2.068957945307096, 1.1289170247813065, 1.846666313111782, 1.307861537138621, 1.0408200168361266], "val_acc": [0.20933333333333332, 0.18933333333333335, 0.23033333333333336, 0.2596666666666667, 0.31733333333333336, 0.18183333333333335, 0.5366666666666666, 0.3418333333333334, 0.424, 0.604], "instance_queries": [0, 100, 100, 100, 100, 100, 100, 100, 100, 100]}}