{"num_epochs": 20, "scenario": "PoolBaseSamplingScenario", "strategy": "entropy_sampling", "batch_size": 10, "query_size": 100, "seed_size": 100, "model": "VggNet", "stopping_criterion": "query_number", "stopping_criterion_value": 900, "dataset_name": "mnist", "metric_values": {"train_loss": [1.619894564151764, 1.9602859437465667, 1.575396478176117, 1.570460319519043, 1.6562839865684509, 1.4904562016328176, 1.3635207039969308, 1.3083414405584335, 1.5003971874713897, 1.3023254543542861], "train_acc": [0.37, 0.24000000000000005, 0.26999999999999996, 0.3175, 0.35600000000000004, 0.29000000000000004, 0.40571428571428564, 0.4699999999999999, 0.35, 0.4830000000000001], "val_loss": [3.0339721447229384, 1.944820758899053, 1.572513210773468, 1.5229727817575136, 1.5429834393660227, 1.5729132982095082, 1.197372077703476, 1.2150592310229937, 1.3853441990415256, 1.1491356688737868], "val_acc": [0.24, 0.21666666666666667, 0.362, 0.2848333333333334, 0.3835, 0.308, 0.4373333333333333, 0.4606666666666666, 0.39766666666666667, 0.537], "instance_queries": [0, 100, 100, 100, 100, 100, 100, 100, 100, 100]}}