{"num_epochs": 20, "scenario": "PoolBaseSamplingScenario", "strategy": "entropy_sampling", "batch_size": 10, "query_size": 100, "seed_size": 100, "model": "VggNet", "stopping_criterion": "query_number", "stopping_criterion_value": 900, "dataset_name": "mnist", "metric_values": {"train_loss": [2.2323391437530518, 1.7916595995426179, 2.143561295668284, 1.5046477228403092, 1.337211821079254, 1.6483685493469238, 1.2290592764105115, 1.1542233776301145, 1.5277253952291276, 0.7862989471852779], "train_acc": [0.25, 0.25999999999999995, 0.18666666666666668, 0.3475, 0.45399999999999996, 0.3416666666666667, 0.48428571428571415, 0.5349999999999999, 0.3388888888888889, 0.685], "val_loss": [2.0408825276295346, 1.8924735327561697, 3.1055772604544956, 1.5306665102640789, 1.2930735328545173, 1.5845299279689788, 1.1679419331252574, 0.968823055823644, 1.455012475748857, 0.8169197510182857], "val_acc": [0.233, 0.23550000000000001, 0.14866666666666667, 0.31583333333333335, 0.5055000000000001, 0.3378333333333333, 0.5303333333333334, 0.5858333333333333, 0.3388333333333333, 0.675], "instance_queries": [0, 100, 100, 100, 100, 100, 100, 100, 100, 100]}}