{"num_epochs": 20, "scenario": "PoolBaseSamplingScenario", "strategy": "entropy_sampling", "batch_size": 10, "query_size": 100, "seed_size": 100, "model": "VggNet", "stopping_criterion": "query_number", "stopping_criterion_value": 900, "dataset_name": "mnist", "metric_values": {"train_loss": [1.6834034085273744, 1.7142119765281678, 1.9728574315706888, 1.8179244816303253, 1.4216075873374938, 1.914732700586319, 1.4498307398387364, 1.5098515771329404, 1.5822325176662868, 1.4826057708263398], "train_acc": [0.29, 0.375, 0.23333333333333336, 0.22999999999999998, 0.39399999999999996, 0.27166666666666667, 0.3985714285714286, 0.4074999999999999, 0.36888888888888893, 0.32400000000000007], "val_loss": [1.8011682652433714, 1.986217247247696, 1.9297414427995683, 1.7679675457874935, 1.230773392220338, 1.8416162236531575, 1.2611096076170603, 1.3099936826527119, 1.3300793461998304, 1.434358400007089], "val_acc": [0.3476666666666667, 0.19866666666666669, 0.196, 0.19783333333333333, 0.4578333333333333, 0.208, 0.48550000000000004, 0.4671666666666667, 0.469, 0.37600000000000006], "instance_queries": [0, 100, 100, 100, 100, 100, 100, 100, 100, 100]}}