{"num_epochs": 20, "scenario": "PoolBaseSamplingScenario", "strategy": "entropy_sampling", "batch_size": 10, "query_size": 100, "seed_size": 100, "model": "VggNet", "stopping_criterion": "query_number", "stopping_criterion_value": 900, "dataset_name": "mnist", "metric_values": {"train_loss": [1.92138170003891, 2.005253553390503, 1.7180460731188456, 1.5887021899223328, 1.3103260898590088, 1.1086335649092993, 1.346868595480919, 1.187837941199541, 1.0830413219001558, 1.5938689804077149], "train_acc": [0.3, 0.275, 0.3499999999999999, 0.2925, 0.466, 0.545, 0.4428571428571429, 0.49749999999999994, 0.6244444444444444, 0.34099999999999997], "val_loss": [2.1706057445208233, 1.8938441580533982, 2.0703433084487917, 1.8693419390916823, 1.2137210708856583, 1.876285542945067, 1.259551176627477, 1.1315294699370861, 1.2835761095335085, 1.4578844782710076], "val_acc": [0.21200000000000002, 0.25983333333333336, 0.19, 0.17566666666666667, 0.4820000000000001, 0.4146666666666667, 0.5393333333333333, 0.5123333333333333, 0.5546666666666666, 0.49816666666666665], "instance_queries": [0, 100, 100, 100, 100, 100, 100, 100, 100, 100]}}