{"num_epochs": 20, "scenario": "PoolBaseSamplingScenario", "strategy": "entropy_sampling", "batch_size": 10, "query_size": 100, "seed_size": 100, "model": "VggNet", "stopping_criterion": "query_number", "stopping_criterion_value": 900, "dataset_name": "mnist", "metric_values": {"train_loss": [1.8715824961662293, 1.9263060331344604, 2.2698100169499713, 1.4970422744750977, 1.287605538368225, 1.3034030367930731, 1.742573538848332, 0.7195495361462235, 1.439528508981069, 1.329609569311142], "train_acc": [0.31, 0.30000000000000004, 0.16333333333333336, 0.3775, 0.434, 0.48666666666666664, 0.31142857142857144, 0.7475, 0.4044444444444445, 0.44099999999999995], "val_loss": [1.708674318989118, 2.007438933054606, 2.443274675408999, 1.3507205378015836, 1.1660277128219605, 1.4019933691124122, 1.8279703314105669, 0.5355333518795669, 1.2270455142358938, 1.1258779952923457], "val_acc": [0.301, 0.19466666666666665, 0.1625, 0.4576666666666667, 0.4716666666666667, 0.4025, 0.3143333333333333, 0.8466666666666667, 0.46516666666666673, 0.5105000000000001], "instance_queries": [0, 100, 100, 100, 100, 100, 100, 100, 100, 100]}}