{"num_epochs": 20, "scenario": "PoolBaseSamplingScenario", "strategy": "entropy_sampling", "batch_size": 10, "query_size": 100, "seed_size": 100, "model": "VggNet", "stopping_criterion": "query_number", "stopping_criterion_value": 900, "dataset_name": "mnist", "metric_values": {"train_loss": [1.8488766312599183, 1.7803930521011353, 1.6192057331403096, 1.6544530093669891, 1.795791835784912, 1.4523225466410319, 1.7389265366962978, 1.5369848854839803, 1.3519905315505134, 1.0010193184018135], "train_acc": [0.28, 0.30500000000000005, 0.39666666666666656, 0.32249999999999995, 0.28800000000000003, 0.3766666666666666, 0.23, 0.37374999999999997, 0.40555555555555556, 0.6099999999999999], "val_loss": [1.8780210320154826, 1.8445851145188015, 1.5788388358553251, 1.5813317389289538, 1.6057074943184853, 1.2917613641421, 1.5570546529690426, 1.3097655457258224, 1.1218977947036426, 0.8062564496323467], "val_acc": [0.2435, 0.30733333333333335, 0.36083333333333334, 0.3735, 0.3055, 0.4481666666666666, 0.2806666666666666, 0.4371666666666666, 0.4676666666666666, 0.6771666666666667], "instance_queries": [0, 100, 100, 100, 100, 100, 100, 100, 100, 100]}}