{"num_epochs": 20, "scenario": "PoolBaseSamplingScenario", "strategy": "entropy_sampling", "batch_size": 10, "query_size": 100, "seed_size": 100, "model": "VggNet", "stopping_criterion": "query_number", "stopping_criterion_value": 900, "dataset_name": "mnist", "metric_values": {"train_loss": [1.8696792244911193, 1.9868540942668915, 1.6850479563077292, 1.7121080487966538, 1.3513399577140808, 1.5875381370385488, 0.9211474346263068, 1.2065864302217961, 1.0116531875398425, 0.8079289446771145], "train_acc": [0.34, 0.22499999999999995, 0.31333333333333335, 0.3125, 0.434, 0.36500000000000005, 0.6485714285714286, 0.515, 0.5755555555555555, 0.7190000000000002], "val_loss": [1.9615244845549265, 2.0150547287861507, 1.586312989493211, 1.5971486846605936, 1.2380298806230228, 1.693421755830447, 0.947987264941136, 0.9907772728800773, 0.8221872805555661, 0.6072944037616252], "val_acc": [0.2633333333333333, 0.19033333333333333, 0.30433333333333334, 0.304, 0.4925, 0.3328333333333333, 0.6313333333333333, 0.6094999999999999, 0.5801666666666667, 0.7971666666666668], "instance_queries": [0, 100, 100, 100, 100, 100, 100, 100, 100, 100]}}