{"num_epochs": 20, "scenario": "PoolBaseSamplingScenario", "strategy": "entropy_sampling", "batch_size": 10, "query_size": 100, "seed_size": 100, "model": "VggNet", "stopping_criterion": "query_number", "stopping_criterion_value": 900, "dataset_name": "mnist", "metric_values": {"train_loss": [1.9195448279380798, 2.007817506790161, 1.5917417764663697, 1.8637731283903123, 1.5110261511802674, 1.5713844358921052, 1.7111732006072997, 1.2797025337815284, 1.0882504132058886, 1.0169787108898163], "train_acc": [0.19, 0.28500000000000003, 0.3633333333333333, 0.3125, 0.316, 0.31333333333333335, 0.29428571428571426, 0.5075, 0.5522222222222223, 0.594], "val_loss": [1.9848158055543899, 1.9909043981631598, 1.4425575809677442, 1.6624999358256658, 1.4011948550740878, 1.4106284354130427, 1.7629351408282916, 1.0458531774083772, 0.918175140718619, 0.7920141911506653], "val_acc": [0.19916666666666666, 0.22716666666666663, 0.4028333333333333, 0.3221666666666667, 0.359, 0.40066666666666667, 0.27266666666666667, 0.665, 0.603, 0.6506666666666666], "instance_queries": [0, 100, 100, 100, 100, 100, 100, 100, 100, 100]}}