{"num_epochs": 20, "scenario": "PoolBaseSamplingScenario", "strategy": "entropy_sampling", "batch_size": 10, "query_size": 100, "seed_size": 100, "model": "VggNet", "stopping_criterion": "query_number", "stopping_criterion_value": 900, "dataset_name": "mnist", "metric_values": {"train_loss": [2.11039559841156, 1.6459773361682892, 1.636060325304667, 1.6353031784296035, 1.6263188588619233, 1.3063972105582555, 1.5405814554010118, 1.0452175691723824, 1.1178678201304542, 0.9686889716982842], "train_acc": [0.28, 0.31500000000000006, 0.2966666666666667, 0.295, 0.374, 0.45833333333333326, 0.37142857142857144, 0.5825, 0.5644444444444445, 0.6310000000000001], "val_loss": [2.083919203877449, 1.8080579498410225, 1.8066780004898708, 1.4544105368852616, 1.3493271695574125, 1.7855859354138375, 1.274759257187446, 1.0260350668927034, 1.7970969566951196, 0.8157660040259361], "val_acc": [0.21283333333333335, 0.2613333333333333, 0.23933333333333331, 0.38399999999999995, 0.456, 0.428, 0.48383333333333334, 0.5926666666666667, 0.479, 0.6856666666666666], "instance_queries": [0, 100, 100, 100, 100, 100, 100, 100, 100, 100]}}