{"num_epochs": 20, "scenario": "PoolBaseSamplingScenario", "strategy": "entropy_sampling", "batch_size": 10, "query_size": 100, "seed_size": 100, "model": "VggNet", "stopping_criterion": "query_number", "stopping_criterion_value": 900, "dataset_name": "mnist", "metric_values": {"train_loss": [1.8805100321769714, 1.6754294216632843, 1.5818636258443197, 2.08208087682724, 1.501894532442093, 2.1700799544652303, 1.6199156633445195, 1.4836220473051072, 1.029841195874744, 0.8370717718452215], "train_acc": [0.29000000000000004, 0.30500000000000005, 0.3600000000000001, 0.215, 0.36200000000000004, 0.20500000000000002, 0.3471428571428572, 0.35750000000000004, 0.6477777777777778, 0.6979999999999998], "val_loss": [1.6793678138653438, 1.768245278398196, 1.5130076391498248, 1.9752982592582702, 1.506300448278586, 2.1625434706608453, 1.5933679833014807, 1.4205020114779472, 0.9558813419441382, 0.6676038284475605], "val_acc": [0.3418333333333333, 0.2235, 0.36283333333333334, 0.22266666666666665, 0.31866666666666665, 0.18083333333333335, 0.36583333333333334, 0.35083333333333333, 0.6533333333333333, 0.7716666666666666], "instance_queries": [0, 100, 100, 100, 100, 100, 100, 100, 100, 100]}}