{"num_epochs": 20, "scenario": "PoolBaseSamplingScenario", "strategy": "entropy_sampling", "batch_size": 10, "query_size": 100, "seed_size": 100, "model": "VggNet", "stopping_criterion": "query_number", "stopping_criterion_value": 900, "dataset_name": "mnist", "metric_values": {"train_loss": [1.940912938117981, 1.295108887553215, 1.865085764726003, 1.5228301733732224, 1.6206279587745667, 1.5471058011054992, 1.5307888141700199, 1.3877928137779236, 1.718669549624125, 0.7527077309787273], "train_acc": [0.26999999999999996, 0.4749999999999999, 0.26999999999999996, 0.33999999999999997, 0.316, 0.3266666666666666, 0.33142857142857135, 0.39999999999999997, 0.29888888888888887, 0.6859999999999999], "val_loss": [1.868421537876129, 1.3299991127848625, 1.709419657588005, 1.5053276129563649, 1.5822384210427602, 1.4979786350329718, 1.7767416634162267, 1.471330004433791, 1.5903757586081824, 0.662090680723389], "val_acc": [0.26416666666666666, 0.38716666666666666, 0.289, 0.38249999999999995, 0.3096666666666667, 0.28950000000000004, 0.2748333333333333, 0.43133333333333324, 0.3135, 0.7413333333333334], "instance_queries": [0, 100, 100, 100, 100, 100, 100, 100, 100, 100]}}