{"num_epochs": 20, "scenario": "PoolBaseSamplingScenario", "strategy": "entropy_sampling", "batch_size": 10, "query_size": 100, "seed_size": 100, "model": "VggNet", "stopping_criterion": "query_number", "stopping_criterion_value": 900, "dataset_name": "mnist", "metric_values": {"train_loss": [1.6642523407936096, 1.780349040031433, 1.288675053914388, 1.7980502128601075, 1.3628531217575073, 1.1859963198502859, 1.5188896451677596, 1.1253897860646247, 1.3538816293080649, 1.1630558651685714], "train_acc": [0.30999999999999994, 0.36000000000000004, 0.46666666666666673, 0.24, 0.474, 0.48666666666666675, 0.38285714285714284, 0.5775, 0.4177777777777778, 0.565], "val_loss": [1.8791298655668895, 1.7882280945777893, 1.218192315598329, 1.7033220495780308, 1.741939943532149, 0.9761284022033214, 1.4609823863704998, 0.898682281250755, 1.1463275470336278, 0.8612175530195236], "val_acc": [0.269, 0.327, 0.5278333333333334, 0.2763333333333334, 0.27199999999999996, 0.5403333333333333, 0.36433333333333334, 0.644, 0.4745, 0.7303333333333333], "instance_queries": [0, 100, 100, 100, 100, 100, 100, 100, 100, 100]}}