{"num_epochs": 20, "scenario": "PoolBaseSamplingScenario", "strategy": "entropy_sampling", "batch_size": 10, "query_size": 100, "seed_size": 100, "model": "VggNet", "stopping_criterion": "query_number", "stopping_criterion_value": 900, "dataset_name": "mnist", "metric_values": {"train_loss": [2.1111781120300295, 2.0436083018779754, 1.9432047088940938, 1.770678848028183, 1.463922257423401, 1.680362977584203, 1.201971003838948, 1.0963039614260197, 1.3520638737413617, 1.5034069895744324], "train_acc": [0.27, 0.24499999999999997, 0.3066666666666667, 0.28250000000000003, 0.426, 0.2816666666666667, 0.5357142857142857, 0.595, 0.45666666666666667, 0.355], "val_loss": [2.0021478674809137, 2.1192478648821513, 1.746002408862114, 1.8920009595155716, 1.4505878150463105, 1.6878416192531587, 1.1644315435489019, 0.9136026805887619, 1.4803582348426183, 1.377321664194266], "val_acc": [0.228, 0.20266666666666666, 0.24600000000000002, 0.233, 0.3459999999999999, 0.25, 0.5076666666666667, 0.6910000000000001, 0.417, 0.3948333333333333], "instance_queries": [0, 100, 100, 100, 100, 100, 100, 100, 100, 100]}}