{"num_epochs": 20, "scenario": "PoolBaseSamplingScenario", "strategy": "least_confidence", "batch_size": 10, "query_size": 1000, "seed_size": 1000, "model": "VggNet", "stopping_criterion": "query_number", "stopping_criterion_value": 9000, "dataset_name": "cifar10", "metric_values": {"train_loss": [2.0069384372234342, 1.9553118485212326, 1.9284576682249706, 1.8854181250929833, 1.525854812502861, 1.4445577720801035, 1.2636998168911253, 1.349494021013379, 1.3528259193897247, 1.185958861708641], "train_acc": [0.19400000000000003, 0.2005, 0.21533333333333332, 0.23850000000000002, 0.3946, 0.4375, 0.509, 0.48087500000000005, 0.48011111111111116, 0.5618], "val_loss": [1.9297099888324738, 1.9219433741569518, 1.9211139211654662, 1.8249886202812196, 1.555254646062851, 1.4636019253730774, 1.2506380277872085, 1.2691687705516814, 1.2664416630268096, 1.1522462565600873], "val_acc": [0.1988, 0.1978, 0.21480000000000002, 0.239, 0.38160000000000005, 0.4286, 0.5086, 0.522, 0.48700000000000004, 0.5846], "instance_queries": [0, 1000, 1000, 1000, 1000, 1000, 1000, 1000, 1000, 1000]}}