{"num_epochs": 20, "scenario": "PoolBaseSamplingScenario", "strategy": "least_confidence", "batch_size": 10, "query_size": 1000, "seed_size": 1000, "model": "VggNet", "stopping_criterion": "query_number", "stopping_criterion_value": 9000, "dataset_name": "cifar10", "metric_values": {"train_loss": [2.0287251377105715, 1.9803274536132813, 1.823657215833664, 1.6905046600103377, 1.7166571378707887, 1.6022861912846564, 1.4659306085109711, 1.2448869824409485, 1.2366696576939689, 1.0933971737325192], "train_acc": [0.20800000000000005, 0.20300000000000004, 0.28800000000000003, 0.33699999999999997, 0.31639999999999996, 0.352, 0.4232857142857142, 0.5385, 0.5416666666666666, 0.6018], "val_loss": [1.9664609386920928, 1.9236643209457398, 1.7848424406051635, 1.6500035568475724, 1.6334602279663086, 1.5712024921178818, 1.4982163466215133, 1.2261848987340926, 1.2210379563570022, 1.1420655848383903], "val_acc": [0.194, 0.20740000000000003, 0.28480000000000005, 0.3594, 0.33279999999999993, 0.37360000000000004, 0.42719999999999997, 0.5432, 0.5434, 0.598], "instance_queries": [0, 1000, 1000, 1000, 1000, 1000, 1000, 1000, 1000, 1000]}}