{"num_epochs": 20, "scenario": "PoolBaseSamplingScenario", "strategy": "least_confidence", "batch_size": 10, "query_size": 1000, "seed_size": 1000, "model": "VggNet", "stopping_criterion": "query_number", "stopping_criterion_value": 9000, "dataset_name": "cifar10", "metric_values": {"train_loss": [2.0216311848163606, 1.9566453564167023, 1.7669706277052561, 1.7952330937981607, 1.5493173427581788, 1.4259794279932976, 1.3580095005886896, 1.3288777267932892, 1.2505549904372957, 0.9769822238534689], "train_acc": [0.20500000000000004, 0.22550000000000003, 0.29800000000000004, 0.28825, 0.36979999999999996, 0.46416666666666667, 0.48014285714285715, 0.51, 0.5188888888888888, 0.6487], "val_loss": [1.9576245057582855, 1.9011295833587647, 1.6620180912017821, 1.72811305308342, 1.5778776516914368, 1.478991041660309, 1.3264386225938798, 1.2979199024438859, 1.2579564337730407, 1.055732541590929], "val_acc": [0.19119999999999998, 0.22080000000000002, 0.3332, 0.3004, 0.37639999999999996, 0.43839999999999996, 0.5072, 0.5294000000000001, 0.5323999999999999, 0.6112000000000001], "instance_queries": [0, 1000, 1000, 1000, 1000, 1000, 1000, 1000, 1000, 1000]}}