{"num_epochs": 20, "scenario": "PoolBaseSamplingScenario", "strategy": "least_confidence", "batch_size": 10, "query_size": 1000, "seed_size": 1000, "model": "VggNet", "stopping_criterion": "query_number", "stopping_criterion_value": 9000, "dataset_name": "cifar10", "metric_values": {"train_loss": [1.9776731598377228, 1.912383676171303, 1.9408734023571015, 1.8031794878840446, 1.5976918392181396, 1.6652517835299174, 1.5191810322659356, 1.4311521109193563, 1.3084841507342126, 1.0539700409770012], "train_acc": [0.188, 0.249, 0.19666666666666668, 0.285, 0.37220000000000003, 0.31299999999999994, 0.39657142857142863, 0.4225, 0.5155555555555555, 0.627], "val_loss": [1.8975671303272248, 1.8203380107879639, 1.9150813491344452, 1.745291644334793, 1.5705641305446625, 1.5789276622533799, 1.493298751950264, 1.3788755791187286, 1.3119527904987336, 1.1178428569436074], "val_acc": [0.2012, 0.25360000000000005, 0.20260000000000003, 0.29860000000000003, 0.3594000000000001, 0.35779999999999995, 0.39339999999999997, 0.449, 0.512, 0.605], "instance_queries": [0, 1000, 1000, 1000, 1000, 1000, 1000, 1000, 1000, 1000]}}