{"num_epochs": 20, "scenario": "PoolBaseSamplingScenario", "strategy": "least_confidence", "batch_size": 10, "query_size": 1000, "seed_size": 1000, "model": "VggNet", "stopping_criterion": "query_number", "stopping_criterion_value": 9000, "dataset_name": "cifar10", "metric_values": {"train_loss": [2.00636358499527, 1.9465488600730896, 1.87382430434227, 1.8872260430455208, 1.5409887437820435, 1.685492112437884, 1.3633599501848221, 1.2911758580803872, 1.2196496031019424, 1.1267617946267128], "train_acc": [0.204, 0.21, 0.21166666666666667, 0.20975000000000002, 0.38859999999999995, 0.30066666666666675, 0.45285714285714285, 0.498125, 0.5326666666666666, 0.5773999999999999], "val_loss": [1.989306319475174, 2.080020634174347, 1.89236043715477, 1.8665322496891021, 1.5388660939931869, 1.6475711953639984, 1.377687310576439, 1.278704064488411, 1.2593931528925895, 1.163526400089264], "val_acc": [0.2162, 0.1714, 0.201, 0.21919999999999998, 0.3964, 0.324, 0.4484, 0.4952, 0.5317999999999999, 0.5694], "instance_queries": [0, 1000, 1000, 1000, 1000, 1000, 1000, 1000, 1000, 1000]}}