{"num_epochs": 20, "scenario": "PoolBaseSamplingScenario", "strategy": "least_confidence", "batch_size": 10, "query_size": 1000, "seed_size": 1000, "model": "VggNet", "stopping_criterion": "query_number", "stopping_criterion_value": 9000, "dataset_name": "cifar10", "metric_values": {"train_loss": [2.01397136926651, 1.9148118484020233, 1.9419267197450003, 1.6129989710450172, 1.7361332268714904, 1.6143892386555672, 1.4901525525535857, 1.36507086917758, 1.0907313275006083, 1.0033726890683174], "train_acc": [0.18899999999999995, 0.22, 0.22300000000000003, 0.36950000000000005, 0.2896, 0.35583333333333333, 0.4084285714285714, 0.472375, 0.6032222222222223, 0.6354], "val_loss": [1.9139758219718934, 1.989019438266754, 1.8702447361946106, 1.586956074476242, 1.7141815564632417, 1.5477008405923844, 1.4470601843595505, 1.3015154205560684, 1.1204042105674743, 1.0201958258152009], "val_acc": [0.18880000000000002, 0.2228, 0.23720000000000002, 0.3848, 0.295, 0.378, 0.42460000000000003, 0.4998, 0.589, 0.6205999999999999], "instance_queries": [0, 1000, 1000, 1000, 1000, 1000, 1000, 1000, 1000, 1000]}}