{"num_epochs": 20, "scenario": "PoolBaseSamplingScenario", "strategy": "least_confidence", "batch_size": 10, "query_size": 1000, "seed_size": 1000, "model": "VggNet", "stopping_criterion": "query_number", "stopping_criterion_value": 9000, "dataset_name": "cifar10", "metric_values": {"train_loss": [2.009158819913864, 1.9172324311733246, 1.910664935509364, 1.8605529844760895, 1.655799127817154, 1.6713412727912267, 1.4343166851997375, 1.3982596710324287, 1.331686804526382, 0.976210019916296], "train_acc": [0.185, 0.22899999999999998, 0.22033333333333335, 0.21425, 0.3434, 0.29816666666666664, 0.43600000000000005, 0.460875, 0.5108888888888888, 0.6476], "val_loss": [1.9325988483428955, 1.8932796206474305, 1.915668521642685, 1.832979229927063, 1.5692686084508896, 1.6269158792495728, 1.355910966515541, 1.3575576140880585, 1.2989614858627319, 1.0302578090429306], "val_acc": [0.19319999999999998, 0.23640000000000003, 0.21480000000000002, 0.2026, 0.3826, 0.3216, 0.4764, 0.46740000000000004, 0.515, 0.6267999999999999], "instance_queries": [0, 1000, 1000, 1000, 1000, 1000, 1000, 1000, 1000, 1000]}}