{"num_epochs": 20, "scenario": "PoolBaseSamplingScenario", "strategy": "least_confidence", "batch_size": 10, "query_size": 1000, "seed_size": 1000, "model": "VggNet", "stopping_criterion": "query_number", "stopping_criterion_value": 9000, "dataset_name": "cifar10", "metric_values": {"train_loss": [1.9707105791568755, 1.8802314442396164, 1.95802747408549, 1.8480813160538674, 1.7299955525398254, 1.6058754550417265, 1.3346633633545466, 1.5199323043972255, 1.2182866144842572, 1.4094313518404962], "train_acc": [0.19200000000000003, 0.23450000000000004, 0.18433333333333332, 0.24050000000000002, 0.31039999999999995, 0.36216666666666664, 0.4941428571428571, 0.39137500000000003, 0.5418888888888889, 0.45330000000000004], "val_loss": [2.0513778054714202, 1.8022457196712494, 1.9164176452159882, 1.7835332770347596, 1.7503416875600815, 1.571184594631195, 1.390525437116623, 1.49209799349308, 1.2333213500380515, 1.4107861131429673], "val_acc": [0.18120000000000003, 0.25220000000000004, 0.176, 0.26020000000000004, 0.3222, 0.35760000000000003, 0.4614, 0.4212, 0.5428, 0.477], "instance_queries": [0, 1000, 1000, 1000, 1000, 1000, 1000, 1000, 1000, 1000]}}