{"num_epochs": 20, "scenario": "PoolBaseSamplingScenario", "strategy": "least_confidence", "batch_size": 10, "query_size": 1000, "seed_size": 1000, "model": "VggNet", "stopping_criterion": "query_number", "stopping_criterion_value": 9000, "dataset_name": "cifar10", "metric_values": {"train_loss": [2.014606543779373, 1.9078369736671448, 1.9283519387245178, 1.5983847963809967, 1.8186093428134917, 1.6918060572942097, 1.447728641629219, 1.3846034787595272, 1.2845343303018146, 1.1895505112707614], "train_acc": [0.201, 0.214, 0.20400000000000004, 0.3445, 0.2724, 0.2813333333333334, 0.4272857142857142, 0.46675, 0.5171111111111111, 0.5635999999999999], "val_loss": [1.9577025067806244, 1.8782866127490998, 1.9101979620456695, 1.5693305588960647, 1.7877245631217957, 1.6293101308345794, 1.4583593187332153, 1.3095165855884552, 1.2380426958799362, 1.2113881377577782], "val_acc": [0.20160000000000003, 0.216, 0.21480000000000002, 0.36860000000000004, 0.275, 0.303, 0.424, 0.4986, 0.5434000000000001, 0.5508], "instance_queries": [0, 1000, 1000, 1000, 1000, 1000, 1000, 1000, 1000, 1000]}}