{"num_epochs": 20, "scenario": "PoolBaseSamplingScenario", "strategy": "least_confidence", "batch_size": 10, "query_size": 1000, "seed_size": 1000, "model": "VggNet", "stopping_criterion": "query_number", "stopping_criterion_value": 9000, "dataset_name": "cifar10", "metric_values": {"train_loss": [1.9958766615390777, 1.9256734067201615, 1.9327427033583324, 1.8763281416893005, 1.6888936579227447, 1.6254894870519638, 1.476214080623218, 1.3907388573884965, 1.3180242446396087, 0.9736286976635457], "train_acc": [0.18800000000000006, 0.2115, 0.20366666666666666, 0.22475, 0.33779999999999993, 0.32, 0.4101428571428572, 0.45325000000000004, 0.5004444444444445, 0.6547999999999999], "val_loss": [2.0061074206829073, 1.9524660203456878, 1.892444635629654, 1.8274975328445435, 1.5949350650310516, 1.6064537737369537, 1.4241863305568696, 1.4192016268968581, 1.2940025618076325, 1.0692264996170997], "val_acc": [0.19419999999999998, 0.1928, 0.2232, 0.232, 0.3602, 0.332, 0.45280000000000004, 0.441, 0.5438, 0.619], "instance_queries": [0, 1000, 1000, 1000, 1000, 1000, 1000, 1000, 1000, 1000]}}