{"num_epochs": 20, "scenario": "PoolBaseSamplingScenario", "strategy": "least_confidence", "batch_size": 10, "query_size": 1000, "seed_size": 1000, "model": "VggNet", "stopping_criterion": "query_number", "stopping_criterion_value": 9000, "dataset_name": "cifar10", "metric_values": {"train_loss": [1.982919853925705, 1.9250715094804765, 1.918826242685318, 1.7837690088152884, 1.7966281039714813, 1.7723705937465033, 1.4914543941191265, 1.467686174362898, 1.200228289730019, 1.335174647808075], "train_acc": [0.2, 0.22700000000000004, 0.21633333333333335, 0.31575000000000003, 0.24819999999999998, 0.29233333333333333, 0.40957142857142864, 0.428125, 0.5588888888888889, 0.48460000000000003], "val_loss": [2.0209321660995485, 1.8655454111099243, 1.883156630039215, 1.6946762821674346, 1.7811121501922607, 1.7100653314590455, 1.4434965527057648, 1.410863884806633, 1.2140803381204606, 1.3475215857028962], "val_acc": [0.19660000000000002, 0.2204, 0.1982, 0.32739999999999997, 0.26180000000000003, 0.3062, 0.42419999999999997, 0.45500000000000007, 0.5475999999999999, 0.4959999999999999], "instance_queries": [0, 1000, 1000, 1000, 1000, 1000, 1000, 1000, 1000, 1000]}}