{"num_epochs": 20, "scenario": "PoolBaseSamplingScenario", "strategy": "least_confidence", "batch_size": 10, "query_size": 1000, "seed_size": 1000, "model": "VggNet", "stopping_criterion": "query_number", "stopping_criterion_value": 9000, "dataset_name": "cifar10", "metric_values": {"train_loss": [2.0039386451244354, 1.965306361913681, 1.9221842912832896, 1.654482858479023, 1.6510212466716767, 1.4583864037195842, 1.3495923811197281, 1.4537752798944712, 1.1393203672435548, 1.0851882570385933], "train_acc": [0.19899999999999998, 0.213, 0.19066666666666668, 0.3335, 0.35760000000000003, 0.41283333333333333, 0.4834285714285714, 0.423625, 0.589111111111111, 0.6014], "val_loss": [1.961661075592041, 1.8920286300182343, 1.8806177105903625, 1.6791529459953307, 1.5489482979774476, 1.4101649885177612, 1.3895782738924027, 1.4484493496417998, 1.1147732426524162, 1.1062867867350579], "val_acc": [0.1998, 0.227, 0.20440000000000003, 0.297, 0.389, 0.44260000000000005, 0.4726, 0.429, 0.589, 0.593], "instance_queries": [0, 1000, 1000, 1000, 1000, 1000, 1000, 1000, 1000, 1000]}}