{"num_epochs": 20, "scenario": "PoolBaseSamplingScenario", "strategy": "least_confidence", "batch_size": 10, "query_size": 1000, "seed_size": 1000, "model": "VggNet", "stopping_criterion": "query_number", "stopping_criterion_value": 9000, "dataset_name": "cifar10", "metric_values": {"train_loss": [2.016909545660019, 1.9614523875713348, 1.9343324132760367, 1.9283877471089363, 1.8512459390163423, 1.5843937573830287, 1.5710924117905753, 1.3604263192415238, 1.2386717076765166, 1.0965222206413745], "train_acc": [0.19200000000000003, 0.21100000000000002, 0.19533333333333333, 0.20950000000000002, 0.24940000000000004, 0.36899999999999994, 0.3717142857142857, 0.47275000000000006, 0.5225555555555556, 0.606], "val_loss": [1.951895342350006, 1.9127163524627686, 1.8785620467662811, 1.8316532216072083, 1.7385826441049577, 1.5595085561275481, 1.5564394943714142, 1.3771425023078918, 1.3213758088350296, 1.1478723633289336], "val_acc": [0.205, 0.211, 0.199, 0.24780000000000002, 0.29220000000000007, 0.37060000000000004, 0.3862, 0.4776, 0.5069999999999999, 0.5754000000000001], "instance_queries": [0, 1000, 1000, 1000, 1000, 1000, 1000, 1000, 1000, 1000]}}