{"num_epochs": 20, "scenario": "PoolBaseSamplingScenario", "strategy": "least_confidence", "batch_size": 10, "query_size": 1000, "seed_size": 1000, "model": "VggNet", "stopping_criterion": "query_number", "stopping_criterion_value": 9000, "dataset_name": "cifar10", "metric_values": {"train_loss": [1.9890319526195526, 1.953108726143837, 1.911448485851288, 1.7916165736317635, 1.7349041583538056, 1.752076080640157, 1.2513634462867465, 1.277051885202527, 1.2634029619561302, 1.1564149618148805], "train_acc": [0.203, 0.20950000000000002, 0.206, 0.272, 0.32139999999999996, 0.2941666666666667, 0.526, 0.496375, 0.5274444444444444, 0.5686], "val_loss": [1.8901346731185913, 1.9152233738899231, 1.8743543348312377, 1.8013291544914245, 1.7327194418907166, 1.705202213048935, 1.2855239536762237, 1.2275302792787552, 1.2112333945631981, 1.1544039377570152], "val_acc": [0.2122, 0.21180000000000002, 0.2106, 0.2654, 0.2926, 0.29779999999999995, 0.5306000000000001, 0.5307999999999999, 0.5448000000000001, 0.5572], "instance_queries": [0, 1000, 1000, 1000, 1000, 1000, 1000, 1000, 1000, 1000]}}