{"num_epochs": 20, "scenario": "PoolBaseSamplingScenario", "strategy": "least_confidence", "batch_size": 10, "query_size": 1000, "seed_size": 1000, "model": "VggNet", "stopping_criterion": "query_number", "stopping_criterion_value": 9000, "dataset_name": "cifar10", "metric_values": {"train_loss": [2.013243114948273, 1.962744483947754, 1.966048767566681, 1.8834221610426902, 1.7368703544139863, 1.619856334924698, 1.4719768867322376, 1.278268093392253, 1.088218328654766, 1.2449248797297479], "train_acc": [0.196, 0.2025, 0.18800000000000003, 0.21350000000000002, 0.3178, 0.35316666666666663, 0.435, 0.525, 0.595111111111111, 0.5203], "val_loss": [2.0047098550796507, 1.9249009099006653, 1.899829638004303, 1.8095197474956513, 1.6202101619243623, 1.5419178388118744, 1.4157465059757233, 1.2554637715816497, 1.21637772077322, 1.2400222378373147], "val_acc": [0.19319999999999998, 0.20740000000000003, 0.2084, 0.2388, 0.3366, 0.3682, 0.45859999999999995, 0.5336, 0.5508, 0.521], "instance_queries": [0, 1000, 1000, 1000, 1000, 1000, 1000, 1000, 1000, 1000]}}