{"num_epochs": 20, "scenario": "PoolBaseSamplingScenario", "strategy": "least_confidence", "batch_size": 10, "query_size": 1000, "seed_size": 1000, "model": "VggNet", "stopping_criterion": "query_number", "stopping_criterion_value": 9000, "dataset_name": "cifar10", "metric_values": {"train_loss": [1.9706295216083527, 2.083003350496292, 1.7827459605534872, 1.7569007208943368, 1.6726227734088899, 1.5694673987229666, 1.6126445928641728, 1.28280010022223, 1.0820694780018594, 1.0625701091289521], "train_acc": [0.213, 0.18100000000000002, 0.2783333333333333, 0.3005, 0.32280000000000003, 0.36616666666666664, 0.346, 0.527, 0.6048888888888888, 0.618], "val_loss": [1.9187018134593963, 2.057037669420242, 1.8192888309955597, 1.6748184032440185, 1.5868611524105072, 1.5357576863765716, 1.5499446407556534, 1.2176498981118202, 1.117892719089985, 1.0865213575065136], "val_acc": [0.1974, 0.2014, 0.28520000000000006, 0.3286, 0.3338, 0.392, 0.3592, 0.553, 0.5979999999999999, 0.6075999999999999], "instance_queries": [0, 1000, 1000, 1000, 1000, 1000, 1000, 1000, 1000, 1000]}}