{"num_epochs": 20, "scenario": "PoolBaseSamplingScenario", "strategy": "least_confidence", "batch_size": 10, "query_size": 1000, "seed_size": 1000, "model": "VggNet", "stopping_criterion": "query_number", "stopping_criterion_value": 9000, "dataset_name": "cifar10", "metric_values": {"train_loss": [1.9834042298793793, 1.9458487248420715, 1.9195613145828248, 1.7928458055853844, 1.739506702184677, 1.533956818083922, 1.5532112947532108, 1.3965841794013978, 1.129141634338432, 1.232208561003208], "train_acc": [0.18700000000000003, 0.191, 0.20266666666666666, 0.30200000000000005, 0.309, 0.3885, 0.3724285714285715, 0.45849999999999996, 0.5890000000000001, 0.5386], "val_loss": [1.9380234868526458, 1.8778394734859467, 1.9843312180042267, 1.6688865685462952, 1.7179064450263977, 1.4881398944854736, 1.5114738676548005, 1.3562419370412826, 1.2327230954766273, 1.2546855798959733], "val_acc": [0.19440000000000002, 0.22240000000000004, 0.17460000000000003, 0.32339999999999997, 0.3102, 0.3832, 0.40140000000000003, 0.474, 0.5672, 0.5392], "instance_queries": [0, 1000, 1000, 1000, 1000, 1000, 1000, 1000, 1000, 1000]}}