{"num_epochs": 20, "scenario": "PoolBaseSamplingScenario", "strategy": "least_confidence", "batch_size": 10, "query_size": 1000, "seed_size": 1000, "model": "VggNet", "stopping_criterion": "query_number", "stopping_criterion_value": 9000, "dataset_name": "cifar10", "metric_values": {"train_loss": [1.9519372534751893, 1.9544679886102676, 1.9245300702253978, 1.7291213577985765, 1.8560592529773712, 1.46943915138642, 1.3566994158710752, 1.3589982622861863, 1.3148101582129796, 1.240242831468582], "train_acc": [0.22299999999999998, 0.2025, 0.21466666666666667, 0.319, 0.23139999999999997, 0.455, 0.4834285714285715, 0.485375, 0.49699999999999994, 0.5418], "val_loss": [1.89630228471756, 2.101714367866516, 1.8812960193157195, 1.6480459849834441, 1.779290699005127, 1.4107710587978364, 1.3014841741919518, 1.4419670299291611, 1.3451456835269928, 1.26989315533638], "val_acc": [0.21080000000000002, 0.21600000000000003, 0.22319999999999998, 0.332, 0.25720000000000004, 0.4746, 0.517, 0.461, 0.5002, 0.5247999999999999], "instance_queries": [0, 1000, 1000, 1000, 1000, 1000, 1000, 1000, 1000, 1000]}}