{"num_epochs": 20, "scenario": "PoolBaseSamplingScenario", "strategy": "least_confidence", "batch_size": 10, "query_size": 1000, "seed_size": 1000, "model": "VggNet", "stopping_criterion": "query_number", "stopping_criterion_value": 9000, "dataset_name": "cifar10", "metric_values": {"train_loss": [1.9861826610565185, 1.8910513305664063, 1.9704075980186462, 1.8292887768149375, 1.8476610910892486, 1.5618778599301975, 1.3965855261257716, 1.4160095128417014, 1.2271551245450973, 1.1518060238957406], "train_acc": [0.18200000000000002, 0.256, 0.19233333333333336, 0.263, 0.23820000000000002, 0.375, 0.455, 0.439375, 0.552, 0.5652999999999999], "val_loss": [1.9350996136665344, 1.849959132194519, 1.9586425282955169, 1.7643565130233765, 1.8321424746513366, 1.5397113537788392, 1.4730576202869414, 1.3328081473112106, 1.1416867616176605, 1.088671620965004], "val_acc": [0.193, 0.2612, 0.1988, 0.278, 0.23539999999999997, 0.3916, 0.4458000000000001, 0.494, 0.5782, 0.5873999999999999], "instance_queries": [0, 1000, 1000, 1000, 1000, 1000, 1000, 1000, 1000, 1000]}}