{"num_epochs": 20, "scenario": "PoolBaseSamplingScenario", "strategy": "least_confidence", "batch_size": 10, "query_size": 1000, "seed_size": 1000, "model": "VggNet", "stopping_criterion": "query_number", "stopping_criterion_value": 9000, "dataset_name": "cifar10", "metric_values": {"train_loss": [1.990871833562851, 1.9472419464588164, 1.887139439980189, 1.775989395081997, 1.7160372593402862, 1.5738862307866415, 1.5205160442420413, 1.3572917786240577, 1.2114138646258248, 1.0794021277725696], "train_acc": [0.20400000000000001, 0.21100000000000002, 0.21, 0.28350000000000003, 0.32280000000000003, 0.4005, 0.39485714285714285, 0.495375, 0.5506666666666666, 0.6125999999999999], "val_loss": [1.9497589712142944, 1.9193072662353516, 1.9076668117046356, 1.7353278622627257, 1.7187812008857728, 1.4726464993953705, 1.5092920987606049, 1.307053291618824, 1.2039087777733803, 1.0899359069168568], "val_acc": [0.19660000000000002, 0.20280000000000004, 0.22440000000000002, 0.309, 0.3216, 0.40479999999999994, 0.3852, 0.5092, 0.5354, 0.61], "instance_queries": [0, 1000, 1000, 1000, 1000, 1000, 1000, 1000, 1000, 1000]}}