{"num_epochs": 20, "scenario": "PoolBaseSamplingScenario", "strategy": "diverse_mini_batch", "batch_size": 10, "query_size": 1000, "seed_size": 1000, "model": "LeNet", "stopping_criterion": "query_number", "stopping_criterion_value": 9000, "dataset_name": "cifar10", "metric_values": {"train_loss": {"val": [0.2644776512682438, 0.22353430541749628, 0.2084577174584761, 0.22389386839181602, 0.2515671460866514, 0.2815920097633541, 0.3057755099176356, 0.33183048328397696, 0.3593101011936403, 0.37971100541131775], "var": [0.0006210579140851582, 0.001393342635744447, 0.0008498162700131532, 0.0005531016468263794, 0.0004772446777597069, 0.0003116416958181596, 0.00021286201500137067, 0.0001867824566777616, 0.00020541348612109704, 0.0001796588601012442]}, "train_acc": {"val": [0.9568333333333334, 0.9555833333333335, 0.9517222222222222, 0.9416527777777779, 0.9274444444444444, 0.9139166666666667, 0.9044285714285716, 0.89275, 0.8809753086419754, 0.8724500000000002], "var": [5.802777777777795e-05, 0.00019036805555555503, 9.921296296296284e-05, 8.9744020061728e-05, 9.120691358024666e-05, 4.750077160493811e-05, 3.3317460317460276e-05, 3.001562499999998e-05, 3.177991159884149e-05, 2.7205833333333435e-05]}, "val_loss": {"val": [2.5142865268058245, 2.5021317073272336, 2.581962809042798, 2.6094909729676115, 2.6030662935309943, 2.531204289153218, 2.484515501562092, 2.4199739194446144, 2.3859646340525815, 2.338085125885076], "var": [0.0006477565402263065, 0.0030133102447964973, 0.004380784714265836, 0.004986102914078968, 0.005308171612595528, 0.0017018021401483982, 0.0009176705316561642, 0.0022295028141313274, 0.002786825720950419, 0.001210335763513321]}, "val_acc": {"val": [0.32714444444444446, 0.36816666666666664, 0.3833444444444445, 0.39984444444444445, 0.40838888888888886, 0.41985555555555554, 0.4266666666666667, 0.4354111111111111, 0.4365111111111111, 0.44326666666666664], "var": [1.5323580246913657e-05, 3.2476666666666626e-05, 2.98258024691357e-05, 2.9744691358024722e-05, 4.1544320987654304e-05, 4.8501358024691195e-05, 2.211111111111108e-05, 4.8295432098765444e-05, 4.468987654320982e-05, 3.47422222222222e-05]}, "instance_queries": [0, 1000, 1000, 1000, 1000, 1000, 1000, 1000, 1000, 1000]}}