{"num_epochs": 20, "scenario": "PoolBaseSamplingScenario", "strategy": "diverse_mini_batch", "batch_size": 10, "query_size": 100, "seed_size": 100, "model": "LeNet", "stopping_criterion": "query_number", "stopping_criterion_value": 900, "dataset_name": "mnist", "metric_values": {"train_loss": {"val": [0.05006470779577891, 0.020582252244154612, 0.012569870080591905, 0.009025979847259199, 0.0070663195848464965, 0.0056757785434860515, 0.004995724542476681, 0.004212578390676451, 0.003599713532323087, 0.0030795699623801433], "var": [1.2033120057860462e-06, 9.010512698697443e-06, 4.844851540114921e-07, 1.0357973045716054e-06, 7.235516630849404e-08, 1.012364958433747e-07, 1.5445446015160715e-08, 1.328496956956341e-09, 1.3018704473344201e-08, 7.123262767615225e-09]}, "train_acc": {"val": [1.0, 1.0, 1.0, 1.0, 1.0, 1.0, 1.0, 1.0, 1.0, 1.0], "var": [0.0, 0.0, 0.0, 0.0, 0.0, 0.0, 0.0, 0.0, 0.0, 0.0]}, "val_loss": {"val": [0.8780495276633236, 0.6490697844975836, 0.5076561871634072, 0.45040591096091603, 0.4211987676250282, 0.383767616763006, 0.3711235694959436, 0.3519790602433042, 0.3404143347311765, 0.31944999080350195], "var": [0.00014820638754658796, 0.00012707427773478954, 0.0005506486077319592, 0.00025709415095372324, 0.00016049132081819703, 8.020388568721262e-06, 2.21261587206494e-05, 3.57371604649507e-05, 4.432843226607562e-06, 1.8837817542729288e-05]}, "val_acc": {"val": [0.73, 0.8256111111111112, 0.8577222222222223, 0.8795000000000002, 0.8891666666666668, 0.8997222222222222, 0.9037222222222224, 0.9098333333333334, 0.9143333333333333, 0.9189444444444445], "var": [6.685185185185119e-06, 8.469135802469459e-06, 2.3302469135801426e-05, 1.4129629629628972e-05, 1.8018518518518828e-05, 1.7283950617283433e-07, 7.654320987653211e-07, 1.1296296296297264e-06, 2.7407407407407543e-06, 6.172839506179704e-09]}, "instance_queries": [0, 100, 100, 100, 100, 100, 100, 100, 100, 100]}}