{"num_epochs": 20, "scenario": "PoolBaseSamplingScenario", "strategy": "entropy_sampling", "batch_size": 10, "query_size": 1000, "seed_size": 1000, "model": "LeNet", "stopping_criterion": "query_number", "stopping_criterion_value": 9000, "dataset_name": "cifar10", "metric_values": {"train_loss": {"val": [0.25682176180183885, 0.21043201202884892, 0.20049139103541774, 0.22463419759108755, 0.25402017815554373, 0.2704698571556797, 0.2979774141962548, 0.3217083356596637, 0.35190238022476306, 0.379446425129158], "var": [0.0009293861445504963, 0.0015825630618580952, 0.0006449044658106361, 0.0006728799448532643, 0.00037534924636831824, 0.0003034778411342086, 0.0004985783092785555, 0.0003927505409545276, 0.000181736323133179, 0.0002858394632350829]}, "train_acc": {"val": [0.9595384615384616, 0.9575769230769231, 0.9552307692307693, 0.9413076923076924, 0.9271384615384617, 0.9183846153846154, 0.9064945054945055, 0.8967019230769231, 0.8841794871794874, 0.8728769230769231], "var": [0.00010055621301775165, 0.00019657100591715935, 7.540828402366892e-05, 0.00010647263313609472, 4.4931597633136413e-05, 5.157001972386556e-05, 6.412438111339177e-05, 4.307100591716017e-05, 2.7416027467309676e-05, 4.595562130177481e-05]}, "val_loss": {"val": [2.5009087791259472, 2.5131741503843896, 2.5947647788111983, 2.6214374073377025, 2.58834389344087, 2.5728093587481067, 2.536852687899883, 2.4517971181456857, 2.404884258364256, 2.34229418025567], "var": [0.0007885272815537081, 0.002982482303098946, 0.0028905311774410896, 0.0020401745512594427, 0.003223392144532224, 0.005052067228065898, 0.0016745354029244972, 0.002514171708836644, 0.0007387179722721545, 0.0019120273130875175]}, "val_acc": {"val": [0.3296307692307692, 0.36998461538461547, 0.3895076923076924, 0.39972307692307685, 0.41139999999999993, 0.42004615384615385, 0.42533846153846155, 0.4347846153846154, 0.4378615384615384, 0.44412307692307695], "var": [3.0257514792899334e-05, 2.2913609467455696e-05, 2.5868402366863946e-05, 2.9984852071005868e-05, 6.615384615384603e-06, 5.688710059171613e-05, 5.867313609467445e-05, 2.52151479289942e-05, 3.27346745562128e-05, 7.467928994082869e-06]}, "instance_queries": [0, 1000, 1000, 1000, 1000, 1000, 1000, 1000, 1000, 1000]}}