{"num_epochs": 20, "scenario": "PoolBaseSamplingScenario", "strategy": "least_confidence", "batch_size": 10, "query_size": 1000, "seed_size": 1000, "model": "LeNet", "stopping_criterion": "query_number", "stopping_criterion_value": 9000, "dataset_name": "cifar10", "metric_values": {"train_loss": {"val": [0.2523026661761105, 0.21799560363404452, 0.20511064798804002, 0.21610647785913895, 0.2410927553663496, 0.26098940524932307, 0.2944878241832235, 0.32406805032427655, 0.3426750096570079, 0.36843212938413483], "var": [0.0008078672719010292, 0.000493862423966335, 0.0008631681253044619, 0.0005825417308281484, 0.0003250217664834713, 0.00048600891074204673, 0.00027545444920441505, 0.00032979502612228003, 0.0002883836052947126, 0.0003287792440328645]}, "train_acc": {"val": [0.9613750000000002, 0.9586250000000001, 0.9539166666666667, 0.9451875000000001, 0.9319500000000001, 0.9204583333333334, 0.9076785714285716, 0.8935781250000001, 0.8877916666666668, 0.8771500000000001], "var": [5.698437499999952e-05, 4.598437500000003e-05, 9.777083333333271e-05, 7.644921874999942e-05, 3.812750000000021e-05, 6.405381944444522e-05, 6.900892857142829e-05, 6.103100585937461e-05, 3.813715277777806e-05, 5.607750000000009e-05]}, "val_loss": {"val": [2.4951602793708445, 2.4915046810060737, 2.5818992741480473, 2.6077441055849198, 2.6171621568500996, 2.575636090397835, 2.507223232332617, 2.4546876121163366, 2.4066794169843195, 2.3606166967973112], "var": [0.0004978921656838397, 0.002055432083243507, 0.0018939815932146617, 0.0045788426245324775, 0.0052824904194293965, 0.0020063532814828733, 0.0024465200211987344, 0.00226653612934312, 0.0010131004842558785, 0.0007623603257908102]}, "val_acc": {"val": [0.33367500000000005, 0.37244999999999995, 0.38449999999999995, 0.40045, 0.41015, 0.42055, 0.427425, 0.43667500000000004, 0.438375, 0.4427], "var": [1.6869375000000132e-05, 1.5027499999999923e-05, 1.9100000000000342e-06, 1.0977500000000023e-05, 3.698749999999988e-05, 2.2797499999999925e-05, 3.4514374999999954e-05, 5.601937500000007e-05, 1.9094375000000003e-05, 2.3659999999999973e-05]}, "instance_queries": [0, 1000, 1000, 1000, 1000, 1000, 1000, 1000, 1000, 1000]}}