{"num_epochs": 20, "scenario": "PoolBaseSamplingScenario", "strategy": "margin_sampling", "batch_size": 10, "query_size": 1000, "seed_size": 1000, "model": "LeNet", "stopping_criterion": "query_number", "stopping_criterion_value": 9000, "dataset_name": "cifar10", "metric_values": {"train_loss": {"val": [0.2519084969162941, 0.21271331894521914, 0.1965303551902374, 0.21523910723937056, 0.24336655093957152, 0.2670026793843135, 0.2959022069530236, 0.3242075994792524, 0.34310271078795423, 0.3681402016571309], "var": [0.0007221339227937192, 0.0006134804000041895, 0.0005435729052393157, 0.00031926178321597265, 0.00034470673571584834, 0.0005003607551588648, 0.00021689372023624482, 0.00024998805718711657, 0.00019813087196749599, 0.00011494925337459091]}, "train_acc": {"val": [0.9607777777777778, 0.9620833333333333, 0.9572407407407408, 0.9440277777777778, 0.930188888888889, 0.9199722222222222, 0.9068492063492063, 0.8957222222222223, 0.8874691358024692, 0.8779833333333333], "var": [5.495061728395045e-05, 7.020138888888883e-05, 7.003463648833986e-05, 5.000617283950583e-05, 5.731765432098759e-05, 7.077854938271566e-05, 3.552714789619543e-05, 3.398533950617283e-05, 2.6452065233958402e-05, 2.3179166666666473e-05]}, "val_loss": {"val": [2.501618602355321, 2.467096018461717, 2.5707906745374203, 2.625876188198726, 2.595259109952384, 2.549176131265031, 2.493345741692517, 2.4484807121372887, 2.402245646441976, 2.363985106196668], "var": [0.0013491760268034266, 0.0023259901219192473, 0.00262201503537639, 0.0034338070695481746, 0.003593225312665026, 0.005711481859470608, 0.003182205576747186, 0.003941339631146899, 0.0034973973882794227, 0.0010990566901910473]}, "val_acc": {"val": [0.33107777777777775, 0.3720333333333332, 0.3901, 0.40042222222222223, 0.4100111111111111, 0.4210888888888889, 0.4292333333333333, 0.4364666666666666, 0.43976666666666664, 0.44488888888888883], "var": [2.0085061728395058e-05, 5.105444444444439e-05, 4.57744444444442e-05, 3.2510617283950834e-05, 4.865543209876549e-05, 3.797876543209869e-05, 4.2921111111111005e-05, 2.2928888888888796e-05, 5.38899999999999e-05, 3.773432098765433e-05]}, "instance_queries": [0, 1000, 1000, 1000, 1000, 1000, 1000, 1000, 1000, 1000]}}