{"num_epochs": 20, "scenario": "PoolBaseSamplingScenario", "strategy": "random_sampling", "batch_size": 10, "query_size": 1000, "seed_size": 1000, "model": "LeNet", "stopping_criterion": "query_number", "stopping_criterion_value": 9000, "dataset_name": "cifar10", "metric_values": {"train_loss": {"val": [0.27148023751874767, 0.22556489394098106, 0.2033101809128291, 0.22701808253471326, 0.25406671276471265, 0.2809754537491783, 0.3063136934279095, 0.328273170380465, 0.3508808094407374, 0.3855188309776907], "var": [0.0009087235906278551, 0.001160287847309055, 0.0006873473977557807, 0.00048138050353886935, 0.0005365996921718307, 0.000652609749686647, 0.0009479906178713664, 0.0005389300001027755, 0.00044992243143527, 0.0006803768324049048]}, "train_acc": {"val": [0.9557777777777778, 0.9549722222222223, 0.954851851851852, 0.9404722222222222, 0.9265666666666666, 0.9141574074074074, 0.9029523809523811, 0.8935000000000001, 0.8840802469135803, 0.8703444444444446], "var": [7.528395061728361e-05, 0.00011031867283950626, 9.56817558299045e-05, 6.963811728395054e-05, 9.66411111111107e-05, 8.316812414266186e-05, 0.0001363854875283439, 7.697222222222266e-05, 4.291057003505509e-05, 9.805024691358021e-05]}, "val_loss": {"val": [2.495708726141187, 2.4801154256032576, 2.5919412555992603, 2.6058687594599195, 2.6254544293499658, 2.5544665101286435, 2.4953431557036105, 2.448410745496551, 2.396217936861846, 2.338274003808697], "var": [0.0012129514801065217, 0.0021783963483253998, 0.002627267225863116, 0.0026530930845270664, 0.0024485585717035838, 0.005987015154572264, 0.0038899777174764907, 0.003073016067652235, 0.005337486967344928, 0.0033102197638534784]}, "val_acc": {"val": [0.3279444444444445, 0.37193333333333334, 0.38668888888888886, 0.4013333333333333, 0.4064888888888889, 0.4197111111111111, 0.4278, 0.43443333333333334, 0.4392222222222222, 0.4449222222222222], "var": [1.9501358024691388e-05, 3.0422222222222328e-05, 3.401876543209878e-05, 4.4026666666666744e-05, 4.9089876543210015e-05, 4.483654320987659e-05, 2.7164444444444487e-05, 3.6236666666666583e-05, 4.969728395061735e-05, 3.2191728395061644e-05]}, "instance_queries": [0, 1000, 1000, 1000, 1000, 1000, 1000, 1000, 1000, 1000]}}