{"num_epochs": 20, "scenario": "PoolBaseSamplingScenario", "strategy": "entropy_sampling", "batch_size": 10, "query_size": 100, "seed_size": 100, "model": "LeNet", "stopping_criterion": "query_number", "stopping_criterion_value": 900, "dataset_name": "cifar10", "metric_values": {"train_loss": [0.3449835330247879, 0.30615467503666877, 0.48797652622063953, 0.5285873867571353, 0.47606481224298475, 0.4906225559612115, 0.424018814095429, 0.42187102902680634, 0.40293185396326914, 0.3923063349723816], "train_acc": [0.96, 0.97, 0.9066666666666664, 0.8825000000000001, 0.8959999999999999, 0.8816666666666667, 0.9114285714285713, 0.9087500000000001, 0.9111111111111113, 0.9130000000000003], "val_loss": [2.8592843565940855, 2.8799162819385526, 2.550541434288025, 2.455421905517578, 2.399367925286293, 2.358844519495964, 2.322134895682335, 2.348341276884079, 2.389533719062805, 2.3896440308094027], "val_acc": [0.22460000000000002, 0.242, 0.2714, 0.282, 0.299, 0.31220000000000003, 0.3338, 0.332, 0.3266, 0.3314], "instance_queries": [0, 100, 100, 100, 100, 100, 100, 100, 100, 100]}}