{"num_epochs": 20, "scenario": "PoolBaseSamplingScenario", "strategy": "entropy_sampling", "batch_size": 10, "query_size": 100, "seed_size": 100, "model": "LeNet", "stopping_criterion": "query_number", "stopping_criterion_value": 900, "dataset_name": "cifar10", "metric_values": {"train_loss": [0.31186340004205704, 0.41881212443113325, 0.4325632865230242, 0.39699013717472553, 0.4400587984919548, 0.46833995059132577, 0.43940378108194894, 0.43475339766591786, 0.4615621558494038, 0.41203305080533026], "train_acc": [0.9800000000000001, 0.9299999999999999, 0.9033333333333332, 0.9275, 0.9059999999999999, 0.8983333333333332, 0.9057142857142858, 0.9037500000000002, 0.9033333333333337, 0.89], "val_loss": [2.7616039929389955, 2.46187355697155, 2.5138514714241027, 2.495304007768631, 2.4251270002126692, 2.3772855126857757, 2.4980866389274596, 2.4167752001285554, 2.3366158378124235, 2.3660019723176955], "val_acc": [0.22960000000000003, 0.28120000000000006, 0.276, 0.31160000000000004, 0.29179999999999995, 0.3028, 0.30760000000000004, 0.3162, 0.323, 0.3356], "instance_queries": [0, 100, 100, 100, 100, 100, 100, 100, 100, 100]}}