{"num_epochs": 20, "scenario": "PoolBaseSamplingScenario", "strategy": "entropy_sampling", "batch_size": 10, "query_size": 100, "seed_size": 100, "model": "LeNet", "stopping_criterion": "query_number", "stopping_criterion_value": 900, "dataset_name": "cifar10", "metric_values": {"train_loss": [0.36111343950033187, 0.3315956942737103, 0.3355985219279925, 0.4645182866603136, 0.4511057740449905, 0.5803719306985538, 0.5070283630064556, 0.539690719358623, 0.5258002297745811, 0.5010387383401393], "train_acc": [0.96, 0.9599999999999997, 0.9566666666666666, 0.9149999999999998, 0.9079999999999999, 0.8516666666666666, 0.8871428571428571, 0.85125, 0.8677777777777779, 0.877], "val_loss": [2.7685657887458803, 2.7658691083192823, 2.7302108240127563, 2.6860614078044893, 2.5095580104589463, 2.429983683824539, 2.330731880426407, 2.3294411973953246, 2.2391173701286315, 2.2608440873622895], "val_acc": [0.2416, 0.24480000000000002, 0.27519999999999994, 0.2816, 0.2928, 0.2922, 0.32239999999999996, 0.3262, 0.3352, 0.3358], "instance_queries": [0, 100, 100, 100, 100, 100, 100, 100, 100, 100]}}