{"num_epochs": 20, "scenario": "PoolBaseSamplingScenario", "strategy": "entropy_sampling", "batch_size": 10, "query_size": 100, "seed_size": 100, "model": "LeNet", "stopping_criterion": "query_number", "stopping_criterion_value": 900, "dataset_name": "cifar10", "metric_values": {"train_loss": [0.2902121990919113, 0.2553122527897358, 0.2441294088959694, 0.2993025124073029, 0.3882830277085304, 0.3293999339143435, 0.2974593030554908, 0.2708794531412423, 0.2496951349079609, 0.23056716807186603], "train_acc": [0.9700000000000001, 0.975, 0.9733333333333332, 0.9550000000000001, 0.938, 0.9450000000000001, 0.9571428571428572, 0.97, 0.9644444444444445, 0.9690000000000001], "val_loss": [2.8421846251487732, 2.6271977396011352, 2.6850796699523927, 2.6530254645347595, 2.5064652163982393, 2.455875163078308, 2.4539640015363693, 2.459526047587395, 2.4553152174949644, 2.465957701563835], "val_acc": [0.2212, 0.27559999999999996, 0.2776, 0.2876, 0.29579999999999995, 0.311, 0.3354, 0.3256, 0.3424, 0.34859999999999997], "instance_queries": [0, 100, 100, 100, 100, 100, 100, 100, 100, 100]}}