{"num_epochs": 20, "scenario": "PoolBaseSamplingScenario", "strategy": "entropy_sampling", "batch_size": 10, "query_size": 100, "seed_size": 100, "model": "LeNet", "stopping_criterion": "query_number", "stopping_criterion_value": 900, "dataset_name": "cifar10", "metric_values": {"train_loss": [0.33109314292669295, 0.31028237342834475, 0.38824340105056765, 0.5194195412099362, 0.5553670895099639, 0.5484410872062048, 0.5126130649021694, 0.5824837576597929, 0.4913992785745197, 0.4228652618825436], "train_acc": [0.9700000000000001, 0.9499999999999998, 0.9366666666666668, 0.8625, 0.8580000000000001, 0.8583333333333333, 0.8757142857142857, 0.8550000000000001, 0.877777777777778, 0.9100000000000001], "val_loss": [2.859348418712616, 3.018816486120224, 2.7175709538459776, 2.651339534521103, 2.5013206419944765, 2.3904963426589965, 2.4786261100769043, 2.401855016827583, 2.37396253490448, 2.4521135013103486], "val_acc": [0.2222, 0.23220000000000002, 0.27079999999999993, 0.26739999999999997, 0.289, 0.32, 0.3188, 0.32239999999999996, 0.336, 0.3356], "instance_queries": [0, 100, 100, 100, 100, 100, 100, 100, 100, 100]}}