{"num_epochs": 20, "scenario": "PoolBaseSamplingScenario", "strategy": "entropy_sampling", "batch_size": 10, "query_size": 100, "seed_size": 100, "model": "LeNet", "stopping_criterion": "query_number", "stopping_criterion_value": 900, "dataset_name": "cifar10", "metric_values": {"train_loss": [0.2879157900810242, 0.4005050651729107, 0.40124012927214303, 0.5054971370846033, 0.4943582782149315, 0.5241922395924727, 0.4737102678843907, 0.49409571588039397, 0.46169997536473806, 0.4613715119659901], "train_acc": [0.9700000000000001, 0.925, 0.9166666666666665, 0.8899999999999999, 0.902, 0.8900000000000001, 0.8971428571428572, 0.8912500000000001, 0.898888888888889, 0.8920000000000001], "val_loss": [2.8840936884880066, 2.6001671979427337, 2.540114780664444, 2.4863295176029205, 2.478526147842407, 2.485051745176315, 2.449971267461777, 2.452415989637375, 2.3905696609020235, 2.3725741797685624], "val_acc": [0.228, 0.2466, 0.2674, 0.2766, 0.2962, 0.291, 0.3118, 0.3044, 0.31880000000000003, 0.325], "instance_queries": [0, 100, 100, 100, 100, 100, 100, 100, 100, 100]}}