{"num_epochs": 20, "scenario": "PoolBaseSamplingScenario", "strategy": "entropy_sampling", "batch_size": 10, "query_size": 100, "seed_size": 100, "model": "LeNet", "stopping_criterion": "query_number", "stopping_criterion_value": 900, "dataset_name": "cifar10", "metric_values": {"train_loss": [0.2987740829586983, 0.24127194955945014, 0.25170593361059823, 0.31920246966183186, 0.4866824796795845, 0.4288073492546876, 0.46859893947839737, 0.45458184387534856, 0.40910319470696976, 0.3543010600656271], "train_acc": [0.96, 0.9949999999999999, 0.9666666666666666, 0.95, 0.858, 0.9016666666666666, 0.8842857142857142, 0.87625, 0.9077777777777778, 0.9270000000000002], "val_loss": [2.938034195423126, 2.8179419839382174, 2.704988716363907, 2.672527519464493, 2.397800460219383, 2.482899709224701, 2.41167677795887, 2.4533525476455686, 2.363685963153839, 2.458355942249298], "val_acc": [0.22660000000000002, 0.2516, 0.2742, 0.28420000000000006, 0.318, 0.31739999999999996, 0.3206, 0.32080000000000003, 0.3364, 0.3224], "instance_queries": [0, 100, 100, 100, 100, 100, 100, 100, 100, 100]}}