{"num_epochs": 20, "scenario": "PoolBaseSamplingScenario", "strategy": "entropy_sampling", "batch_size": 10, "query_size": 100, "seed_size": 100, "model": "LeNet", "stopping_criterion": "query_number", "stopping_criterion_value": 900, "dataset_name": "cifar10", "metric_values": {"train_loss": [0.3104644060134888, 0.365145618468523, 0.4720039203763008, 0.4782229349017143, 0.40291485577821734, 0.43936761741836866, 0.36536798647471835, 0.3438911475241184, 0.36983557095130287, 0.3894312062859535], "train_acc": [0.9800000000000001, 0.9400000000000001, 0.8966666666666666, 0.8925000000000001, 0.9179999999999999, 0.9116666666666666, 0.927142857142857, 0.9325000000000001, 0.9222222222222224, 0.9060000000000001], "val_loss": [2.8408233420848847, 2.6144754353761672, 2.5862514367103575, 2.430987645149231, 2.414615467429161, 2.3757725946903228, 2.3806913763284685, 2.435604575037956, 2.3514135826826097, 2.3426006672382353], "val_acc": [0.229, 0.24900000000000003, 0.274, 0.29140000000000005, 0.301, 0.309, 0.317, 0.333, 0.3332, 0.3472], "instance_queries": [0, 100, 100, 100, 100, 100, 100, 100, 100, 100]}}