{"num_epochs": 20, "scenario": "PoolBaseSamplingScenario", "strategy": "entropy_sampling", "batch_size": 10, "query_size": 100, "seed_size": 100, "model": "LeNet", "stopping_criterion": "query_number", "stopping_criterion_value": 900, "dataset_name": "cifar10", "metric_values": {"train_loss": [0.3150787740945816, 0.33236548081040385, 0.298518576224645, 0.30914223976433275, 0.41644966006278994, 0.426168017834425, 0.3561241946050099, 0.3691575456410646, 0.3733999525507291, 0.3059192317724228], "train_acc": [0.9800000000000001, 0.9350000000000002, 0.9766666666666666, 0.9400000000000001, 0.91, 0.9033333333333332, 0.9242857142857144, 0.9262500000000001, 0.9155555555555558, 0.937], "val_loss": [2.7734878370761873, 2.7027372992038727, 2.721326915740967, 2.627580044746399, 2.5675669380426407, 2.4943823487758636, 2.48261475789547, 2.3920491093397143, 2.4356036894321442, 2.443153603553772], "val_acc": [0.226, 0.23520000000000002, 0.24440000000000003, 0.28220000000000006, 0.28279999999999994, 0.29619999999999996, 0.321, 0.33320000000000005, 0.3476, 0.34320000000000006], "instance_queries": [0, 100, 100, 100, 100, 100, 100, 100, 100, 100]}}