{"num_epochs": 20, "scenario": "PoolBaseSamplingScenario", "strategy": "entropy_sampling", "batch_size": 10, "query_size": 100, "seed_size": 100, "model": "LeNet", "stopping_criterion": "query_number", "stopping_criterion_value": 900, "dataset_name": "cifar10", "metric_values": {"train_loss": [0.3244859367609024, 0.36760920733213426, 0.5072852686047554, 0.4929543323814869, 0.46261218696832657, 0.4485870063304901, 0.3634490919964654, 0.3939076645299792, 0.3940161110626327, 0.37535771518945693], "train_acc": [0.9700000000000001, 0.9399999999999998, 0.89, 0.8799999999999999, 0.902, 0.8916666666666667, 0.9314285714285715, 0.9125, 0.9222222222222224, 0.915], "val_loss": [2.847167981624603, 2.7739802272319793, 2.550161233663559, 2.5244104434251784, 2.479773544192314, 2.5019572286605833, 2.547162737131119, 2.3862507462501528, 2.3402476497888567, 2.4225522536039352], "val_acc": [0.224, 0.24620000000000003, 0.26739999999999997, 0.2896, 0.2804, 0.295, 0.30060000000000003, 0.326, 0.339, 0.323], "instance_queries": [0, 100, 100, 100, 100, 100, 100, 100, 100, 100]}}