{"num_epochs": 20, "scenario": "PoolBaseSamplingScenario", "strategy": "entropy_sampling", "batch_size": 10, "query_size": 100, "seed_size": 100, "model": "LeNet", "stopping_criterion": "query_number", "stopping_criterion_value": 900, "dataset_name": "cifar10", "metric_values": {"train_loss": [0.33928595632314684, 0.4720009572803974, 0.43590134431918465, 0.5477467596530914, 0.493621766269207, 0.5981229315201442, 0.6113940683858735, 0.47212388683110473, 0.42855060713158716, 0.35493112452328207], "train_acc": [0.96, 0.9099999999999999, 0.9466666666666667, 0.8775000000000001, 0.8859999999999998, 0.8350000000000002, 0.8414285714285713, 0.8825000000000001, 0.8988888888888891, 0.9240000000000002], "val_loss": [2.913082315683365, 2.641387043952942, 2.479718968510628, 2.4778342480659483, 2.437604074001312, 2.301159347653389, 2.3016334162950516, 2.3727610402107238, 2.3157076462507247, 2.374061122894287], "val_acc": [0.21940000000000004, 0.2334, 0.2872, 0.2752, 0.30019999999999997, 0.306, 0.30860000000000004, 0.31160000000000004, 0.3254, 0.34620000000000006], "instance_queries": [0, 100, 100, 100, 100, 100, 100, 100, 100, 100]}}