{"num_epochs": 20, "scenario": "PoolBaseSamplingScenario", "strategy": "entropy_sampling", "batch_size": 10, "query_size": 100, "seed_size": 100, "model": "LeNet", "stopping_criterion": "query_number", "stopping_criterion_value": 900, "dataset_name": "cifar10", "metric_values": {"train_loss": [0.32916963994503023, 0.4206359811127186, 0.5774620433648427, 0.4845622193068266, 0.6260642862319946, 0.6983162889877955, 0.6927967254604612, 0.5452023176476359, 0.5285186136762301, 0.4582658845186234], "train_acc": [0.9700000000000001, 0.945, 0.8666666666666668, 0.8800000000000001, 0.836, 0.8033333333333333, 0.8, 0.8662500000000002, 0.8711111111111112, 0.8810000000000001], "val_loss": [2.8523630640506745, 2.6610607557296753, 2.6322121331691744, 2.540825667619705, 2.396016297698021, 2.3493376320600508, 2.2690190827846526, 2.2855965147018433, 2.2908317872285844, 2.282640185713768], "val_acc": [0.222, 0.23920000000000002, 0.25099999999999995, 0.2898, 0.294, 0.30160000000000003, 0.31220000000000003, 0.329, 0.3298000000000001, 0.3374], "instance_queries": [0, 100, 100, 100, 100, 100, 100, 100, 100, 100]}}