{"num_epochs": 20, "scenario": "PoolBaseSamplingScenario", "strategy": "entropy_sampling", "batch_size": 10, "query_size": 100, "seed_size": 100, "model": "LeNet", "stopping_criterion": "query_number", "stopping_criterion_value": 900, "dataset_name": "cifar10", "metric_values": {"train_loss": [0.3069793075323105, 0.37780033946037295, 0.3419808208942413, 0.3470078404992819, 0.39766089856624603, 0.42572923650344213, 0.35224098435470036, 0.3302458465099335, 0.3530318644311693, 0.3472977676987648], "train_acc": [0.9800000000000001, 0.925, 0.9466666666666667, 0.9475, 0.9139999999999999, 0.9066666666666666, 0.9342857142857144, 0.9400000000000001, 0.9255555555555557, 0.9170000000000001], "val_loss": [2.7860385048389436, 2.635814968109131, 2.6505763239860536, 2.5505722838640215, 2.4937203483581545, 2.4063316777944563, 2.470950448870659, 2.4554256941080093, 2.435148050904274, 2.3703850066661833], "val_acc": [0.23060000000000003, 0.24980000000000002, 0.2638, 0.2906, 0.29379999999999995, 0.3142, 0.31720000000000004, 0.3232, 0.3358, 0.3444], "instance_queries": [0, 100, 100, 100, 100, 100, 100, 100, 100, 100]}}