{"num_epochs": 20, "scenario": "PoolBaseSamplingScenario", "strategy": "entropy_sampling", "batch_size": 10, "query_size": 100, "seed_size": 100, "model": "LeNet", "stopping_criterion": "query_number", "stopping_criterion_value": 900, "dataset_name": "cifar10", "metric_values": {"train_loss": [0.30724299103021624, 0.30599086433649064, 0.31833769132693607, 0.3432955056428909, 0.3268686306476593, 0.43926124659677346, 0.3741171025804111, 0.3879525624215603, 0.3382614324490229, 0.385465544462204], "train_acc": [0.96, 0.9749999999999999, 0.9633333333333333, 0.945, 0.948, 0.8983333333333332, 0.9285714285714286, 0.9250000000000002, 0.9288888888888891, 0.927], "val_loss": [2.8647514977455137, 2.7512272851467134, 2.649565780162811, 2.5398864159584047, 2.514031023144722, 2.3937394757270813, 2.418045894742012, 2.414003876328468, 2.4458456786870957, 2.327679254412651], "val_acc": [0.2186, 0.24380000000000002, 0.2794, 0.289, 0.30760000000000004, 0.32280000000000003, 0.328, 0.32680000000000003, 0.3354, 0.3412], "instance_queries": [0, 100, 100, 100, 100, 100, 100, 100, 100, 100]}}