{"num_epochs": 20, "scenario": "PoolBaseSamplingScenario", "strategy": "entropy_sampling", "batch_size": 10, "query_size": 100, "seed_size": 100, "model": "LeNet", "stopping_criterion": "query_number", "stopping_criterion_value": 900, "dataset_name": "cifar10", "metric_values": {"train_loss": [0.3249236956238747, 0.37806478291749956, 0.41928079823652903, 0.3493198838084936, 0.3887187978625298, 0.33253809437155724, 0.3067983397415706, 0.2817657205276191, 0.3668044737643666, 0.31702407769858837], "train_acc": [0.96, 0.96, 0.92, 0.9375, 0.9219999999999999, 0.9549999999999998, 0.9542857142857144, 0.9550000000000001, 0.9222222222222224, 0.9390000000000002], "val_loss": [2.888855427980423, 2.6598671934604643, 2.5604616553783415, 2.4808807582855223, 2.423324462890625, 2.465490226268768, 2.4288638073205946, 2.4855531109571456, 2.348708491683006, 2.4210433610677717], "val_acc": [0.21420000000000003, 0.2558, 0.26780000000000004, 0.30820000000000003, 0.3138, 0.3192, 0.3314, 0.33080000000000004, 0.3364, 0.3426], "instance_queries": [0, 100, 100, 100, 100, 100, 100, 100, 100, 100]}}