{"num_epochs": 20, "scenario": "PoolBaseSamplingScenario", "strategy": "entropy_sampling", "batch_size": 10, "query_size": 100, "seed_size": 100, "model": "LeNet", "stopping_criterion": "query_number", "stopping_criterion_value": 900, "dataset_name": "cifar10", "metric_values": {"train_loss": [0.26345086097717285, 0.2662093587219715, 0.34711894690990447, 0.42565009407699106, 0.40585807800292967, 0.4008621647953987, 0.45146100308213916, 0.5053035363554954, 0.5040723989407222, 0.4504532407224178], "train_acc": [1.0, 0.9849999999999998, 0.9600000000000001, 0.9349999999999999, 0.914, 0.9299999999999999, 0.9028571428571428, 0.8862500000000001, 0.8933333333333334, 0.8920000000000001], "val_loss": [2.921021568536758, 2.7905309340953828, 2.658392386674881, 2.5251767525672912, 2.509350597143173, 2.587339969992638, 2.442032859802246, 2.34969593167305, 2.333387019276619, 2.3940612223148348], "val_acc": [0.2252, 0.24380000000000002, 0.25680000000000003, 0.28279999999999994, 0.2912, 0.29120000000000007, 0.3062, 0.31460000000000005, 0.31739999999999996, 0.318], "instance_queries": [0, 100, 100, 100, 100, 100, 100, 100, 100, 100]}}