{"num_epochs": 20, "scenario": "PoolBaseSamplingScenario", "strategy": "entropy_sampling", "batch_size": 10, "query_size": 100, "seed_size": 100, "model": "LeNet", "stopping_criterion": "query_number", "stopping_criterion_value": 900, "dataset_name": "cifar10", "metric_values": {"train_loss": [0.21898777186870574, 0.33066271916031836, 0.336221477886041, 0.410440431535244, 0.3866222307085991, 0.41266252820690474, 0.38161593015704837, 0.4078381210565567, 0.3728261081708802, 0.37509688749909403], "train_acc": [1.0, 0.97, 0.9433333333333334, 0.9199999999999999, 0.926, 0.9266666666666665, 0.9199999999999999, 0.9199999999999999, 0.9244444444444446, 0.9180000000000004], "val_loss": [2.7951396265029906, 2.677578344345093, 2.746785016298294, 2.6229899530410767, 2.650207108616829, 2.5291447471380235, 2.554663528442383, 2.4473671293258668, 2.424782845377922, 2.4510803054571153], "val_acc": [0.2288, 0.2672, 0.26780000000000004, 0.277, 0.2836, 0.30519999999999997, 0.3158, 0.31980000000000003, 0.3336, 0.3398], "instance_queries": [0, 100, 100, 100, 100, 100, 100, 100, 100, 100]}}