{"num_epochs": 20, "scenario": "PoolBaseSamplingScenario", "strategy": "entropy_sampling", "batch_size": 10, "query_size": 100, "seed_size": 100, "model": "LeNet", "stopping_criterion": "query_number", "stopping_criterion_value": 900, "dataset_name": "cifar10", "metric_values": {"train_loss": [0.38504107892513273, 0.4598966583609581, 0.4361062963803609, 0.5120843589305878, 0.5414963907003403, 0.5116478189826011, 0.5212668529578618, 0.4893587877973914, 0.4656868530644311, 0.42901093378663063], "train_acc": [0.95, 0.9199999999999997, 0.9366666666666666, 0.8975000000000002, 0.8719999999999999, 0.8783333333333332, 0.8742857142857143, 0.8775000000000002, 0.8855555555555558, 0.889], "val_loss": [2.8749355189800263, 2.6575664917230606, 2.528900771737099, 2.481522077322006, 2.4102103714942933, 2.386080372095108, 2.434082368612289, 2.356722851872444, 2.366189906358719, 2.3242313066720963], "val_acc": [0.21780000000000002, 0.238, 0.269, 0.2868, 0.3014, 0.3082, 0.2994, 0.3278, 0.3274, 0.34], "instance_queries": [0, 100, 100, 100, 100, 100, 100, 100, 100, 100]}}