{"num_epochs": 20, "scenario": "PoolBaseSamplingScenario", "strategy": "entropy_sampling", "batch_size": 10, "query_size": 100, "seed_size": 100, "model": "LeNet", "stopping_criterion": "query_number", "stopping_criterion_value": 900, "dataset_name": "cifar10", "metric_values": {"train_loss": [0.32243444621562956, 0.3771522521972656, 0.43932973891496657, 0.4389568865299225, 0.4715683948993683, 0.4369081569214662, 0.5294823655060359, 0.43371981121599673, 0.43485478079981277, 0.4297109903395176], "train_acc": [0.9800000000000001, 0.9599999999999997, 0.9266666666666665, 0.9199999999999999, 0.8959999999999999, 0.9116666666666666, 0.8728571428571428, 0.9037500000000002, 0.9022222222222223, 0.904], "val_loss": [2.848254712104797, 2.78524293756485, 2.700888718366623, 2.546403704881668, 2.428387493610382, 2.4266555173397064, 2.3588602854013443, 2.382734019637108, 2.420385515809059, 2.4300872044563295], "val_acc": [0.22319999999999998, 0.223, 0.24760000000000001, 0.288, 0.3018, 0.30939999999999995, 0.31760000000000005, 0.3368, 0.3386, 0.3292], "instance_queries": [0, 100, 100, 100, 100, 100, 100, 100, 100, 100]}}