{"num_epochs": 20, "scenario": "PoolBaseSamplingScenario", "strategy": "entropy_sampling", "batch_size": 10, "query_size": 100, "seed_size": 100, "model": "LeNet", "stopping_criterion": "query_number", "stopping_criterion_value": 900, "dataset_name": "cifar10", "metric_values": {"train_loss": [0.26199018955230713, 0.3479631803929806, 0.46732531040906905, 0.4688079934567213, 0.4568560892343521, 0.4796857262651126, 0.4803926214575768, 0.42738808151334523, 0.3656429834663868, 0.36357782550156115], "train_acc": [0.9700000000000001, 0.9550000000000001, 0.9399999999999998, 0.8975, 0.9079999999999999, 0.9, 0.8857142857142856, 0.905, 0.9233333333333335, 0.9220000000000002], "val_loss": [2.939290040016174, 2.7877141871452333, 2.632680384993553, 2.4450849704742432, 2.5169798312187193, 2.440893731355667, 2.480492689490318, 2.394994368672371, 2.4036729662418366, 2.356718375682831], "val_acc": [0.22920000000000001, 0.2518, 0.26520000000000005, 0.309, 0.2928, 0.3176, 0.2992, 0.31739999999999996, 0.318, 0.343], "instance_queries": [0, 100, 100, 100, 100, 100, 100, 100, 100, 100]}}