{"num_epochs": 20, "scenario": "PoolBaseSamplingScenario", "strategy": "random_sampling", "batch_size": 10, "query_size": 1000, "seed_size": 1000, "model": "VggNet", "stopping_criterion": "query_number", "stopping_criterion_value": 9000, "dataset_name": "cifar10", "metric_values": {"train_loss": [2.017720329761505, 1.941314834356308, 1.9113002141316733, 1.7324865818023683, 1.8180148723125458, 1.5539079477389655, 1.6202192497253418, 1.5143257163465023, 1.1115907243556447, 1.4208738771677016], "train_acc": [0.205, 0.21, 0.22200000000000003, 0.315, 0.2768, 0.4028333333333333, 0.35428571428571426, 0.38925, 0.5961111111111111, 0.436], "val_loss": [1.8929162192344666, 2.1107832350730895, 1.8395825982093812, 1.6346866669654847, 1.690526176214218, 1.508589968919754, 1.6447434850931169, 1.408094467163086, 1.1690499715805054, 1.399224178671837], "val_acc": [0.20620000000000002, 0.18780000000000002, 0.23240000000000002, 0.35979999999999995, 0.3004, 0.42160000000000003, 0.37560000000000004, 0.432, 0.5875999999999999, 0.4666], "instance_queries": [0, 1000, 1000, 1000, 1000, 1000, 1000, 1000, 1000, 1000]}}