{"num_epochs": 20, "scenario": "PoolBaseSamplingScenario", "strategy": "random_sampling", "batch_size": 10, "query_size": 1000, "seed_size": 1000, "model": "VggNet", "stopping_criterion": "query_number", "stopping_criterion_value": 9000, "dataset_name": "cifar10", "metric_values": {"train_loss": [1.9866157913208007, 1.9835599482059478, 1.993451899687449, 1.6974688205122948, 1.6547598769664764, 1.849560358921687, 1.3217965464932577, 1.443799918293953, 1.258716539343198, 1.0207434113621712], "train_acc": [0.212, 0.19899999999999998, 0.19599999999999998, 0.32075000000000004, 0.3386, 0.259, 0.4872857142857143, 0.444, 0.5348888888888889, 0.6243], "val_loss": [1.8911352770328522, 1.9590521681308746, 1.9139645955562592, 1.676132754445076, 1.5481769292354584, 1.8115099413394928, 1.351416011929512, 1.4021617213487625, 1.2118303954303264, 1.0621950860917568], "val_acc": [0.194, 0.18560000000000001, 0.2026, 0.3372, 0.3602, 0.28, 0.4868, 0.4568, 0.5536, 0.6226], "instance_queries": [0, 1000, 1000, 1000, 1000, 1000, 1000, 1000, 1000, 1000]}}