{"num_epochs": 20, "scenario": "PoolBaseSamplingScenario", "strategy": "random_sampling", "batch_size": 10, "query_size": 1000, "seed_size": 1000, "model": "VggNet", "stopping_criterion": "query_number", "stopping_criterion_value": 9000, "dataset_name": "cifar10", "metric_values": {"train_loss": [2.0019424700737, 1.9768292587995528, 1.9323117736975353, 1.8457599583268165, 1.6655316736698151, 1.5938154206673305, 1.6264608563695635, 1.2315338131040334, 1.3108796541558372, 1.027513485878706], "train_acc": [0.199, 0.184, 0.20466666666666666, 0.254, 0.31079999999999997, 0.3615, 0.3181428571428571, 0.525875, 0.5081111111111111, 0.6285], "val_loss": [2.1176727406978606, 1.9254077692031861, 1.8915120675563812, 1.852567536354065, 1.6052108608484268, 1.569317838549614, 1.5409767191410064, 1.2271473457217217, 1.3120323090553283, 1.0438463608920574], "val_acc": [0.17220000000000002, 0.1968, 0.209, 0.2356, 0.3306, 0.3732, 0.3474, 0.5297999999999999, 0.5034, 0.6216], "instance_queries": [0, 1000, 1000, 1000, 1000, 1000, 1000, 1000, 1000, 1000]}}