{"num_epochs": 20, "scenario": "PoolBaseSamplingScenario", "strategy": "random_sampling", "batch_size": 10, "query_size": 1000, "seed_size": 1000, "model": "VggNet", "stopping_criterion": "query_number", "stopping_criterion_value": 9000, "dataset_name": "cifar10", "metric_values": {"train_loss": [2.0251832640171052, 1.9568380558490752, 1.8967838768164318, 1.8139831167459488, 1.508753597021103, 1.604649073680242, 1.5115674397775105, 1.5247331138700246, 1.1410850443442662, 1.3007467390298844], "train_acc": [0.195, 0.19649999999999998, 0.202, 0.26825000000000004, 0.409, 0.3653333333333333, 0.4085714285714286, 0.392, 0.5892222222222222, 0.5095], "val_loss": [1.9184905254840852, 1.8834959037303924, 1.8683078215122222, 1.7971774110794068, 1.4834455441236496, 1.5781977375745773, 1.4251892875432968, 1.5003362075090407, 1.2381024314463138, 1.2379444897174836], "val_acc": [0.19319999999999998, 0.189, 0.2008, 0.253, 0.41340000000000005, 0.3808, 0.42860000000000004, 0.4142, 0.5464, 0.5322], "instance_queries": [0, 1000, 1000, 1000, 1000, 1000, 1000, 1000, 1000, 1000]}}