{"num_epochs": 20, "scenario": "PoolBaseSamplingScenario", "strategy": "random_sampling", "batch_size": 10, "query_size": 1000, "seed_size": 1000, "model": "VggNet", "stopping_criterion": "query_number", "stopping_criterion_value": 9000, "dataset_name": "cifar10", "metric_values": {"train_loss": [1.9936032283306122, 1.9961362260580062, 1.9399999932448069, 1.8276337617635727, 1.784298378944397, 1.438831881682078, 1.5174615955352784, 1.4390174893289804, 1.2272232532501222, 1.2451269042491913], "train_acc": [0.20800000000000002, 0.195, 0.18866666666666668, 0.2675, 0.3048, 0.44149999999999995, 0.39571428571428574, 0.426125, 0.5447777777777777, 0.539], "val_loss": [2.0973414633274077, 1.9406159069538116, 1.9032393217086792, 1.7497289512157441, 1.694787558078766, 1.3965811131000518, 1.4412976895570755, 1.4277054666280746, 1.1535620064139367, 1.2015407962799072], "val_acc": [0.17640000000000003, 0.1928, 0.19140000000000004, 0.2916, 0.319, 0.461, 0.4234, 0.4496, 0.5645999999999999, 0.5636], "instance_queries": [0, 1000, 1000, 1000, 1000, 1000, 1000, 1000, 1000, 1000]}}