{"num_epochs": 20, "scenario": "PoolBaseSamplingScenario", "strategy": "random_sampling", "batch_size": 10, "query_size": 1000, "seed_size": 1000, "model": "VggNet", "stopping_criterion": "query_number", "stopping_criterion_value": 9000, "dataset_name": "cifar10", "metric_values": {"train_loss": [2.062786444425583, 1.9643311268091201, 1.9656660747528076, 1.9130427488684654, 1.785448970079422, 1.406108735104402, 1.5671257596356527, 1.346898399144411, 1.272107804748747, 1.1730879537165164], "train_acc": [0.175, 0.21550000000000005, 0.21633333333333335, 0.2125, 0.2764, 0.4748333333333333, 0.37714285714285717, 0.498375, 0.5272222222222223, 0.5642], "val_loss": [1.9602748405933381, 1.9067150900363923, 1.932706025838852, 1.832587245941162, 1.7883822309970856, 1.3885365686416626, 1.5458534070253371, 1.321866274178028, 1.217619271337986, 1.211480081140995], "val_acc": [0.1936, 0.22660000000000002, 0.205, 0.2518, 0.29120000000000007, 0.48840000000000006, 0.4002, 0.506, 0.5398, 0.5582], "instance_queries": [0, 1000, 1000, 1000, 1000, 1000, 1000, 1000, 1000, 1000]}}