{"num_epochs": 20, "scenario": "PoolBaseSamplingScenario", "strategy": "random_sampling", "batch_size": 10, "query_size": 1000, "seed_size": 1000, "model": "VggNet", "stopping_criterion": "query_number", "stopping_criterion_value": 9000, "dataset_name": "cifar10", "metric_values": {"train_loss": [2.0262315785884857, 1.9935843527317048, 1.956784460544586, 1.9157887083292007, 1.644420075416565, 1.5562097433209419, 1.4626724092449461, 1.2969757631421088, 1.4780929210450915, 1.1512758506834506], "train_acc": [0.21099999999999997, 0.1875, 0.20633333333333334, 0.22899999999999998, 0.343, 0.382, 0.43899999999999995, 0.505, 0.41811111111111104, 0.5736], "val_loss": [1.9825422422885894, 1.9335995166301727, 1.9164693965911865, 1.8374591190814973, 1.5513456137180328, 1.492270992040634, 1.386251240491867, 1.2290086958408355, 1.4447849125862122, 1.1260822242498398], "val_acc": [0.19260000000000002, 0.19080000000000003, 0.211, 0.23260000000000003, 0.38220000000000004, 0.4142, 0.4666, 0.5354, 0.44139999999999996, 0.5716], "instance_queries": [0, 1000, 1000, 1000, 1000, 1000, 1000, 1000, 1000, 1000]}}