{"num_epochs": 20, "scenario": "PoolBaseSamplingScenario", "strategy": "random_sampling", "batch_size": 10, "query_size": 1000, "seed_size": 1000, "model": "VggNet", "stopping_criterion": "query_number", "stopping_criterion_value": 9000, "dataset_name": "cifar10", "metric_values": {"train_loss": [1.9854500997066498, 1.9563176071643829, 1.938048211336136, 1.8389509478211403, 1.5805113018751145, 1.4801430321733158, 1.3828606271743775, 1.5680801378190516, 1.2264280890756183, 1.1260484214425086], "train_acc": [0.20199999999999999, 0.19200000000000003, 0.22300000000000003, 0.28700000000000003, 0.37420000000000003, 0.43349999999999994, 0.45114285714285707, 0.3685, 0.5607777777777778, 0.5897], "val_loss": [1.9249590351581574, 1.9433275458812713, 1.8824879519939424, 1.7709027081727982, 1.5577885655164718, 1.4529987119436265, 1.3346052819490433, 1.4927680286169052, 1.1595254061222076, 1.0784836540818215], "val_acc": [0.19360000000000002, 0.1932, 0.2154, 0.2984, 0.3908, 0.44619999999999993, 0.455, 0.392, 0.573, 0.607], "instance_queries": [0, 1000, 1000, 1000, 1000, 1000, 1000, 1000, 1000, 1000]}}