{"num_epochs": 20, "scenario": "PoolBaseSamplingScenario", "strategy": "random_sampling", "batch_size": 10, "query_size": 1000, "seed_size": 1000, "model": "VggNet", "stopping_criterion": "query_number", "stopping_criterion_value": 9000, "dataset_name": "cifar10", "metric_values": {"train_loss": [1.9839831900596618, 1.9494959676265717, 1.9216662661234538, 1.8552798837423325, 1.7465946652889253, 1.4333790068825085, 1.497265105843544, 1.37360045902431, 1.1044645629988776, 0.8710631027370691], "train_acc": [0.231, 0.21350000000000002, 0.219, 0.24025000000000002, 0.29879999999999995, 0.43416666666666665, 0.4164285714285714, 0.46775, 0.6066666666666667, 0.6891], "val_loss": [1.9141058621406555, 1.90566091132164, 1.9852618503570556, 1.7965173506736756, 1.6360754914283753, 1.3439217348098755, 1.4581019834280013, 1.252574432849884, 1.135375867307186, 1.0365736415982247], "val_acc": [0.2072, 0.22260000000000002, 0.2014, 0.24720000000000003, 0.31739999999999996, 0.4662, 0.4054, 0.5206000000000001, 0.6058, 0.6447999999999999], "instance_queries": [0, 1000, 1000, 1000, 1000, 1000, 1000, 1000, 1000, 1000]}}