{"num_epochs": 20, "scenario": "PoolBaseSamplingScenario", "strategy": "random_sampling", "batch_size": 10, "query_size": 1000, "seed_size": 1000, "model": "VggNet", "stopping_criterion": "query_number", "stopping_criterion_value": 9000, "dataset_name": "cifar10", "metric_values": {"train_loss": [1.9923623383045197, 1.9577354300022125, 1.7835951908429464, 1.8134265270829202, 1.7034357607364654, 1.417700011829535, 1.5198909304823194, 1.4922675339132547, 1.199660410086314, 1.0187944239377975], "train_acc": [0.188, 0.22150000000000003, 0.2946666666666667, 0.26525, 0.3168, 0.4604999999999999, 0.3961428571428572, 0.410875, 0.5481111111111111, 0.6207999999999999], "val_loss": [1.953184726715088, 1.9067732832431794, 1.7019464242458344, 1.762684161901474, 1.6388857367038727, 1.4135533921718597, 1.4536497243642807, 1.4618417447805405, 1.2129496259093284, 1.1002514582276344], "val_acc": [0.201, 0.2154, 0.31420000000000003, 0.2944, 0.34520000000000006, 0.45380000000000004, 0.43079999999999996, 0.42760000000000004, 0.5286000000000001, 0.5938], "instance_queries": [0, 1000, 1000, 1000, 1000, 1000, 1000, 1000, 1000, 1000]}}