{"num_epochs": 20, "scenario": "PoolBaseSamplingScenario", "strategy": "random_sampling", "batch_size": 10, "query_size": 1000, "seed_size": 1000, "model": "VggNet", "stopping_criterion": "query_number", "stopping_criterion_value": 9000, "dataset_name": "cifar10", "metric_values": {"train_loss": [1.9865123665332793, 1.9374301481246947, 1.9240978562831879, 1.714438877403736, 1.6578215606212616, 1.463830621043841, 1.595667578663145, 1.3473746801167727, 1.2621379906601375, 1.2667715370953083], "train_acc": [0.20800000000000002, 0.20450000000000002, 0.22300000000000003, 0.31275, 0.33340000000000003, 0.4216666666666667, 0.36942857142857144, 0.49387499999999995, 0.5294444444444445, 0.5336], "val_loss": [1.923318109035492, 2.0387729110717774, 1.9914800446033478, 1.6969501987695694, 1.5689430246353149, 1.403533487200737, 1.5182222163677215, 1.2912889404296874, 1.1880731446743011, 1.297655945599079], "val_acc": [0.19160000000000002, 0.1764, 0.2124, 0.32, 0.35719999999999996, 0.4386, 0.39, 0.5204, 0.5538, 0.5114], "instance_queries": [0, 1000, 1000, 1000, 1000, 1000, 1000, 1000, 1000, 1000]}}