{"num_epochs": 20, "scenario": "PoolBaseSamplingScenario", "strategy": "random_sampling", "batch_size": 10, "query_size": 1000, "seed_size": 1000, "model": "VggNet", "stopping_criterion": "query_number", "stopping_criterion_value": 9000, "dataset_name": "cifar10", "metric_values": {"train_loss": [1.993643729686737, 1.9009676897525787, 1.8948857259750367, 1.7345875737071037, 1.611044110417366, 1.6132891961932183, 1.548871004666601, 1.2175687874108554, 1.0679674244754844, 1.0755278760045768], "train_acc": [0.18900000000000006, 0.2325, 0.234, 0.31249999999999994, 0.35020000000000007, 0.33849999999999997, 0.3741428571428571, 0.547875, 0.6136666666666666, 0.6147], "val_loss": [1.9339654474258423, 1.8640754735469818, 1.8353981409072877, 1.7030399417877198, 1.5606369338035584, 1.5561752204895019, 1.521765573143959, 1.2343911342024803, 1.0964947805404663, 1.0894494967758654], "val_acc": [0.21080000000000002, 0.23820000000000002, 0.23120000000000002, 0.31779999999999997, 0.3944, 0.3712, 0.39979999999999993, 0.5468, 0.6147999999999999, 0.6038], "instance_queries": [0, 1000, 1000, 1000, 1000, 1000, 1000, 1000, 1000, 1000]}}