{"num_epochs": 20, "scenario": "PoolBaseSamplingScenario", "strategy": "random_sampling", "batch_size": 10, "query_size": 1000, "seed_size": 1000, "model": "VggNet", "stopping_criterion": "query_number", "stopping_criterion_value": 9000, "dataset_name": "cifar10", "metric_values": {"train_loss": [2.030235240459442, 1.9535501301288605, 1.9107338798046112, 1.866457462310791, 1.6531589161157607, 1.5756298910578093, 1.5595761149270193, 1.2214381413906812, 1.0811500972178247, 1.1955825318098068], "train_acc": [0.191, 0.21900000000000003, 0.2046666666666667, 0.25275, 0.3364, 0.37616666666666665, 0.394, 0.560125, 0.6084444444444443, 0.5544], "val_loss": [1.936522325515747, 1.8988683500289918, 1.9511075718402862, 1.8499250581264497, 1.6384973776340486, 1.4698507591485976, 1.4876577049493789, 1.212361516714096, 1.1547792826890946, 1.243964681506157], "val_acc": [0.18980000000000002, 0.199, 0.182, 0.261, 0.35419999999999996, 0.4172, 0.43739999999999996, 0.5624000000000001, 0.577, 0.5342], "instance_queries": [0, 1000, 1000, 1000, 1000, 1000, 1000, 1000, 1000, 1000]}}