{"num_epochs": 20, "scenario": "PoolBaseSamplingScenario", "strategy": "random_sampling", "batch_size": 10, "query_size": 1000, "seed_size": 1000, "model": "VggNet", "stopping_criterion": "query_number", "stopping_criterion_value": 9000, "dataset_name": "cifar10", "metric_values": {"train_loss": [1.9697178244590758, 1.9204951983690262, 2.006897116502126, 1.7801709806919097, 1.7203246824741363, 1.771954159339269, 1.3329352618115289, 1.392644228115678, 1.2248161746727095, 1.1150657131373882], "train_acc": [0.195, 0.231, 0.18566666666666667, 0.2725, 0.30460000000000004, 0.28683333333333333, 0.5084285714285713, 0.45887500000000003, 0.5522222222222222, 0.5934999999999999], "val_loss": [1.907865190267563, 1.9203193049430847, 1.9213171722888946, 1.7458465156555176, 1.7306404602527619, 1.703405177116394, 1.27009423828125, 1.5191504873037338, 1.1723779888749122, 1.1901495294570923], "val_acc": [0.18640000000000004, 0.2156, 0.20720000000000002, 0.2936, 0.2991999999999999, 0.2878, 0.5347999999999999, 0.4248, 0.5658, 0.576], "instance_queries": [0, 1000, 1000, 1000, 1000, 1000, 1000, 1000, 1000, 1000]}}