{"num_epochs": 20, "scenario": "PoolBaseSamplingScenario", "strategy": "random_sampling", "batch_size": 10, "query_size": 1000, "seed_size": 1000, "model": "VggNet", "stopping_criterion": "query_number", "stopping_criterion_value": 9000, "dataset_name": "cifar10", "metric_values": {"train_loss": [2.002333950996399, 1.9534683787822724, 1.9686755168437957, 1.7761250051856041, 1.6172992901802064, 1.7952902388572693, 1.5233329213517053, 1.316278860643506, 1.1487300526102384, 1.3512402149736882], "train_acc": [0.213, 0.2305, 0.19666666666666668, 0.2925, 0.37720000000000004, 0.26, 0.38971428571428574, 0.48349999999999993, 0.575, 0.49119999999999997], "val_loss": [1.924386034965515, 1.883380863904953, 1.9216015250682832, 1.7263831012248994, 1.560617767572403, 1.8330722484588624, 1.5039050472974778, 1.3092425186634065, 1.173477090895176, 1.26261642485857], "val_acc": [0.1974, 0.2282, 0.20960000000000004, 0.31920000000000004, 0.3912, 0.226, 0.40579999999999994, 0.4898, 0.5774, 0.5194], "instance_queries": [0, 1000, 1000, 1000, 1000, 1000, 1000, 1000, 1000, 1000]}}