{"num_epochs": 20, "scenario": "PoolBaseSamplingScenario", "strategy": "random_sampling", "batch_size": 10, "query_size": 1000, "seed_size": 1000, "model": "VggNet", "stopping_criterion": "query_number", "stopping_criterion_value": 9000, "dataset_name": "cifar10", "metric_values": {"train_loss": [1.982470211982727, 1.938501967191696, 1.9417651788393657, 1.8281813129782676, 1.6882041718959808, 1.6250260365009308, 1.5534391557318823, 1.257455609664321, 1.2492499390244485, 1.070251554042101], "train_acc": [0.19799999999999998, 0.21700000000000003, 0.20333333333333334, 0.23225, 0.30779999999999996, 0.3445, 0.36242857142857143, 0.533625, 0.5348888888888889, 0.613], "val_loss": [1.9188218116760254, 1.89728222155571, 1.9243370611667634, 1.8141771624088288, 1.6498965370655059, 1.554592964053154, 1.5709421037435531, 1.2586565125584603, 1.284472655236721, 1.1967764707505704], "val_acc": [0.2248, 0.2126, 0.20740000000000003, 0.254, 0.333, 0.355, 0.381, 0.5506, 0.5217999999999999, 0.5916], "instance_queries": [0, 1000, 1000, 1000, 1000, 1000, 1000, 1000, 1000, 1000]}}