{"num_epochs": 20, "scenario": "PoolBaseSamplingScenario", "strategy": "random_sampling", "batch_size": 10, "query_size": 1000, "seed_size": 1000, "model": "VggNet", "stopping_criterion": "query_number", "stopping_criterion_value": 9000, "dataset_name": "cifar10", "metric_values": {"train_loss": [2.010767170190811, 1.928909028172493, 1.895803734064102, 1.8281358200311661, 1.6446557564735413, 1.5182501301169395, 1.4731060448714666, 1.2951771902292968, 1.2100819025437037, 0.9052228628098965], "train_acc": [0.17000000000000004, 0.22399999999999998, 0.2446666666666667, 0.2555, 0.3366, 0.40049999999999997, 0.42971428571428566, 0.523125, 0.5536666666666666, 0.677], "val_loss": [1.94491331076622, 1.9029924004077912, 1.8540006594657898, 1.8031856415271759, 1.6292554725408555, 1.4622469885349274, 1.50688232588768, 1.2273933145403861, 1.1372079443335532, 1.039375931762159], "val_acc": [0.199, 0.19540000000000002, 0.24080000000000001, 0.2854, 0.33220000000000005, 0.40540000000000004, 0.4294, 0.5362, 0.5704, 0.6424], "instance_queries": [0, 1000, 1000, 1000, 1000, 1000, 1000, 1000, 1000, 1000]}}