{"num_epochs": 20, "scenario": "PoolBaseSamplingScenario", "strategy": "random_sampling", "batch_size": 10, "query_size": 1000, "seed_size": 1000, "model": "VggNet", "stopping_criterion": "query_number", "stopping_criterion_value": 9000, "dataset_name": "cifar10", "metric_values": {"train_loss": [1.9960261583328247, 1.9474011278152465, 1.8025043213367462, 1.8067180141806602, 1.7048306694030761, 1.5752035263180733, 1.5227206015586854, 1.3340409802645445, 1.2164529056681528, 1.251538240671158], "train_acc": [0.21400000000000005, 0.21250000000000002, 0.2683333333333333, 0.2525, 0.3262, 0.37616666666666665, 0.39314285714285707, 0.49875, 0.5484444444444444, 0.5307000000000001], "val_loss": [1.962268162727356, 1.935340696811676, 1.7481377184391023, 1.752716402053833, 1.754200080871582, 1.5234589219093322, 1.4933240274190902, 1.3129681240320206, 1.2349204337000848, 1.1706343863010407], "val_acc": [0.1882, 0.19460000000000002, 0.27340000000000003, 0.2826, 0.305, 0.37439999999999996, 0.4228, 0.5154000000000001, 0.5452, 0.5604], "instance_queries": [0, 1000, 1000, 1000, 1000, 1000, 1000, 1000, 1000, 1000]}}