{"num_epochs": 20, "scenario": "PoolBaseSamplingScenario", "strategy": "random_sampling", "batch_size": 10, "query_size": 1000, "seed_size": 1000, "model": "VggNet", "stopping_criterion": "query_number", "stopping_criterion_value": 9000, "dataset_name": "cifar10", "metric_values": {"train_loss": [2.018009148836136, 1.9530779367685318, 1.9285707410176596, 1.9261649394035338, 1.7880662479400635, 1.659116708735625, 1.4534094547373908, 1.2066579334437848, 1.2220970836612914, 1.2024784155488015], "train_acc": [0.19400000000000003, 0.218, 0.20600000000000002, 0.231, 0.3102, 0.33949999999999997, 0.44642857142857145, 0.5578749999999999, 0.5426666666666666, 0.5509], "val_loss": [1.9040066721439362, 1.9763630771636962, 1.9028424468040466, 1.867283795595169, 1.6800163419246674, 1.6160839514732361, 1.39463957798481, 1.1959382199645043, 1.2180863790512084, 1.1680230461359025], "val_acc": [0.1998, 0.17980000000000002, 0.20440000000000003, 0.22619999999999998, 0.3314, 0.3598, 0.47040000000000004, 0.547, 0.536, 0.5678], "instance_queries": [0, 1000, 1000, 1000, 1000, 1000, 1000, 1000, 1000, 1000]}}