{"num_epochs": 20, "scenario": "PoolBaseSamplingScenario", "strategy": "random_sampling", "batch_size": 10, "query_size": 1000, "seed_size": 1000, "model": "VggNet", "stopping_criterion": "query_number", "stopping_criterion_value": 9000, "dataset_name": "cifar10", "metric_values": {"train_loss": [1.9705366563796998, 1.936695965528488, 1.9035094567139943, 1.791962861418724, 1.775481168985367, 1.5131303829948108, 1.4451984993049076, 1.4419669608026744, 1.2764302409357495, 1.1127513292729854], "train_acc": [0.21600000000000003, 0.19400000000000003, 0.20900000000000002, 0.28825, 0.2708, 0.40900000000000003, 0.45542857142857135, 0.41674999999999995, 0.5239999999999999, 0.5929999999999999], "val_loss": [1.9915610547065734, 1.9274714834690094, 1.9958455436229705, 1.6632572104930878, 1.690926518678665, 1.5311265915632248, 1.3758846933841706, 1.3861759551763535, 1.199310448050499, 1.2132697492837905], "val_acc": [0.2068, 0.21200000000000002, 0.1608, 0.31260000000000004, 0.29120000000000007, 0.4164, 0.4864, 0.44279999999999997, 0.5504, 0.5688], "instance_queries": [0, 1000, 1000, 1000, 1000, 1000, 1000, 1000, 1000, 1000]}}