{"num_epochs": 20, "scenario": "PoolBaseSamplingScenario", "strategy": "diverse_mini_batch", "batch_size": 10, "query_size": 100, "seed_size": 100, "model": "LeNet", "stopping_criterion": "query_number", "stopping_criterion_value": 900, "dataset_name": "cifar10", "metric_values": {"train_loss": {"val": [0.3104952714509434, 0.29498865155296194, 0.36368285072622475, 0.42200164693511194, 0.4258604607979457, 0.42760358681833305, 0.4294702844191638, 0.41068569304835467, 0.3920516598877716, 0.35901051926116145], "var": [0.0033506914479265485, 0.004235323036342679, 0.005835939970370436, 0.0072518447621912185, 0.0024843910111035285, 0.004550791162805134, 0.004985550086802693, 0.006204567388472568, 0.005674639697437483, 0.003353093951284891]}, "train_acc": {"val": [0.9716666666666666, 0.9672222222222222, 0.9398148148148147, 0.9151388888888891, 0.9116666666666666, 0.9051851851851852, 0.9037301587301587, 0.9073611111111111, 0.9135185185185188, 0.9221111111111112], "var": [0.0002916666666666673, 0.0003450617283950613, 0.0006474965706447181, 0.0008774112654320984, 0.00029611111111111195, 0.0007342249657064464, 0.0007796233308138075, 0.0009499807098765438, 0.0007304869684499342, 0.00046287654320987696]}, "val_loss": {"val": [2.8271732639471687, 2.7546494821243814, 2.62884925017092, 2.54641962035497, 2.485287541727225, 2.446204916622904, 2.432896742370394, 2.413327581908968, 2.4064000884162056, 2.418942673974567], "var": [0.00441209926482253, 0.013049361624346075, 0.01272280121853538, 0.009026040774537445, 0.003515039256104231, 0.00361914950915671, 0.0033512119723798786, 0.005220267459223794, 0.005463207661105477, 0.003061771918480136]}, "val_acc": {"val": [0.2273111111111111, 0.25597777777777775, 0.2771111111111111, 0.2878888888888889, 0.30119999999999997, 0.3095777777777778, 0.32080000000000003, 0.32881111111111117, 0.3321111111111111, 0.33771111111111113], "var": [2.45565432098765e-05, 0.00013974617283950622, 8.053876543209879e-05, 7.259209876543202e-05, 5.421333333333316e-05, 6.995506172839504e-05, 5.374222222222217e-05, 4.203765432098764e-05, 5.165432098765428e-05, 3.464987654321001e-05]}, "instance_queries": [0, 100, 100, 100, 100, 100, 100, 100, 100, 100]}}