{"num_epochs": 20, "scenario": "PoolBaseSamplingScenario", "strategy": "entropy_sampling", "batch_size": 10, "query_size": 100, "seed_size": 100, "model": "LeNet", "stopping_criterion": "query_number", "stopping_criterion_value": 900, "dataset_name": "cifar10", "metric_values": {"train_loss": {"val": [0.3128589884274536, 0.35289770157800787, 0.39537433272710554, 0.43303664885461335, 0.4509055338303248, 0.46623975883617447, 0.43994909843045565, 0.4296026519654939, 0.41774887916758474, 0.39024553609391055], "var": [0.0006372112523553209, 0.002749432121152686, 0.004868311824937903, 0.005073279305737254, 0.002540972521460732, 0.004203740065438919, 0.006076911119137512, 0.00487187678003237, 0.003003604083068021, 0.0019975358714251394]}, "train_acc": {"val": [0.9711111111111111, 0.9511111111111111, 0.935, 0.9130555555555557, 0.9018888888888887, 0.8955555555555554, 0.9032539682539683, 0.90375, 0.9074691358024692, 0.9112777777777779], "var": [0.0001098765432098772, 0.000365432098765431, 0.0005929012345679016, 0.0006392746913580236, 0.0004482098765432098, 0.0007160493827160482, 0.0007598198538674754, 0.0006796874999999994, 0.0002851585124218874, 0.0002770895061728403]}, "val_loss": {"val": [2.8531906927956476, 2.7127930786013605, 2.6285430883963903, 2.543173070536719, 2.467429419663217, 2.430567901558346, 2.427256789664428, 2.402739812142319, 2.375905141419834, 2.38772130534384], "var": [0.002223535092777942, 0.006361134578297792, 0.005141570907456268, 0.004974849841287471, 0.0024176817705830853, 0.00276045861108724, 0.004147802102500303, 0.0016352459313916947, 0.0019208756983255546, 0.002402692245339894]}, "val_acc": {"val": [0.2247777777777778, 0.24700000000000003, 0.26791111111111104, 0.28731111111111113, 0.2960333333333333, 0.3071333333333334, 0.3161111111111112, 0.32424444444444445, 0.33172222222222225, 0.3368333333333333], "var": [1.5119506172839522e-05, 0.00011642666666666649, 7.164098765432097e-05, 7.967209876543212e-05, 5.627222222222243e-05, 7.913777777777759e-05, 8.688543209876518e-05, 3.950469135802474e-05, 4.6902839506172714e-05, 5.7450000000000095e-05]}, "instance_queries": [0, 100, 100, 100, 100, 100, 100, 100, 100, 100]}}