{"num_epochs": 20, "scenario": "PoolBaseSamplingScenario", "strategy": "least_confidence", "batch_size": 10, "query_size": 100, "seed_size": 100, "model": "LeNet", "stopping_criterion": "query_number", "stopping_criterion_value": 900, "dataset_name": "cifar10", "metric_values": {"train_loss": {"val": [0.3366715220113596, 0.33764449496650034, 0.3807305215409509, 0.42439202798737424, 0.4276283529566394, 0.4436806191241851, 0.4365473193663453, 0.42853224268700507, 0.39420702370504535, 0.39557213938898506], "var": [0.0020845504083906105, 0.0039058280458512456, 0.004179728673610191, 0.005319047041074504, 0.005274556282272957, 0.005828381570581431, 0.006660462652762159, 0.004623035726909791, 0.0036428267353816064, 0.0028559564875043956]}, "train_acc": {"val": [0.9605555555555555, 0.9566666666666666, 0.9394444444444444, 0.91625, 0.9154444444444445, 0.9049999999999999, 0.9007936507936507, 0.9034027777777778, 0.9171604938271606, 0.9119444444444446], "var": [0.0003385802469135802, 0.0003833333333333335, 0.0005361111111111103, 0.0007376736111111109, 0.0008114691358024693, 0.0007506172839506156, 0.0010304358780549277, 0.0007088204089506186, 0.00041361073007163495, 0.0004483858024691347]}, "val_loss": {"val": [2.7860376114183, 2.6886180981198944, 2.6200295108093155, 2.5332326711548703, 2.4784147437016166, 2.440643078148365, 2.4073502329124343, 2.3973774525059595, 2.4009759606818357, 2.3832130312257345], "var": [0.0033476018281215847, 0.005864470720256397, 0.004884873730224133, 0.003953339678716879, 0.0041966689987690785, 0.0041666930871778396, 0.003137954632553706, 0.0036216629189125024, 0.002670898119272382, 0.002036645535480938]}, "val_acc": {"val": [0.2271888888888889, 0.2584, 0.27092222222222223, 0.2896333333333334, 0.30363333333333337, 0.3148111111111111, 0.3227333333333333, 0.33077777777777784, 0.3361777777777778, 0.34293333333333337], "var": [2.255320987654324e-05, 0.00010728888888888857, 6.778283950617284e-05, 8.96099999999998e-05, 5.1916666666666616e-05, 6.558876543209874e-05, 5.233777777777774e-05, 9.827506172839519e-05, 9.208839506172842e-05, 4.561777777777782e-05]}, "instance_queries": [0, 100, 100, 100, 100, 100, 100, 100, 100, 100]}}