{"num_epochs": 20, "scenario": "PoolBaseSamplingScenario", "strategy": "margin_sampling", "batch_size": 10, "query_size": 100, "seed_size": 100, "model": "LeNet", "stopping_criterion": "query_number", "stopping_criterion_value": 900, "dataset_name": "cifar10", "metric_values": {"train_loss": {"val": [0.33442427242795625, 0.2929630542794863, 0.360826466894812, 0.4048834765019516, 0.4449613106913037, 0.4643885599587251, 0.4796619724837088, 0.46712442627694045, 0.44389492511565304, 0.392116544333597], "var": [0.00137421851129597, 0.0011945199387139833, 0.0015752281533001318, 0.0031378719169819157, 0.0037301308872602417, 0.003813135788895256, 0.004817773358723059, 0.0031029877062386645, 0.004718056546109094, 0.0038344766982370032]}, "train_acc": {"val": [0.9677777777777776, 0.9724999999999999, 0.9416666666666667, 0.9216666666666666, 0.9067777777777777, 0.8933333333333332, 0.885079365079365, 0.8893749999999999, 0.8962345679012347, 0.9142777777777779], "var": [0.0001950617283950624, 9.513888888889014e-05, 0.0002756172839506179, 0.0003215277777777777, 0.000492061728395061, 0.0006817901234567891, 0.000658553791887125, 0.0005040364583333337, 0.0006650396281054709, 0.000582867283950618]}, "val_loss": {"val": [2.812887049092187, 2.737668776041932, 2.6261933111217286, 2.5648292101886536, 2.499079294724597, 2.451888966725932, 2.4007467302944923, 2.3860158898101913, 2.3749151211778328, 2.368637280576759], "var": [0.0017070489543945903, 0.006036938230762383, 0.003996130382082017, 0.005243080574053796, 0.005398097992743841, 0.003336305410822568, 0.0036355051469002756, 0.002535056838672405, 0.0034991688369448853, 0.003582304237265054]}, "val_acc": {"val": [0.2282888888888889, 0.2577888888888889, 0.27572222222222226, 0.29196666666666665, 0.30244444444444446, 0.31087777777777775, 0.32307777777777785, 0.33076666666666665, 0.33513333333333334, 0.3428666666666667], "var": [1.4458765432098842e-05, 0.00010220654320987644, 0.00012202283950617256, 5.8898888888888924e-05, 4.562469135802466e-05, 6.107617283950604e-05, 5.594728395061719e-05, 2.8298888888888994e-05, 6.361333333333319e-05, 4.356444444444425e-05]}, "instance_queries": [0, 100, 100, 100, 100, 100, 100, 100, 100, 100]}}