{"num_epochs": 20, "scenario": "PoolBaseSamplingScenario", "strategy": "random_sampling", "batch_size": 10, "query_size": 100, "seed_size": 100, "model": "LeNet", "stopping_criterion": "query_number", "stopping_criterion_value": 900, "dataset_name": "cifar10", "metric_values": {"train_loss": {"val": [0.33995005753305224, 0.323373033085631, 0.39725854311276365, 0.4497955697071221, 0.4589483133786254, 0.46124144108207143, 0.4747515497344827, 0.46565957858951557, 0.44149267280727256, 0.4110527297688855], "var": [0.0032910560168966396, 0.004671383484100542, 0.004917067346066956, 0.005895956566438125, 0.005553975735440452, 0.004204369448183345, 0.003922907941688803, 0.003652067454939355, 0.0036897276708496066, 0.005059869424373224]}, "train_acc": {"val": [0.9616666666666666, 0.9602777777777776, 0.9324074074074074, 0.9054166666666666, 0.9008888888888887, 0.8976851851851853, 0.8904761904761904, 0.8909722222222223, 0.8963580246913582, 0.9064444444444446], "var": [0.0005250000000000003, 0.0005179783950617289, 0.0007787722908093263, 0.000798784722222221, 0.0009525432098765399, 0.0006389317558299032, 0.0006383219954648543, 0.0004829089506172844, 0.00046293629019966497, 0.0006823580246913596]}, "val_loss": {"val": [2.8256690449317294, 2.7141704179180994, 2.632037695699268, 2.5265182635717927, 2.490113485766782, 2.4321188529928524, 2.3841882406870525, 2.3521603446271686, 2.337177373730474, 2.351176992624998], "var": [0.006312016977931687, 0.011765358968541384, 0.006245003268644014, 0.005285530785854501, 0.006620642908913871, 0.00683862181239858, 0.0077107177722047565, 0.0030167060658034275, 0.004812556235000072, 0.004996400852015093]}, "val_acc": {"val": [0.2263666666666667, 0.2547666666666667, 0.2714666666666667, 0.2890888888888889, 0.2995333333333334, 0.31387777777777776, 0.32168888888888886, 0.3302, 0.33466666666666667, 0.3390666666666666], "var": [3.801888888888891e-05, 0.00010723666666666664, 6.874222222222218e-05, 0.00013144987654320988, 7.142666666666658e-05, 0.00010054728395061747, 7.027654320987674e-05, 7.18044444444444e-05, 0.00014558222222222253, 7.855555555555544e-05]}, "instance_queries": [0, 100, 100, 100, 100, 100, 100, 100, 100, 100]}}