{"num_epochs": 20, "scenario": "PoolBaseSamplingScenario", "strategy": "diverse_mini_batch", "batch_size": 10, "query_size": 100, "seed_size": 100, "model": "LeNet", "stopping_criterion": "query_number", "stopping_criterion_value": 900, "dataset_name": "cifar10", "metric_values": {"train_loss": [0.33878554701805114, 0.2231213331222534, 0.2959257667263349, 0.28293431736528873, 0.4007436698675156, 0.34731332485874494, 0.33303252522434507, 0.34393793465569616, 0.27233964188231363, 0.2809557091444731], "train_acc": [0.96, 0.99, 0.9533333333333331, 0.9550000000000001, 0.92, 0.9183333333333332, 0.9299999999999999, 0.9350000000000002, 0.9566666666666668, 0.9430000000000003], "val_loss": [2.890565828561783, 2.969428085565567, 2.614100019454956, 2.6985621122121812, 2.4770517606735227, 2.442698424100876, 2.413621380567551, 2.405995284676552, 2.4607277789115907, 2.451293885588646], "val_acc": [0.228, 0.23280000000000003, 0.2838, 0.2864, 0.3038, 0.3014, 0.33220000000000005, 0.3328000000000001, 0.3362, 0.3422], "instance_queries": [0, 100, 100, 100, 100, 100, 100, 100, 100, 100]}}