{"num_epochs": 20, "scenario": "PoolBaseSamplingScenario", "strategy": "diverse_mini_batch", "batch_size": 10, "query_size": 100, "seed_size": 100, "model": "LeNet", "stopping_criterion": "query_number", "stopping_criterion_value": 900, "dataset_name": "cifar10", "metric_values": {"train_loss": [0.27200452536344527, 0.35680395290255545, 0.43996887902418774, 0.5625239871442318, 0.49618272721767426, 0.5128259119888147, 0.5117906674742698, 0.4827663036063313, 0.4616406879491276, 0.36055439077317714], "train_acc": [0.9800000000000001, 0.96, 0.9133333333333332, 0.8574999999999999, 0.8859999999999999, 0.8816666666666665, 0.8628571428571429, 0.8724999999999999, 0.8933333333333334, 0.9180000000000003], "val_loss": [2.755144798517227, 2.604326379776001, 2.4736195068359375, 2.394503327012062, 2.428517435312271, 2.356521773695946, 2.2986165956258775, 2.3010551121234895, 2.3045514343976974, 2.3985736688375474], "val_acc": [0.2354, 0.2818, 0.2928, 0.3106, 0.30579999999999996, 0.325, 0.3334, 0.3394, 0.34600000000000003, 0.34720000000000006], "instance_queries": [0, 100, 100, 100, 100, 100, 100, 100, 100, 100]}}