{"num_epochs": 20, "scenario": "PoolBaseSamplingScenario", "strategy": "diverse_mini_batch", "batch_size": 10, "query_size": 100, "seed_size": 100, "model": "LeNet", "stopping_criterion": "query_number", "stopping_criterion_value": 900, "dataset_name": "cifar10", "metric_values": {"train_loss": [0.34024902284145353, 0.31170339286327364, 0.34911909053723017, 0.4288617454469204, 0.42658777147531507, 0.39881258830428123, 0.36792065096752985, 0.4025203829631209, 0.3402927252981398, 0.33416116185486316], "train_acc": [0.96, 0.9649999999999999, 0.9533333333333333, 0.9125, 0.9180000000000001, 0.9166666666666666, 0.9328571428571428, 0.9087500000000001, 0.9233333333333335, 0.922], "val_loss": [2.8783141441345217, 2.668117355823517, 2.4945837608575823, 2.379859596967697, 2.4269546627998353, 2.375182089805603, 2.436709616303444, 2.3798015331029894, 2.3646325485706328, 2.391593523859978], "val_acc": [0.21880000000000002, 0.27020000000000005, 0.2864, 0.30660000000000004, 0.3152, 0.326, 0.324, 0.3362, 0.344, 0.3522], "instance_queries": [0, 100, 100, 100, 100, 100, 100, 100, 100, 100]}}