{"num_epochs": 20, "scenario": "PoolBaseSamplingScenario", "strategy": "diverse_mini_batch", "batch_size": 10, "query_size": 100, "seed_size": 100, "model": "LeNet", "stopping_criterion": "query_number", "stopping_criterion_value": 900, "dataset_name": "cifar10", "metric_values": {"train_loss": [0.2631970301270485, 0.186378937587142, 0.26593141655127206, 0.37015155553817747, 0.3885692363977432, 0.40348250741759933, 0.3657997005752155, 0.34095621630549433, 0.35887893189986547, 0.37288395822048187], "train_acc": [0.9800000000000001, 1.0, 0.9833333333333333, 0.925, 0.94, 0.9216666666666665, 0.9300000000000002, 0.9349999999999999, 0.9288888888888891, 0.9260000000000003], "val_loss": [2.803192280292511, 2.8370884437561035, 2.832068362236023, 2.6386553785800935, 2.562774659752846, 2.4528163039684294, 2.4632440229654313, 2.382967820763588, 2.410977016687393, 2.400042187690735], "val_acc": [0.2258, 0.2538, 0.2662, 0.294, 0.29120000000000007, 0.31420000000000003, 0.31260000000000004, 0.3282, 0.3248, 0.3354], "instance_queries": [0, 100, 100, 100, 100, 100, 100, 100, 100, 100]}}