{"num_epochs": 20, "scenario": "PoolBaseSamplingScenario", "strategy": "diverse_mini_batch", "batch_size": 10, "query_size": 100, "seed_size": 100, "model": "LeNet", "stopping_criterion": "query_number", "stopping_criterion_value": 900, "dataset_name": "cifar10", "metric_values": {"train_loss": [0.2861215740442276, 0.29134306088089945, 0.41613542238871254, 0.45660613738000394, 0.48283815175294875, 0.4927445570627848, 0.5345404231122561, 0.5407361228018999, 0.4632017597556114, 0.4424421713501215], "train_acc": [0.9700000000000001, 0.95, 0.9066666666666665, 0.8975, 0.884, 0.8733333333333334, 0.8571428571428571, 0.8575000000000002, 0.8833333333333335, 0.8970000000000001], "val_loss": [2.9270955317020415, 2.718990919828415, 2.5259171061515806, 2.453250030994415, 2.384184926867485, 2.3761628687381746, 2.3804331152439118, 2.329360522508621, 2.3458821785449984, 2.389830492973328], "val_acc": [0.2232, 0.26380000000000003, 0.27779999999999994, 0.2844, 0.302, 0.30739999999999995, 0.322, 0.3394, 0.3412, 0.3342], "instance_queries": [0, 100, 100, 100, 100, 100, 100, 100, 100, 100]}}