{"num_epochs": 20, "scenario": "PoolBaseSamplingScenario", "strategy": "diverse_mini_batch", "batch_size": 10, "query_size": 100, "seed_size": 100, "model": "LeNet", "stopping_criterion": "query_number", "stopping_criterion_value": 900, "dataset_name": "cifar10", "metric_values": {"train_loss": [0.27367527186870577, 0.24787744209170343, 0.3043999453385671, 0.3779397923499346, 0.3850560536980629, 0.3395364915331205, 0.3823329936180796, 0.34758671652525663, 0.325591760294305, 0.3382966057956219], "train_acc": [0.99, 0.9800000000000001, 0.9633333333333332, 0.9424999999999999, 0.9239999999999999, 0.94, 0.9214285714285714, 0.9287500000000002, 0.9333333333333335, 0.9360000000000003], "val_loss": [2.7229933354854583, 2.6750371663570403, 2.5661110124588014, 2.516410713672638, 2.425099681019783, 2.4617263799905778, 2.443533203125, 2.46381465446949, 2.468173739671707, 2.3948528134822844], "val_acc": [0.2426, 0.27220000000000005, 0.2786, 0.29279999999999995, 0.30260000000000004, 0.3004, 0.30460000000000004, 0.31320000000000003, 0.32420000000000004, 0.3372], "instance_queries": [0, 100, 100, 100, 100, 100, 100, 100, 100, 100]}}