{"num_epochs": 20, "scenario": "PoolBaseSamplingScenario", "strategy": "diverse_mini_batch", "batch_size": 10, "query_size": 100, "seed_size": 100, "model": "LeNet", "stopping_criterion": "query_number", "stopping_criterion_value": 900, "dataset_name": "cifar10", "metric_values": {"train_loss": [0.28057032227516177, 0.2582057535648346, 0.3935624460379283, 0.3986209321767092, 0.4330760633945465, 0.5129464368025461, 0.4780709971274648, 0.4983984539285302, 0.46341936190923055, 0.32415108256042], "train_acc": [0.9700000000000001, 0.99, 0.9366666666666666, 0.9125, 0.9159999999999999, 0.8650000000000001, 0.8942857142857144, 0.85625, 0.8933333333333335, 0.943], "val_loss": [2.9098656101226807, 2.9392588157653807, 2.5536936819553375, 2.5658893661499023, 2.525937807798386, 2.4168330330848695, 2.446723418354988, 2.417826246738434, 2.4306272578239443, 2.4973695356845855], "val_acc": [0.22619999999999998, 0.2512, 0.2824, 0.2878, 0.29660000000000003, 0.31060000000000004, 0.3188, 0.32439999999999997, 0.3338, 0.33179999999999993], "instance_queries": [0, 100, 100, 100, 100, 100, 100, 100, 100, 100]}}