{"num_epochs": 20, "scenario": "PoolBaseSamplingScenario", "strategy": "diverse_mini_batch", "batch_size": 10, "query_size": 100, "seed_size": 100, "model": "LeNet", "stopping_criterion": "query_number", "stopping_criterion_value": 900, "dataset_name": "cifar10", "metric_values": {"train_loss": [0.47542831003665925, 0.3982310652732849, 0.49807603657245636, 0.5951478369534016, 0.6540024816989899, 0.5433066569268703, 0.6288296884724072, 0.5709833417087793, 0.5267250835895538, 0.4778327016532421], "train_acc": [0.95, 0.93, 0.8999999999999999, 0.8600000000000001, 0.8260000000000001, 0.865, 0.8271428571428571, 0.8574999999999999, 0.8600000000000001, 0.8930000000000001], "val_loss": [2.733051593542099, 2.666062718629837, 2.5573475527763367, 2.4174611740112306, 2.2633933498859404, 2.3450397471189497, 2.2767999881505965, 2.2873010221719743, 2.3151145956516266, 2.3691601107120515], "val_acc": [0.22960000000000003, 0.24280000000000002, 0.26539999999999997, 0.2954, 0.30660000000000004, 0.3108000000000001, 0.32820000000000005, 0.3268, 0.334, 0.3404], "instance_queries": [0, 100, 100, 100, 100, 100, 100, 100, 100, 100]}}