{"num_epochs": 20, "scenario": "PoolBaseSamplingScenario", "strategy": "diverse_mini_batch", "batch_size": 10, "query_size": 100, "seed_size": 100, "model": "LeNet", "stopping_criterion": "query_number", "stopping_criterion_value": 900, "dataset_name": "cifar10", "metric_values": {"train_loss": [0.2768672525882721, 0.376460662484169, 0.4984661122163137, 0.5840346276760101, 0.5002637830376625, 0.38725411593914033, 0.4434438481926918, 0.46767123229801655, 0.3180875146554576, 0.3667188224941492], "train_acc": [0.99, 0.96, 0.8999999999999999, 0.8574999999999999, 0.8899999999999999, 0.9133333333333332, 0.8899999999999999, 0.8825, 0.9400000000000001, 0.9180000000000003], "val_loss": [2.834477927446365, 2.6780515832901, 2.5431602960824966, 2.430909916996956, 2.5161436359882354, 2.5811755430698393, 2.498070229172707, 2.4671734313964846, 2.525371328830719, 2.5061481207609178], "val_acc": [0.21520000000000006, 0.2736, 0.2682, 0.28, 0.29320000000000007, 0.299, 0.3134, 0.3184, 0.3292, 0.33059999999999995], "instance_queries": [0, 100, 100, 100, 100, 100, 100, 100, 100, 100]}}