{"num_epochs": 20, "scenario": "PoolBaseSamplingScenario", "strategy": "diverse_mini_batch", "batch_size": 10, "query_size": 100, "seed_size": 100, "model": "LeNet", "stopping_criterion": "query_number", "stopping_criterion_value": 900, "dataset_name": "cifar10", "metric_values": {"train_loss": [0.24694032222032547, 0.22655499577522278, 0.31924662639697393, 0.46901706233620644, 0.49541575998067855, 0.49850752477844557, 0.5098611041903496, 0.3715097470209002, 0.4153842273685667, 0.31241718627512455], "train_acc": [1.0, 0.99, 0.9566666666666667, 0.8975, 0.8959999999999999, 0.8699999999999999, 0.872857142857143, 0.9175000000000001, 0.8977777777777778, 0.9450000000000002], "val_loss": [2.8161318876743318, 2.8370571970939635, 2.7125227999687196, 2.528652984380722, 2.529962778568268, 2.505018897891045, 2.4670540179014204, 2.566266323685646, 2.5012913464307784, 2.509095130562782], "val_acc": [0.2248, 0.2488, 0.28320000000000006, 0.2782, 0.297, 0.30060000000000003, 0.3158, 0.3216, 0.3224, 0.3302], "instance_queries": [0, 100, 100, 100, 100, 100, 100, 100, 100, 100]}}