{"num_epochs": 20, "scenario": "PoolBaseSamplingScenario", "strategy": "diverse_mini_batch", "batch_size": 10, "query_size": 100, "seed_size": 100, "model": "LeNet", "stopping_criterion": "query_number", "stopping_criterion_value": 900, "dataset_name": "cifar10", "metric_values": {"train_loss": [0.3504711464047432, 0.2882282994687557, 0.30278874933719635, 0.38251558803021907, 0.43915520012378695, 0.512691130489111, 0.5067535010831696, 0.4664100268855691, 0.4743006967835956, 0.4249893705546856], "train_acc": [0.95, 0.97, 0.9533333333333333, 0.9324999999999999, 0.8859999999999999, 0.8733333333333333, 0.8828571428571429, 0.8887500000000002, 0.8899999999999999, 0.8870000000000001], "val_loss": [2.804056433916092, 2.789339903831482, 2.6486425321102143, 2.592349262237549, 2.506503077507019, 2.404852787613869, 2.4017541733980177, 2.4030947207212447, 2.418833095431328, 2.4147601389884947], "val_acc": [0.2312, 0.2464, 0.2904, 0.29460000000000003, 0.3154, 0.3106, 0.3364, 0.3334, 0.3266, 0.32920000000000005], "instance_queries": [0, 100, 100, 100, 100, 100, 100, 100, 100, 100]}}