{"num_epochs": 20, "scenario": "PoolBaseSamplingScenario", "strategy": "diverse_mini_batch", "batch_size": 10, "query_size": 100, "seed_size": 100, "model": "LeNet", "stopping_criterion": "query_number", "stopping_criterion_value": 900, "dataset_name": "cifar10", "metric_values": {"train_loss": [0.23729541152715683, 0.2626689836382866, 0.31289433389902116, 0.33502707853913305, 0.3155176520347595, 0.34816358958681426, 0.31574866505605836, 0.3346625776030123, 0.340256249325143, 0.30041557662189006], "train_acc": [0.99, 0.975, 0.9566666666666667, 0.95, 0.938, 0.9333333333333333, 0.9414285714285715, 0.93875, 0.9233333333333336, 0.9410000000000003], "val_loss": [2.956985014915466, 2.8772682889699936, 2.8462446600198748, 2.6649191991090775, 2.5630724301338197, 2.5178143253326417, 2.50566162443161, 2.46861280810833, 2.3736031129360198, 2.3823888515233995], "val_acc": [0.223, 0.25620000000000004, 0.27179999999999993, 0.2864, 0.30860000000000004, 0.31339999999999996, 0.327, 0.3344, 0.342, 0.3614], "instance_queries": [0, 100, 100, 100, 100, 100, 100, 100, 100, 100]}}