{"num_epochs": 20, "scenario": "PoolBaseSamplingScenario", "strategy": "diverse_mini_batch", "batch_size": 10, "query_size": 100, "seed_size": 100, "model": "LeNet", "stopping_criterion": "query_number", "stopping_criterion_value": 900, "dataset_name": "cifar10", "metric_values": {"train_loss": [0.22641911059617997, 0.2329816471785307, 0.30299417674541473, 0.3822877053171396, 0.36957835853099824, 0.3733511045575142, 0.36575154193810056, 0.3021628590300679, 0.3136810072594219, 0.3498420821875334], "train_acc": [0.99, 0.9800000000000001, 0.9566666666666666, 0.9225, 0.93, 0.9383333333333332, 0.9385714285714286, 0.9587499999999999, 0.9455555555555557, 0.9250000000000003], "val_loss": [2.9965162324905394, 2.8622502868175506, 2.6828317264318464, 2.599080365419388, 2.479486823439598, 2.507546753525734, 2.4842135944366457, 2.528461992621422, 2.511603808641434, 2.4405020623207094], "val_acc": [0.2194, 0.25, 0.28079999999999994, 0.272, 0.308, 0.3008, 0.3151999999999999, 0.3278, 0.32139999999999996, 0.336], "instance_queries": [0, 100, 100, 100, 100, 100, 100, 100, 100, 100]}}