{"num_epochs": 20, "scenario": "PoolBaseSamplingScenario", "strategy": "diverse_mini_batch", "batch_size": 10, "query_size": 100, "seed_size": 100, "model": "LeNet", "stopping_criterion": "query_number", "stopping_criterion_value": 900, "dataset_name": "cifar10", "metric_values": {"train_loss": [0.23747312426567077, 0.21764667257666587, 0.22330343400438626, 0.2849978554993868, 0.3752287119626999, 0.38821476995944976, 0.3720692704830851, 0.29869751576334236, 0.2875351326333152, 0.24591818757355213], "train_acc": [1.0, 0.97, 0.9766666666666666, 0.9525, 0.92, 0.9283333333333333, 0.9299999999999999, 0.95, 0.9533333333333335, 0.9650000000000002], "val_loss": [2.840582100391388, 2.8174846873283386, 2.8878961272239687, 2.7681005346775054, 2.592241915822029, 2.5013772591352463, 2.549872367501259, 2.4875201170444488, 2.495334661602974, 2.5028251308202742], "val_acc": [0.2294, 0.2558, 0.255, 0.27020000000000005, 0.2924, 0.3112, 0.3226, 0.329, 0.325, 0.335], "instance_queries": [0, 100, 100, 100, 100, 100, 100, 100, 100, 100]}}