{"num_epochs": 20, "scenario": "PoolBaseSamplingScenario", "strategy": "diverse_mini_batch", "batch_size": 10, "query_size": 100, "seed_size": 100, "model": "LeNet", "stopping_criterion": "query_number", "stopping_criterion_value": 900, "dataset_name": "cifar10", "metric_values": {"train_loss": [0.4047611653804779, 0.3214278377592564, 0.47339974641799926, 0.4396597508341074, 0.4411426827311516, 0.3921988228956858, 0.45946520822388787, 0.4520357396453619, 0.5300962287518713, 0.44203970208764076], "train_acc": [0.95, 0.945, 0.9, 0.925, 0.914, 0.9266666666666666, 0.9028571428571428, 0.8950000000000001, 0.8688888888888889, 0.8880000000000002], "val_loss": [2.8137119910717012, 2.8752753353118896, 2.696659937143326, 2.5759252853393555, 2.48280817258358, 2.4762538862228394, 2.4232565978765486, 2.3507981498241426, 2.269016745686531, 2.3327111618518828], "val_acc": [0.2228, 0.2446, 0.26180000000000003, 0.28, 0.29, 0.3048, 0.31360000000000005, 0.31760000000000005, 0.33820000000000006, 0.338], "instance_queries": [0, 100, 100, 100, 100, 100, 100, 100, 100, 100]}}