{"num_epochs": 20, "scenario": "PoolBaseSamplingScenario", "strategy": "diverse_mini_batch", "batch_size": 10, "query_size": 100, "seed_size": 100, "model": "LeNet", "stopping_criterion": "query_number", "stopping_criterion_value": 900, "dataset_name": "cifar10", "metric_values": {"train_loss": [0.4350603610277176, 0.4002522319555283, 0.44500611076752344, 0.4753441892564297, 0.4333208405971527, 0.42544840822617214, 0.4390070619327681, 0.5011408995836973, 0.40609496186176935, 0.32871961541473865], "train_acc": [0.93, 0.9350000000000002, 0.9233333333333333, 0.905, 0.9059999999999999, 0.9083333333333332, 0.8957142857142856, 0.88125, 0.9211111111111112, 0.934], "val_loss": [2.7615728776454924, 2.62588974070549, 2.529728041648865, 2.510470184803009, 2.527494517445564, 2.428188521027565, 2.4229916625022887, 2.355660906672478, 2.3680865856409072, 2.4510373495817186], "val_acc": [0.22360000000000002, 0.24420000000000003, 0.2776, 0.28, 0.30679999999999996, 0.3266, 0.32520000000000004, 0.3328000000000001, 0.335, 0.332], "instance_queries": [0, 100, 100, 100, 100, 100, 100, 100, 100, 100]}}