{"num_epochs": 20, "scenario": "PoolBaseSamplingScenario", "strategy": "diverse_mini_batch", "batch_size": 10, "query_size": 100, "seed_size": 100, "model": "LeNet", "stopping_criterion": "query_number", "stopping_criterion_value": 900, "dataset_name": "cifar10", "metric_values": {"train_loss": [0.36448644697666166, 0.2925021149218082, 0.28034215370814003, 0.295871401950717, 0.3791092339158058, 0.34860071862737335, 0.3659400458846773, 0.3149218486621976, 0.33887099400162696, 0.3398468045145273], "train_acc": [0.95, 0.97, 0.963333333333333, 0.95, 0.9279999999999999, 0.9366666666666666, 0.9285714285714286, 0.94625, 0.9355555555555557, 0.929], "val_loss": [2.721153486967087, 2.683516440153122, 2.6862074613571165, 2.6291791645288467, 2.4508504551649093, 2.4399800968170164, 2.427790199160576, 2.395399919271469, 2.3506408675909043, 2.330921297073364], "val_acc": [0.233, 0.26059999999999994, 0.28120000000000006, 0.291, 0.3012, 0.32339999999999997, 0.3266, 0.3386, 0.33219999999999994, 0.34579999999999994], "instance_queries": [0, 100, 100, 100, 100, 100, 100, 100, 100, 100]}}