{"num_epochs": 20, "scenario": "PoolBaseSamplingScenario", "strategy": "diverse_mini_batch", "batch_size": 10, "query_size": 100, "seed_size": 100, "model": "LeNet", "stopping_criterion": "query_number", "stopping_criterion_value": 900, "dataset_name": "cifar10", "metric_values": {"train_loss": [0.27880853712558745, 0.20543715804815293, 0.30410012006759646, 0.3437397532165051, 0.2890678808093071, 0.3079324143628279, 0.29529639918889317, 0.2917107761837542, 0.28987863055533836, 0.25207865305244925], "train_acc": [0.99, 0.9949999999999999, 0.97, 0.9574999999999999, 0.96, 0.9599999999999999, 0.9614285714285714, 0.9487500000000001, 0.948888888888889, 0.9600000000000003], "val_loss": [2.8097934474945068, 2.8940690205097197, 2.8056717720031736, 2.6787528278827666, 2.67985957968235, 2.5780648510456086, 2.5819427679777145, 2.5501487497091295, 2.528672800421715, 2.527482898712158], "val_acc": [0.22960000000000003, 0.23760000000000003, 0.263, 0.2798, 0.2878, 0.3014, 0.302, 0.321, 0.3148, 0.3344], "instance_queries": [0, 100, 100, 100, 100, 100, 100, 100, 100, 100]}}