{"num_epochs": 20, "scenario": "PoolBaseSamplingScenario", "strategy": "diverse_mini_batch", "batch_size": 10, "query_size": 100, "seed_size": 100, "model": "LeNet", "stopping_criterion": "query_number", "stopping_criterion_value": 900, "dataset_name": "cifar10", "metric_values": {"train_loss": [0.38973525911569595, 0.40007744953036306, 0.34393418033917744, 0.44255041517317295, 0.43596045702695846, 0.471465902775526, 0.4392065080148833, 0.4084841415286064, 0.4234160249431928, 0.4510128566622734], "train_acc": [0.95, 0.9199999999999999, 0.9333333333333331, 0.9025000000000001, 0.9059999999999998, 0.8816666666666666, 0.8957142857142857, 0.9125, 0.9, 0.8900000000000002], "val_loss": [2.7537457218170167, 2.4895125942230223, 2.550176273584366, 2.542563482403755, 2.4761498382091522, 2.445610500097275, 2.3765964570045472, 2.464903482437134, 2.4007334884405136, 2.3778626692295073], "val_acc": [0.23139999999999997, 0.254, 0.2766, 0.29259999999999997, 0.2908, 0.29760000000000003, 0.32259999999999994, 0.3238, 0.32620000000000005, 0.3352], "instance_queries": [0, 100, 100, 100, 100, 100, 100, 100, 100, 100]}}