{"num_epochs": 20, "scenario": "PoolBaseSamplingScenario", "strategy": "diverse_mini_batch", "batch_size": 10, "query_size": 100, "seed_size": 100, "model": "LeNet", "stopping_criterion": "query_number", "stopping_criterion_value": 900, "dataset_name": "cifar10", "metric_values": {"train_loss": [0.31241256594657896, 0.39852390587329867, 0.5159401888648669, 0.5662800669670105, 0.46774194061756136, 0.550431047876676, 0.5397304064461164, 0.5177437560632825, 0.5096741278966268, 0.4406635971367359], "train_acc": [0.9700000000000001, 0.9549999999999998, 0.8866666666666666, 0.8724999999999999, 0.9079999999999999, 0.8666666666666667, 0.86, 0.87625, 0.8633333333333332, 0.8900000000000001], "val_loss": [2.8778382263183593, 2.534606394290924, 2.3656488354206084, 2.3980183906555177, 2.379941172003746, 2.3301616711616515, 2.3519990870952605, 2.2860925459861754, 2.252351527810097, 2.3194325031638146], "val_acc": [0.2364, 0.284, 0.30860000000000004, 0.3, 0.30979999999999996, 0.31139999999999995, 0.31660000000000005, 0.3324, 0.34159999999999996, 0.341], "instance_queries": [0, 100, 100, 100, 100, 100, 100, 100, 100, 100]}}