{"num_epochs": 20, "scenario": "PoolBaseSamplingScenario", "strategy": "diverse_mini_batch", "batch_size": 10, "query_size": 100, "seed_size": 100, "model": "LeNet", "stopping_criterion": "query_number", "stopping_criterion_value": 900, "dataset_name": "mnist", "metric_values": {"train_loss": [0.049592028558254245, 0.020140109397470952, 0.013112082642813523, 0.008680191676830873, 0.006085267118178308, 0.0047082978902229415, 0.0037426640911559974, 0.003492519115388859, 0.0029771361713452887, 0.004465054315223824], "train_acc": [1.0, 1.0, 1.0, 1.0, 1.0, 1.0, 1.0, 1.0, 1.0, 0.9990000000000001], "val_loss": [0.9059248082339764, 0.6421850846195594, 0.5528805911447853, 0.47218125164547625, 0.46784680006792767, 0.40919758303129733, 0.3861733589845244, 0.3575489856306619, 0.33905269745198896, 0.3328575803515074], "val_acc": [0.731, 0.8101666666666667, 0.8438333333333334, 0.8681666666666669, 0.8731666666666669, 0.8905000000000001, 0.8979999999999999, 0.907, 0.9138333333333335, 0.9153333333333334], "instance_queries": [0, 100, 100, 100, 100, 100, 100, 100, 100, 100]}}