{"num_epochs": 20, "scenario": "PoolBaseSamplingScenario", "strategy": "diverse_mini_batch", "batch_size": 10, "query_size": 100, "seed_size": 100, "model": "LeNet", "stopping_criterion": "query_number", "stopping_criterion_value": 900, "dataset_name": "mnist", "metric_values": {"train_loss": [0.053983771428465846, 0.020878630690276623, 0.012606491226082046, 0.00986239054473117, 0.008013328025117516, 0.0071578604557241, 0.005642930052376219, 0.004750523270922713, 0.004289497894933447, 0.0033264744747430086], "train_acc": [1.0, 1.0, 1.0, 1.0, 1.0, 1.0, 1.0, 1.0, 1.0, 1.0], "val_loss": [0.8963159011428555, 0.7126498975977301, 0.5756925104830104, 0.49595253174581255, 0.45518445058803386, 0.3939223875361495, 0.35105623650422785, 0.30832996265875406, 0.3013792253425345, 0.28617281280598644], "val_acc": [0.7241666666666666, 0.7961666666666667, 0.8405000000000001, 0.8609999999999999, 0.8736666666666667, 0.8918333333333334, 0.9111666666666668, 0.9181666666666668, 0.9193333333333332, 0.9225], "instance_queries": [0, 100, 100, 100, 100, 100, 100, 100, 100, 100]}}