{"num_epochs": 20, "scenario": "PoolBaseSamplingScenario", "strategy": "diverse_mini_batch", "batch_size": 10, "query_size": 100, "seed_size": 100, "model": "LeNet", "stopping_criterion": "query_number", "stopping_criterion_value": 900, "dataset_name": "mnist", "metric_values": {"train_loss": [0.045317225903272626, 0.02034197438042611, 0.011880056536756455, 0.00918475584476255, 0.00834114361088723, 0.006476122963552673, 0.005554838974161872, 0.004722423675411846, 0.0038290129508823157, 0.003630727289710194], "train_acc": [1.0, 1.0, 1.0, 1.0, 1.0, 1.0, 1.0, 1.0, 1.0, 1.0], "val_loss": [0.8895388381183147, 0.5515822498283038, 0.5043025569788491, 0.45281141725329993, 0.38840981519043755, 0.35136043646120624, 0.34726370653903965, 0.33338770662337386, 0.3266990838512235, 0.3268816875991858], "val_acc": [0.7335, 0.8391666666666666, 0.8641666666666666, 0.8776666666666667, 0.8943333333333332, 0.9005000000000001, 0.9065, 0.9161666666666668, 0.9163333333333332, 0.9161666666666668], "instance_queries": [0, 100, 100, 100, 100, 100, 100, 100, 100, 100]}}