{"num_epochs": 20, "scenario": "PoolBaseSamplingScenario", "strategy": "diverse_mini_batch", "batch_size": 10, "query_size": 100, "seed_size": 100, "model": "LeNet", "stopping_criterion": "query_number", "stopping_criterion_value": 900, "dataset_name": "mnist", "metric_values": {"train_loss": [0.0537595085799694, 0.02178386044688523, 0.01205890632700175, 0.008964657247997821, 0.007140246699564159, 0.005393276472265522, 0.004489989360860948, 0.004225947041413746, 0.003329379341125281, 0.0028411078397766686], "train_acc": [1.0, 1.0, 1.0, 1.0, 1.0, 1.0, 1.0, 1.0, 1.0, 1.0], "val_loss": [0.949642807332178, 0.6576389223554482, 0.5275453853684788, 0.47377432386313256, 0.40835734811495056, 0.38928850727621467, 0.3647151661283958, 0.35158447564240003, 0.31546549079129665, 0.3210106243086436], "val_acc": [0.7146666666666666, 0.8053333333333335, 0.8493333333333334, 0.8695, 0.8866666666666667, 0.8996666666666667, 0.9066666666666666, 0.9076666666666665, 0.9148333333333335, 0.9136666666666667], "instance_queries": [0, 100, 100, 100, 100, 100, 100, 100, 100, 100]}}