{"num_epochs": 20, "scenario": "PoolBaseSamplingScenario", "strategy": "diverse_mini_batch", "batch_size": 10, "query_size": 100, "seed_size": 100, "model": "LeNet", "stopping_criterion": "query_number", "stopping_criterion_value": 900, "dataset_name": "mnist", "metric_values": {"train_loss": [0.05790460482239723, 0.033366892393678425, 0.016522757119188707, 0.010801698209252208, 0.007966799698770045, 0.006765214340218032, 0.005378505840365376, 0.004607806070271181, 0.003691055356628365, 0.003046157110366039], "train_acc": [1.0, 1.0, 1.0, 1.0, 1.0, 1.0, 1.0, 1.0, 1.0, 1.0], "val_loss": [0.9374125488847495, 0.5588964259872834, 0.466948695932515, 0.4179555794495779, 0.4085992183270476, 0.37511366727975354, 0.35678301169439997, 0.3508172257286302, 0.3467402023437899, 0.32910919933967914], "val_acc": [0.7226666666666667, 0.8361666666666667, 0.8701666666666669, 0.8881666666666668, 0.8921666666666668, 0.9025, 0.9093333333333335, 0.9145000000000001, 0.9143333333333332, 0.9205000000000001], "instance_queries": [0, 100, 100, 100, 100, 100, 100, 100, 100, 100]}}