{"num_epochs": 20, "scenario": "PoolBaseSamplingScenario", "strategy": "diverse_mini_batch", "batch_size": 10, "query_size": 100, "seed_size": 100, "model": "LeNet", "stopping_criterion": "query_number", "stopping_criterion_value": 900, "dataset_name": "mnist", "metric_values": {"train_loss": [0.04458150286227465, 0.020712156547233462, 0.012530228681862354, 0.007552256115013733, 0.005724601859692484, 0.004158937465399503, 0.0035888818508413222, 0.0030267066322267056, 0.0027323474703330754, 0.0025116886393516326], "train_acc": [1.0, 1.0, 1.0, 1.0, 1.0, 1.0, 1.0, 1.0, 1.0, 1.0], "val_loss": [0.8855133251349131, 0.5442811863465855, 0.5023361871150943, 0.4341762151856286, 0.4417825981089845, 0.4368681906181155, 0.4258227463247022, 0.40133793443645116, 0.35512773662320496, 0.34719814375130226], "val_acc": [0.7291666666666666, 0.8376666666666667, 0.86, 0.8843333333333334, 0.8875, 0.8925000000000002, 0.8968333333333334, 0.9018333333333332, 0.9125000000000002, 0.9133333333333333], "instance_queries": [0, 100, 100, 100, 100, 100, 100, 100, 100, 100]}}