{"num_epochs": 20, "scenario": "PoolBaseSamplingScenario", "strategy": "diverse_mini_batch", "batch_size": 10, "query_size": 100, "seed_size": 100, "model": "LeNet", "stopping_criterion": "query_number", "stopping_criterion_value": 900, "dataset_name": "mnist", "metric_values": {"train_loss": [0.057752513140439984, 0.02496370770968497, 0.015120697813108564, 0.011466396669857205, 0.007401278489269316, 0.005936892000803103, 0.00479120202528845, 0.003976678883191198, 0.003282820809141008, 0.0032349708158290013], "train_acc": [1.0, 1.0, 1.0, 1.0, 1.0, 1.0, 1.0, 1.0, 1.0, 1.0], "val_loss": [0.9178177891174952, 0.5655301331356167, 0.4871757152893891, 0.4476037918613292, 0.4261352602957049, 0.36357316479668955, 0.36544253208790906, 0.34710391733950624, 0.3252673700452821, 0.3398879850381733], "val_acc": [0.7246666666666666, 0.8301666666666667, 0.8606666666666668, 0.8735000000000003, 0.8836666666666667, 0.8995000000000001, 0.9036666666666667, 0.9073333333333333, 0.9156666666666669, 0.9140000000000001], "instance_queries": [0, 100, 100, 100, 100, 100, 100, 100, 100, 100]}}