{"num_epochs": 20, "scenario": "PoolBaseSamplingScenario", "strategy": "diverse_mini_batch", "batch_size": 10, "query_size": 100, "seed_size": 100, "model": "LeNet", "stopping_criterion": "query_number", "stopping_criterion_value": 900, "dataset_name": "mnist", "metric_values": {"train_loss": [0.0537771075963974, 0.020336455618962645, 0.012380746953810255, 0.00839384288410656, 0.007854202203452587, 0.005533449786404769, 0.004776179884460621, 0.004145084007905098, 0.003128794693879576, 0.0027088724571513014], "train_acc": [1.0, 1.0, 1.0, 1.0, 1.0, 1.0, 1.0, 1.0, 1.0, 1.0], "val_loss": [0.8782920189450184, 0.5649862911459058, 0.49672399666858835, 0.4943828347604722, 0.44226325250774, 0.45480872913108517, 0.419754309959244, 0.38911922747366284, 0.37813664705841804, 0.3684871282376116], "val_acc": [0.728, 0.8325, 0.8593333333333334, 0.8628333333333335, 0.881, 0.8846666666666668, 0.895, 0.9016666666666668, 0.9073333333333334, 0.9091666666666667], "instance_queries": [0, 100, 100, 100, 100, 100, 100, 100, 100, 100]}}