{"num_epochs": 20, "scenario": "PoolBaseSamplingScenario", "strategy": "diverse_mini_batch", "batch_size": 10, "query_size": 100, "seed_size": 100, "model": "LeNet", "stopping_criterion": "query_number", "stopping_criterion_value": 900, "dataset_name": "mnist", "metric_values": {"train_loss": [0.05220589060336352, 0.02589886342175305, 0.015514868559936683, 0.009387926128692926, 0.007077762284316122, 0.00543877423236457, 0.004743136207772685, 0.003714381903409958, 0.0038878867907139163, 0.0028824953036382796], "train_acc": [1.0, 1.0, 1.0, 1.0, 1.0, 1.0, 1.0, 1.0, 1.0, 1.0], "val_loss": [0.9236715830862522, 0.5648414118836323, 0.4948858749726787, 0.4958694265612091, 0.4291713138359288, 0.383903826623573, 0.36838345549127555, 0.358395675146506, 0.3604275222941942, 0.3494614013846149], "val_acc": [0.7235, 0.8316666666666667, 0.8498333333333334, 0.8553333333333334, 0.88, 0.8946666666666666, 0.9026666666666665, 0.9091666666666667, 0.9075, 0.9116666666666666], "instance_queries": [0, 100, 100, 100, 100, 100, 100, 100, 100, 100]}}