{"num_epochs": 20, "scenario": "PoolBaseSamplingScenario", "strategy": "diverse_mini_batch", "batch_size": 10, "query_size": 100, "seed_size": 100, "model": "LeNet", "stopping_criterion": "query_number", "stopping_criterion_value": 900, "dataset_name": "mnist", "metric_values": {"train_loss": [0.05157296173274517, 0.019470658781938256, 0.014175370863328377, 0.00948940301896073, 0.006544867334887385, 0.0052489545196294785, 0.004163822423600192, 0.0035148403694620356, 0.003119353493416889, 0.0026786221622023734], "train_acc": [1.0, 1.0, 1.0, 1.0, 1.0, 1.0, 1.0, 1.0, 1.0, 1.0], "val_loss": [0.8958429587818683, 0.586194781383189, 0.46960807802931714, 0.4477849512733519, 0.42140308261538545, 0.4025225487712305, 0.3685889136230495, 0.3528770999446472, 0.36195964976718337, 0.3312662613064458], "val_acc": [0.7305, 0.8288333333333333, 0.87, 0.8751666666666668, 0.8878333333333334, 0.8941666666666667, 0.9033333333333333, 0.9106666666666666, 0.9056666666666668, 0.9178333333333334], "instance_queries": [0, 100, 100, 100, 100, 100, 100, 100, 100, 100]}}