{"num_epochs": 20, "scenario": "PoolBaseSamplingScenario", "strategy": "diverse_mini_batch", "batch_size": 10, "query_size": 100, "seed_size": 100, "model": "LeNet", "stopping_criterion": "query_number", "stopping_criterion_value": 900, "dataset_name": "mnist", "metric_values": {"train_loss": [0.05226195640861988, 0.023058653622865678, 0.012868945735196273, 0.009253769286442549, 0.006734708673320711, 0.005156371583386014, 0.004320189230410116, 0.0037624984193826093, 0.003538905088013659, 0.0030569450423354283], "train_acc": [1.0, 1.0, 1.0, 1.0, 1.0, 1.0, 1.0, 1.0, 1.0, 1.0], "val_loss": [0.8729055071125428, 0.5418864148063585, 0.4986962850469475, 0.45047868286143056, 0.4303156808816129, 0.37288933393584256, 0.3550810455024475, 0.32353458475787195, 0.32099089560011634, 0.30788698909707213], "val_acc": [0.73, 0.84, 0.8604999999999999, 0.8771666666666668, 0.8863333333333334, 0.902, 0.9134999999999999, 0.9221666666666666, 0.9213333333333332, 0.9246666666666667], "instance_queries": [0, 100, 100, 100, 100, 100, 100, 100, 100, 100]}}