{"num_epochs": 20, "scenario": "PoolBaseSamplingScenario", "strategy": "diverse_mini_batch", "batch_size": 10, "query_size": 100, "seed_size": 100, "model": "LeNet", "stopping_criterion": "query_number", "stopping_criterion_value": 900, "dataset_name": "mnist", "metric_values": {"train_loss": [0.048249595984816554, 0.01855084844864905, 0.011495558389772972, 0.009033047984121367, 0.007242561229504645, 0.006472964794375003, 0.005699734038872911, 0.004597266796190524, 0.00394812070686991, 0.0032237432972760873], "train_acc": [1.0, 1.0, 1.0, 1.0, 1.0, 1.0, 1.0, 1.0, 1.0, 1.0], "val_loss": [0.8857536018018921, 0.6426312931828821, 0.5296910373206871, 0.4539584637848505, 0.3925268281565513, 0.372904057611983, 0.3293701960730444, 0.314339545640493, 0.2995233097479407, 0.2842264292476466], "val_acc": [0.7281666666666666, 0.8153333333333334, 0.8456666666666667, 0.8753333333333334, 0.8901666666666667, 0.9026666666666667, 0.9136666666666667, 0.9175, 0.922, 0.9281666666666668], "instance_queries": [0, 100, 100, 100, 100, 100, 100, 100, 100, 100]}}