{"num_epochs": 20, "scenario": "PoolBaseSamplingScenario", "strategy": "diverse_mini_batch", "batch_size": 10, "query_size": 100, "seed_size": 100, "model": "LeNet", "stopping_criterion": "query_number", "stopping_criterion_value": 900, "dataset_name": "mnist", "metric_values": {"train_loss": [0.05554902032017708, 0.02341722478158772, 0.013345275454533597, 0.010074736992828548, 0.0070807086722925305, 0.005574894921543698, 0.004696181027351746, 0.0041379485643119555, 0.0033585214185424977, 0.0028850105148740114], "train_acc": [1.0, 1.0, 1.0, 1.0, 1.0, 1.0, 1.0, 1.0, 1.0, 1.0], "val_loss": [0.868952189485232, 0.6360379642108456, 0.5155033758919065, 0.47049206646857783, 0.434013831661044, 0.3961976168929444, 0.37237377233667457, 0.345717834578536, 0.3464762677521018, 0.3297305356198922], "val_acc": [0.7286666666666667, 0.8133333333333335, 0.8521666666666667, 0.8713333333333333, 0.8805, 0.8948333333333335, 0.9006666666666668, 0.9091666666666667, 0.9115, 0.9179999999999999], "instance_queries": [0, 100, 100, 100, 100, 100, 100, 100, 100, 100]}}