{"num_epochs": 20, "scenario": "PoolBaseSamplingScenario", "strategy": "diverse_mini_batch", "batch_size": 10, "query_size": 100, "seed_size": 100, "model": "LeNet", "stopping_criterion": "query_number", "stopping_criterion_value": 900, "dataset_name": "mnist", "metric_values": {"train_loss": [0.05395558439195156, 0.018598772399127484, 0.012247588112950325, 0.009819240059005096, 0.007734345383942127, 0.006622690854904552, 0.0056332941449779485, 0.004590934312000172, 0.004047422098099358, 0.0030912182916654272], "train_acc": [1.0, 1.0, 1.0, 1.0, 1.0, 1.0, 1.0, 1.0, 1.0, 1.0], "val_loss": [0.8793924111065765, 0.6462270912528038, 0.4789371843449771, 0.4192519751486058, 0.39129667363226567, 0.3500103082717396, 0.3369016419603334, 0.3292637408040658, 0.3263985387069018, 0.30463152518398906], "val_acc": [0.7336666666666667, 0.8128333333333334, 0.8620000000000001, 0.8825, 0.8893333333333332, 0.9068333333333334, 0.9126666666666667, 0.9140000000000001, 0.9186666666666667, 0.9234999999999999], "instance_queries": [0, 100, 100, 100, 100, 100, 100, 100, 100, 100]}}