{"num_epochs": 20, "scenario": "PoolBaseSamplingScenario", "strategy": "diverse_mini_batch", "batch_size": 10, "query_size": 100, "seed_size": 100, "model": "LeNet", "stopping_criterion": "query_number", "stopping_criterion_value": 900, "dataset_name": "mnist", "metric_values": {"train_loss": [0.056704474985599516, 0.024534208048135043, 0.017371161049231885, 0.01112895654514432, 0.009901068657636642, 0.007437085352527599, 0.005860673433302769, 0.004682248966128099, 0.004011234950869241, 0.0035770705138565974], "train_acc": [1.0, 1.0, 1.0, 1.0, 1.0, 1.0, 1.0, 1.0, 1.0, 1.0], "val_loss": [0.9023896385729313, 0.5890801930613816, 0.4885363494946311, 0.4199387450089368, 0.39456694639171475, 0.39281630094667586, 0.35196045687266936, 0.3353693563298051, 0.3229588144326893, 0.3218604487764727], "val_acc": [0.7255, 0.8245000000000001, 0.8626666666666667, 0.8820000000000001, 0.8935000000000001, 0.8936666666666667, 0.906, 0.9123333333333334, 0.9140000000000001, 0.9186666666666667], "instance_queries": [0, 100, 100, 100, 100, 100, 100, 100, 100, 100]}}