{"num_epochs": 20, "scenario": "PoolBaseSamplingScenario", "strategy": "diverse_mini_batch", "batch_size": 10, "query_size": 100, "seed_size": 100, "model": "LeNet", "stopping_criterion": "query_number", "stopping_criterion_value": 900, "dataset_name": "mnist", "metric_values": {"train_loss": [0.051986900717020036, 0.022154706250876188, 0.012852703128010035, 0.00920020362827927, 0.006765990881249308, 0.005351428687572479, 0.005013408982527575, 0.004060158722859341, 0.0036802081604643414, 0.0030654231435619296], "train_acc": [1.0, 1.0, 1.0, 1.0, 1.0, 1.0, 1.0, 1.0, 1.0, 1.0], "val_loss": [0.8706633091717958, 0.6030733810830862, 0.4671163316552217, 0.4341530986498886, 0.4196406445564935, 0.38304903749143704, 0.350029605627642, 0.3241126191367706, 0.3192518858127975, 0.30783911590658436], "val_acc": [0.734, 0.8258333333333333, 0.8685, 0.8779999999999999, 0.8836666666666667, 0.8951666666666667, 0.9076666666666667, 0.9155000000000001, 0.9166666666666666, 0.9225], "instance_queries": [0, 100, 100, 100, 100, 100, 100, 100, 100, 100]}}