{"num_epochs": 20, "scenario": "PoolBaseSamplingScenario", "strategy": "diverse_mini_batch", "batch_size": 10, "query_size": 100, "seed_size": 100, "model": "LeNet", "stopping_criterion": "query_number", "stopping_criterion_value": 900, "dataset_name": "mnist", "metric_values": {"train_loss": [0.06113868206739426, 0.027710929652675985, 0.01520797579238812, 0.010484183032531291, 0.008120786715298891, 0.006227145986243462, 0.0053435257386549246, 0.005199531534890412, 0.00442631256300956, 0.003301583988359198], "train_acc": [1.0, 1.0, 1.0, 1.0, 1.0, 1.0, 1.0, 1.0, 1.0, 1.0], "val_loss": [0.9175768186276158, 0.6117130736323695, 0.4976339048783605, 0.4401148660170535, 0.40981094576670635, 0.4121538994670846, 0.39202994887076786, 0.35993924222420903, 0.33742134978238025, 0.3338828315660066], "val_acc": [0.7201666666666666, 0.8218333333333334, 0.8640000000000001, 0.8781666666666667, 0.8891666666666667, 0.8926666666666667, 0.901, 0.91, 0.9128333333333334, 0.9153333333333334], "instance_queries": [0, 100, 100, 100, 100, 100, 100, 100, 100, 100]}}