{"num_epochs": 20, "scenario": "PoolBaseSamplingScenario", "strategy": "diverse_mini_batch", "batch_size": 10, "query_size": 100, "seed_size": 100, "model": "LeNet", "stopping_criterion": "query_number", "stopping_criterion_value": 900, "dataset_name": "mnist", "metric_values": {"train_loss": [0.05219773296266794, 0.023217163793742657, 0.014652885558704535, 0.012897666438948362, 0.009044858012348413, 0.006738064857199788, 0.0052668021759018305, 0.004070226495969109, 0.003699562617111951, 0.0033898624434368684], "train_acc": [1.0, 1.0, 1.0, 1.0, 1.0, 1.0, 1.0, 1.0, 1.0, 1.0], "val_loss": [0.857150427363813, 0.5793052873915682, 0.4767691181770836, 0.3945167013898026, 0.3995687141370339, 0.39409930994035675, 0.3844431844821277, 0.37204887444124324, 0.358113266879421, 0.34022790027161437], "val_acc": [0.7343333333333333, 0.8326666666666668, 0.8613333333333334, 0.8885000000000002, 0.89, 0.8965000000000002, 0.9016666666666666, 0.905, 0.9078333333333334, 0.9128333333333334], "instance_queries": [0, 100, 100, 100, 100, 100, 100, 100, 100, 100]}}