{"num_epochs": 20, "scenario": "PoolBaseSamplingScenario", "strategy": "diverse_mini_batch", "batch_size": 10, "query_size": 100, "seed_size": 100, "model": "LeNet", "stopping_criterion": "query_number", "stopping_criterion_value": 900, "dataset_name": "mnist", "metric_values": {"train_loss": [0.04542058650404215, 0.018219067389145492, 0.012732277562220892, 0.009776422404684126, 0.007331095524132252, 0.006517902274693673, 0.005078037440710302, 0.003970909643976483, 0.0034530183746634673, 0.003179029487655498], "train_acc": [1.0, 1.0, 1.0, 1.0, 1.0, 1.0, 1.0, 1.0, 1.0, 1.0], "val_loss": [0.9301094087027013, 0.6541854404704646, 0.5074061915340523, 0.44761027362158834, 0.4138607702968875, 0.37641094655923857, 0.3699051600739282, 0.3413976084852281, 0.31172283941540324, 0.2884615177929421], "val_acc": [0.722, 0.8071666666666668, 0.8525, 0.8793333333333334, 0.8911666666666668, 0.9015, 0.9063333333333332, 0.9153333333333334, 0.9241666666666667, 0.9266666666666666], "instance_queries": [0, 100, 100, 100, 100, 100, 100, 100, 100, 100]}}