{"num_epochs": 20, "scenario": "PoolBaseSamplingScenario", "strategy": "diverse_mini_batch", "batch_size": 10, "query_size": 100, "seed_size": 100, "model": "LeNet", "stopping_criterion": "query_number", "stopping_criterion_value": 900, "dataset_name": "mnist", "metric_values": {"train_loss": [0.05062278844416142, 0.018882159795612096, 0.010039112546170752, 0.008867635950446128, 0.006425003292970359, 0.00519631975912489, 0.004732274874446115, 0.004173369878844824, 0.0037178550458823643, 0.0030634014698443933], "train_acc": [1.0, 1.0, 1.0, 1.0, 1.0, 1.0, 1.0, 1.0, 1.0, 1.0], "val_loss": [0.9306062769331038, 0.5834408609196544, 0.47475995315161224, 0.415065370669278, 0.3898946806033685, 0.37814764624558544, 0.3589475059161972, 0.3595652684537345, 0.3478185173761449, 0.32791013208062697], "val_acc": [0.7183333333333334, 0.8236666666666667, 0.8615000000000002, 0.8828333333333334, 0.8931666666666667, 0.8985000000000001, 0.9055000000000001, 0.9073333333333333, 0.9111666666666668, 0.9173333333333334], "instance_queries": [0, 100, 100, 100, 100, 100, 100, 100, 100, 100]}}