{"num_epochs": 20, "scenario": "PoolBaseSamplingScenario", "strategy": "random_sampling", "batch_size": 10, "query_size": 100, "seed_size": 100, "model": "VggNet", "stopping_criterion": "query_number", "stopping_criterion_value": 900, "dataset_name": "mnist", "metric_values": {"train_loss": [1.7437944889068604, 1.8284579038619995, 1.6598039031028748, 1.8268803000450133, 1.8663005971908568, 1.109123107790947, 1.6732569898877825, 1.1716028340160847, 0.8856682661506865, 0.9018015757203102], "train_acc": [0.32999999999999996, 0.295, 0.3433333333333334, 0.21749999999999997, 0.278, 0.5716666666666669, 0.2685714285714285, 0.54, 0.6633333333333333, 0.6010000000000001], "val_loss": [1.7571347655852636, 2.0555758454402286, 2.7360304311911263, 1.7983228409290313, 1.9236871055761973, 1.0102120007574558, 1.4988796068231265, 0.8877913556993008, 0.8797005429615578, 0.8479951746761799], "val_acc": [0.3021666666666667, 0.21550000000000002, 0.23933333333333337, 0.25316666666666665, 0.21416666666666667, 0.645, 0.3126666666666667, 0.6096666666666667, 0.6281666666666667, 0.6583333333333333], "instance_queries": [0, 100, 100, 100, 100, 100, 100, 100, 100, 100]}}