{"num_epochs": 20, "scenario": "PoolBaseSamplingScenario", "strategy": "random_sampling", "batch_size": 10, "query_size": 100, "seed_size": 100, "model": "VggNet", "stopping_criterion": "query_number", "stopping_criterion_value": 900, "dataset_name": "mnist", "metric_values": {"train_loss": [1.813493537902832, 2.051709657907486, 1.6508593757947285, 1.6342926561832427, 1.675526192188263, 1.3334606568018594, 1.809480493409293, 1.354536669701338, 0.9059075928396649, 0.8873096677660942], "train_acc": [0.28, 0.25, 0.39666666666666667, 0.2925, 0.30800000000000005, 0.45333333333333337, 0.3142857142857142, 0.41, 0.6300000000000001, 0.6839999999999999], "val_loss": [2.6308346903324127, 2.146965716679891, 1.6228258925676347, 1.5539101733764014, 2.0246923299630484, 1.3164579712351163, 1.679446514149507, 1.2277967537442842, 0.6640086845308543, 0.8239466300606728], "val_acc": [0.14666666666666667, 0.24016666666666667, 0.37816666666666665, 0.31483333333333335, 0.24283333333333332, 0.42416666666666664, 0.30116666666666664, 0.4625, 0.7665000000000001, 0.6531666666666667], "instance_queries": [0, 100, 100, 100, 100, 100, 100, 100, 100, 100]}}