{"num_epochs": 20, "scenario": "PoolBaseSamplingScenario", "strategy": "random_sampling", "batch_size": 10, "query_size": 100, "seed_size": 100, "model": "VggNet", "stopping_criterion": "query_number", "stopping_criterion_value": 900, "dataset_name": "mnist", "metric_values": {"train_loss": [1.6511043787002564, 1.9143383026123046, 1.9588094115257264, 1.5870993822813033, 1.5759387063980101, 1.4220015893379847, 1.146331762416022, 1.5246219605207443, 0.9574010514550739, 0.7310287147760391], "train_acc": [0.34, 0.2700000000000001, 0.2533333333333333, 0.36, 0.32599999999999996, 0.38500000000000006, 0.5328571428571429, 0.35750000000000004, 0.6022222222222222, 0.708], "val_loss": [1.6542432969808578, 2.004705396294594, 1.7896629188458124, 1.4158154806494714, 1.6362969158093135, 1.216870089272658, 1.0169984797139962, 1.438542566895485, 0.81703768029809, 0.6295745803710694], "val_acc": [0.3668333333333333, 0.212, 0.21416666666666667, 0.4571666666666666, 0.285, 0.43649999999999994, 0.6146666666666666, 0.36333333333333334, 0.655, 0.7633333333333333], "instance_queries": [0, 100, 100, 100, 100, 100, 100, 100, 100, 100]}}