{"num_epochs": 20, "scenario": "PoolBaseSamplingScenario", "strategy": "random_sampling", "batch_size": 10, "query_size": 100, "seed_size": 100, "model": "VggNet", "stopping_criterion": "query_number", "stopping_criterion_value": 900, "dataset_name": "mnist", "metric_values": {"train_loss": [1.6459890842437743, 1.6787385821342469, 1.672881046930949, 1.7889072746038437, 1.381857990026474, 1.9830539087454477, 1.2593046486377717, 1.2795020811259747, 1.610785304175483, 1.530854371190071], "train_acc": [0.43999999999999995, 0.33999999999999997, 0.35333333333333333, 0.2875, 0.39199999999999996, 0.24333333333333332, 0.4757142857142857, 0.4262499999999999, 0.35222222222222227, 0.382], "val_loss": [3.340914684931437, 1.8530808945496877, 1.4617335908611615, 1.7064556152621906, 1.3666173561414083, 1.9641418236494064, 1.3960879334807397, 1.1736789797743161, 1.4071247987945874, 1.7150768654545148], "val_acc": [0.10033333333333334, 0.294, 0.43299999999999994, 0.3459999999999999, 0.44683333333333325, 0.2368333333333333, 0.4128333333333334, 0.4446666666666667, 0.3928333333333333, 0.25916666666666666], "instance_queries": [0, 100, 100, 100, 100, 100, 100, 100, 100, 100]}}