{"num_epochs": 20, "scenario": "PoolBaseSamplingScenario", "strategy": "random_sampling", "batch_size": 10, "query_size": 100, "seed_size": 100, "model": "VggNet", "stopping_criterion": "query_number", "stopping_criterion_value": 900, "dataset_name": "mnist", "metric_values": {"train_loss": [1.83059241771698, 2.0527593553066255, 1.796967120965322, 1.303309753537178, 1.7514983010292053, 1.4293594767649969, 1.388255137205124, 1.8851283743977547, 1.3513662550184462, 1.1130368888378144], "train_acc": [0.27, 0.21999999999999997, 0.2700000000000001, 0.49000000000000005, 0.31400000000000006, 0.37166666666666665, 0.45000000000000007, 0.2225, 0.4111111111111111, 0.566], "val_loss": [1.8493006763855617, 2.018358379006386, 1.7737321348985036, 1.2398109590013822, 1.723127092619737, 1.3948965321977933, 1.117528737684091, 1.7913567644357682, 1.2860570295651754, 1.0155212976162633], "val_acc": [0.30050000000000004, 0.2021666666666667, 0.2536666666666667, 0.4826666666666667, 0.30783333333333335, 0.3873333333333333, 0.5281666666666667, 0.2051666666666667, 0.44049999999999995, 0.5429999999999999], "instance_queries": [0, 100, 100, 100, 100, 100, 100, 100, 100, 100]}}