{"num_epochs": 20, "scenario": "PoolBaseSamplingScenario", "strategy": "random_sampling", "batch_size": 10, "query_size": 100, "seed_size": 100, "model": "VggNet", "stopping_criterion": "query_number", "stopping_criterion_value": 900, "dataset_name": "mnist", "metric_values": {"train_loss": [1.5477669477462768, 2.051464706659317, 1.7020980358123778, 1.6308463275432588, 1.3214694094657897, 1.3715435812870662, 1.625218209198543, 1.493851463496685, 0.8979281822840373, 1.0390724319219589], "train_acc": [0.43000000000000005, 0.26, 0.24666666666666665, 0.3275, 0.488, 0.46, 0.3142857142857142, 0.3375, 0.7233333333333333, 0.585], "val_loss": [1.8909091983238857, 1.865958850979805, 1.6432588797807695, 1.500813906689485, 1.0075859653949737, 1.5320053696632385, 1.478979016840458, 1.2748842917879422, 0.4968862513328592, 0.7704343991726637], "val_acc": [0.33216666666666667, 0.2513333333333333, 0.29783333333333334, 0.38916666666666666, 0.6011666666666666, 0.3725, 0.33149999999999996, 0.5118333333333334, 0.8520000000000001, 0.6933333333333334], "instance_queries": [0, 100, 100, 100, 100, 100, 100, 100, 100, 100]}}