{"num_epochs": 20, "scenario": "PoolBaseSamplingScenario", "strategy": "random_sampling", "batch_size": 10, "query_size": 100, "seed_size": 100, "model": "VggNet", "stopping_criterion": "query_number", "stopping_criterion_value": 900, "dataset_name": "mnist", "metric_values": {"train_loss": [2.102627432346344, 1.622514581680298, 1.7428926587104798, 1.844270646572113, 1.6792657446861268, 1.7301218370596567, 1.8766610145568847, 1.2065886780619621, 1.2747829145855374, 0.9275300884246827], "train_acc": [0.26999999999999996, 0.37, 0.25, 0.27, 0.27799999999999997, 0.3516666666666667, 0.2814285714285715, 0.5625, 0.5033333333333333, 0.6629999999999999], "val_loss": [2.0549192466338475, 2.05149469067653, 1.6378195174535115, 1.7980086823304495, 1.4473036140203477, 1.4429162541031837, 1.6632027127345403, 0.985512515977025, 0.9501526622474193, 0.8123683452606201], "val_acc": [0.20983333333333334, 0.30083333333333334, 0.26883333333333337, 0.25383333333333336, 0.323, 0.42050000000000004, 0.32916666666666666, 0.6551666666666667, 0.6766666666666666, 0.7081666666666666], "instance_queries": [0, 100, 100, 100, 100, 100, 100, 100, 100, 100]}}