{"num_epochs": 20, "scenario": "PoolBaseSamplingScenario", "strategy": "random_sampling", "batch_size": 10, "query_size": 100, "seed_size": 100, "model": "VggNet", "stopping_criterion": "query_number", "stopping_criterion_value": 900, "dataset_name": "mnist", "metric_values": {"train_loss": [1.8134963989257813, 1.795976960659027, 1.8403846462567648, 1.8822745263576508, 1.5527219104766845, 1.629573998848597, 1.6090496063232422, 1.6255351260304451, 1.5020730276902516, 1.0711083650588988], "train_acc": [0.32, 0.23500000000000001, 0.27666666666666667, 0.27, 0.326, 0.33833333333333326, 0.31428571428571433, 0.34249999999999997, 0.34888888888888886, 0.583], "val_loss": [1.7985612545410792, 1.7653772723674774, 1.731557038227717, 1.8347361834843954, 1.7207362680633862, 2.189424629211426, 2.067234412829081, 2.2341178556283317, 1.3964281148711841, 0.7516108657668035], "val_acc": [0.23700000000000002, 0.24883333333333335, 0.27566666666666667, 0.27349999999999997, 0.2903333333333334, 0.2831666666666667, 0.19849999999999998, 0.2165, 0.4043333333333333, 0.7583333333333333], "instance_queries": [0, 100, 100, 100, 100, 100, 100, 100, 100, 100]}}