{"num_epochs": 20, "scenario": "PoolBaseSamplingScenario", "strategy": "random_sampling", "batch_size": 10, "query_size": 100, "seed_size": 100, "model": "VggNet", "stopping_criterion": "query_number", "stopping_criterion_value": 900, "dataset_name": "mnist", "metric_values": {"train_loss": [1.5199979662895202, 1.939481693506241, 2.2607633113861083, 1.5625366508960723, 1.777533519268036, 1.4781436026096344, 1.0711626550980977, 1.5442084230482578, 0.9026348519656393, 1.2821527636051178], "train_acc": [0.4, 0.24, 0.1633333333333333, 0.3375, 0.262, 0.37666666666666665, 0.6242857142857143, 0.36, 0.6444444444444445, 0.5330000000000001], "val_loss": [2.0244794602195424, 1.969909843802452, 2.2808535885810852, 1.631138757566611, 1.5985501615206401, 1.5400441625714303, 0.8538311869899432, 1.4880548450350761, 0.6579442372421423, 0.9200117574135462], "val_acc": [0.2705, 0.21233333333333335, 0.141, 0.33699999999999997, 0.30433333333333334, 0.3426666666666666, 0.6741666666666667, 0.36833333333333335, 0.7651666666666667, 0.6904999999999999], "instance_queries": [0, 100, 100, 100, 100, 100, 100, 100, 100, 100]}}