{"num_epochs": 20, "scenario": "PoolBaseSamplingScenario", "strategy": "random_sampling", "batch_size": 10, "query_size": 100, "seed_size": 100, "model": "VggNet", "stopping_criterion": "query_number", "stopping_criterion_value": 900, "dataset_name": "mnist", "metric_values": {"train_loss": [2.0540189266204836, 1.5529067158699035, 1.9842760761578877, 1.5681378036737441, 1.9849840545654296, 1.3874182999134064, 1.5362783457551683, 1.8560638964176177, 1.2858606027232276, 0.9159404444694519], "train_acc": [0.30999999999999994, 0.33999999999999997, 0.21333333333333332, 0.3675, 0.268, 0.47333333333333333, 0.3771428571428571, 0.28625, 0.4811111111111111, 0.669], "val_loss": [2.015899996360143, 1.8417333022256692, 1.8396114695072174, 1.658457583785057, 1.9697660048802694, 1.3743232968946297, 1.3670743482311567, 1.680915038685004, 1.0751174832383792, 0.8888192946463823], "val_acc": [0.237, 0.4051666666666667, 0.23683333333333337, 0.35800000000000004, 0.215, 0.42849999999999994, 0.395, 0.2778333333333333, 0.5255, 0.6754999999999999], "instance_queries": [0, 100, 100, 100, 100, 100, 100, 100, 100, 100]}}