{"num_epochs": 20, "scenario": "PoolBaseSamplingScenario", "strategy": "random_sampling", "batch_size": 10, "query_size": 100, "seed_size": 100, "model": "VggNet", "stopping_criterion": "query_number", "stopping_criterion_value": 900, "dataset_name": "mnist", "metric_values": {"train_loss": [1.7418153285980225, 1.939360648393631, 1.648316470781962, 1.4790997862815858, 1.6662833166122437, 1.2574335863192876, 1.4121122104781014, 1.6037816137075425, 1.379699773920907, 0.9457629901170731], "train_acc": [0.32999999999999996, 0.22500000000000003, 0.3433333333333333, 0.3775, 0.306, 0.5266666666666667, 0.3585714285714286, 0.355, 0.43777777777777777, 0.611], "val_loss": [1.9033078561226526, 2.035750703414281, 1.518510726193587, 1.7104224941134454, 1.4942729075749714, 1.2356605602800845, 1.3983061614632606, 1.3995760599772136, 1.246058734357357, 0.6315039518723885], "val_acc": [0.31233333333333335, 0.18133333333333335, 0.36766666666666664, 0.3135, 0.3825, 0.538, 0.37633333333333335, 0.41300000000000003, 0.5120000000000001, 0.7763333333333333], "instance_queries": [0, 100, 100, 100, 100, 100, 100, 100, 100, 100]}}