{"num_epochs": 20, "scenario": "PoolBaseSamplingScenario", "strategy": "random_sampling", "batch_size": 10, "query_size": 100, "seed_size": 100, "model": "VggNet", "stopping_criterion": "query_number", "stopping_criterion_value": 900, "dataset_name": "mnist", "metric_values": {"train_loss": [1.7706595063209534, 1.8425122678279877, 2.024095392227173, 1.936264106631279, 1.5646968984603882, 1.867681187391281, 0.8818032507385526, 0.7078129926696419, 1.330546987719006, 1.1396723926067351], "train_acc": [0.27, 0.24, 0.27666666666666667, 0.19000000000000003, 0.38400000000000006, 0.24166666666666664, 0.6814285714285716, 0.76625, 0.43444444444444447, 0.5479999999999999], "val_loss": [1.7417548475662867, 1.7580698410669962, 1.9970038747787475, 1.841775113940239, 1.4763285806775093, 1.980137643814087, 1.4896484066421787, 0.4446080390860637, 1.1060335818429787, 1.2951695942382018], "val_acc": [0.26683333333333337, 0.30100000000000005, 0.21800000000000003, 0.2743333333333334, 0.38266666666666665, 0.22100000000000003, 0.6053333333333332, 0.8778333333333334, 0.5141666666666667, 0.5165], "instance_queries": [0, 100, 100, 100, 100, 100, 100, 100, 100, 100]}}