{"num_epochs": 20, "scenario": "PoolBaseSamplingScenario", "strategy": "random_sampling", "batch_size": 10, "query_size": 100, "seed_size": 100, "model": "VggNet", "stopping_criterion": "query_number", "stopping_criterion_value": 900, "dataset_name": "mnist", "metric_values": {"train_loss": [2.0783583402633665, 1.8993381440639496, 1.7839060107866922, 1.5188425868749618, 1.5944023752212524, 1.5064878741900125, 1.4441743050302778, 1.4686813898384572, 1.2457628892527686, 1.0628594973683356], "train_acc": [0.29, 0.255, 0.31333333333333335, 0.34500000000000003, 0.3600000000000001, 0.38, 0.4742857142857143, 0.4112499999999999, 0.4966666666666667, 0.523], "val_loss": [2.012160969575246, 1.8904311436414718, 1.6206858978668848, 1.3829317040244737, 1.7802612167596816, 1.2528076521555582, 1.6692073193192483, 1.2926544631520906, 1.1702807108561197, 0.9803937538464864], "val_acc": [0.23166666666666666, 0.23199999999999998, 0.33599999999999997, 0.375, 0.25350000000000006, 0.5183333333333333, 0.3885, 0.4295, 0.5448333333333333, 0.5538333333333334], "instance_queries": [0, 100, 100, 100, 100, 100, 100, 100, 100, 100]}}