{"num_epochs": 20, "scenario": "PoolBaseSamplingScenario", "strategy": "random_sampling", "batch_size": 10, "query_size": 100, "seed_size": 100, "model": "VggNet", "stopping_criterion": "query_number", "stopping_criterion_value": 900, "dataset_name": "mnist", "metric_values": {"train_loss": [1.841204833984375, 1.6154918611049651, 1.4245644847551981, 1.4370545998215676, 1.5746655941009522, 1.3648172875245412, 1.4003272610051292, 1.4900170907378196, 1.1954901079336802, 1.0543033647537232], "train_acc": [0.26, 0.385, 0.4333333333333334, 0.4375, 0.292, 0.445, 0.3957142857142857, 0.4375, 0.5522222222222222, 0.578], "val_loss": [2.1125161910057066, 1.7923108712832132, 1.333008845647176, 1.2855068704485892, 1.4487466212113698, 1.3758898493647576, 1.3929275471965472, 1.3770274581511814, 0.7992892161756754, 0.8150924595693747], "val_acc": [0.15983333333333336, 0.3061666666666667, 0.4451666666666667, 0.4898333333333333, 0.3875, 0.38633333333333336, 0.38683333333333336, 0.4551666666666667, 0.7031666666666666, 0.6651666666666667], "instance_queries": [0, 100, 100, 100, 100, 100, 100, 100, 100, 100]}}