{"num_epochs": 20, "scenario": "PoolBaseSamplingScenario", "strategy": "random_sampling", "batch_size": 10, "query_size": 100, "seed_size": 100, "model": "VggNet", "stopping_criterion": "query_number", "stopping_criterion_value": 900, "dataset_name": "mnist", "metric_values": {"train_loss": [2.060616707801819, 1.8666745364665984, 1.7524741291999817, 1.6178401827812194, 2.039002740383148, 1.3011588235696157, 1.333660193000521, 1.0848654355853795, 1.4200586054060194, 1.248112233877182], "train_acc": [0.21000000000000002, 0.22999999999999998, 0.25000000000000006, 0.315, 0.21799999999999997, 0.47333333333333333, 0.3842857142857143, 0.57125, 0.3911111111111111, 0.473], "val_loss": [2.026042818625768, 1.8261268937587738, 1.7244750680526097, 1.6985559527079264, 1.9853107782204946, 1.0951478165388107, 1.228114216029644, 0.9946973159164191, 1.0686813589930535, 0.9567871194084485], "val_acc": [0.2305, 0.2071666666666667, 0.2758333333333333, 0.30916666666666665, 0.2176666666666667, 0.47866666666666663, 0.44100000000000006, 0.625, 0.5473333333333333, 0.6133333333333333], "instance_queries": [0, 100, 100, 100, 100, 100, 100, 100, 100, 100]}}