{"num_epochs": 20, "scenario": "PoolBaseSamplingScenario", "strategy": "random_sampling", "batch_size": 10, "query_size": 100, "seed_size": 100, "model": "VggNet", "stopping_criterion": "query_number", "stopping_criterion_value": 900, "dataset_name": "mnist", "metric_values": {"train_loss": [1.597661304473877, 1.7610289931297303, 2.0572216391563414, 1.6928490579128266, 2.2681178522109984, 1.2707939088344573, 1.549288639851979, 1.5391774244606495, 1.064561429950926, 1.3015432173013688], "train_acc": [0.39999999999999997, 0.325, 0.25666666666666665, 0.3075, 0.14400000000000002, 0.4683333333333334, 0.36857142857142855, 0.35, 0.58, 0.435], "val_loss": [1.7617030817270278, 1.756414284904798, 1.9409451494614283, 1.5982538797458012, 2.2802902805805205, 1.195958081285159, 1.4139788117011387, 1.3749541398882865, 0.9905687003334364, 1.3350624099373818], "val_acc": [0.2981666666666667, 0.2831666666666666, 0.23533333333333337, 0.37816666666666665, 0.13633333333333336, 0.48866666666666664, 0.36683333333333334, 0.3885, 0.6086666666666667, 0.41583333333333333], "instance_queries": [0, 100, 100, 100, 100, 100, 100, 100, 100, 100]}}