{"num_epochs": 20, "scenario": "PoolBaseSamplingScenario", "strategy": "random_sampling", "batch_size": 10, "query_size": 100, "seed_size": 100, "model": "VggNet", "stopping_criterion": "query_number", "stopping_criterion_value": 900, "dataset_name": "mnist", "metric_values": {"train_loss": [1.6340590715408325, 1.941123855113983, 2.150195825099945, 1.882748618721962, 1.6725164985656737, 1.1460076381762823, 0.7520541697740555, 1.3987942688167094, 0.9519379629029168, 1.4941742169857024], "train_acc": [0.29999999999999993, 0.27, 0.21666666666666667, 0.25250000000000006, 0.306, 0.5366666666666666, 0.7314285714285714, 0.4, 0.6255555555555555, 0.4049999999999999], "val_loss": [1.7584786025683086, 2.125686409473419, 2.1262634525696438, 1.9039826039473216, 1.4809185707569121, 1.106998169819514, 0.6531999975939592, 1.8911416132251422, 0.8715408202260733, 1.2523559257388115], "val_acc": [0.3013333333333333, 0.1901666666666667, 0.19116666666666668, 0.24083333333333334, 0.3308333333333333, 0.5475, 0.7645, 0.36816666666666664, 0.6916666666666667, 0.48066666666666663], "instance_queries": [0, 100, 100, 100, 100, 100, 100, 100, 100, 100]}}