{"num_epochs": 20, "scenario": "PoolBaseSamplingScenario", "strategy": "random_sampling", "batch_size": 10, "query_size": 100, "seed_size": 100, "model": "VggNet", "stopping_criterion": "query_number", "stopping_criterion_value": 900, "dataset_name": "mnist", "metric_values": {"train_loss": [2.092281222343445, 1.8827370047569274, 1.7886563857396445, 1.555389255285263, 1.7231482350826264, 1.4672086477279662, 1.1280910149216652, 1.6375986278057098, 0.8552287659711308, 1.4622556966543199], "train_acc": [0.2799999999999999, 0.26, 0.25999999999999995, 0.32749999999999996, 0.336, 0.3916666666666666, 0.5871428571428572, 0.30999999999999994, 0.6677777777777778, 0.37699999999999995], "val_loss": [1.9432739653189977, 1.7788531881570817, 1.7009552373488743, 1.501941437125206, 1.8375638574361801, 1.3348878100514412, 1.0697383441030979, 1.3606408822536469, 0.7724272675563891, 1.8521984776854514], "val_acc": [0.25, 0.24783333333333332, 0.32166666666666666, 0.3308333333333333, 0.2423333333333334, 0.4041666666666667, 0.5533333333333333, 0.41883333333333334, 0.6791666666666667, 0.30116666666666664], "instance_queries": [0, 100, 100, 100, 100, 100, 100, 100, 100, 100]}}