{"num_epochs": 20, "scenario": "PoolBaseSamplingScenario", "strategy": "random_sampling", "batch_size": 10, "query_size": 100, "seed_size": 100, "model": "VggNet", "stopping_criterion": "query_number", "stopping_criterion_value": 900, "dataset_name": "mnist", "metric_values": {"train_loss": [1.6924209594726562, 1.5895298212766646, 1.6987981478373209, 2.045126286149025, 1.2335678040981293, 1.5521094580491384, 1.6473724944250925, 1.5028303518891335, 0.6737447727885512, 1.444380750656128], "train_acc": [0.26, 0.37, 0.2766666666666666, 0.195, 0.526, 0.41500000000000004, 0.3271428571428571, 0.39249999999999996, 0.7588888888888888, 0.436], "val_loss": [2.1537945719559985, 2.5265086318055787, 1.5812846931815148, 2.0008259459336597, 1.0497237678368887, 1.3646236925323805, 1.5719173463185627, 1.214246339003245, 0.3759385199223955, 1.2675612247983614], "val_acc": [0.17800000000000002, 0.28933333333333333, 0.29616666666666663, 0.21, 0.5616666666666666, 0.455, 0.354, 0.5273333333333333, 0.8968333333333334, 0.44399999999999995], "instance_queries": [0, 100, 100, 100, 100, 100, 100, 100, 100, 100]}}