{"num_epochs": 20, "scenario": "PoolBaseSamplingScenario", "strategy": "random_sampling", "batch_size": 10, "query_size": 100, "seed_size": 100, "model": "VggNet", "stopping_criterion": "query_number", "stopping_criterion_value": 900, "dataset_name": "mnist", "metric_values": {"train_loss": [1.8716596841812134, 1.5955731868743896, 2.047166661421458, 2.0441873759031295, 1.5134063744544983, 1.4542338480552037, 1.5720857841627938, 1.31617908552289, 1.7143902911080255, 0.9135473027825356], "train_acc": [0.29999999999999993, 0.285, 0.23666666666666666, 0.22749999999999998, 0.44199999999999995, 0.40166666666666667, 0.2885714285714286, 0.4574999999999999, 0.37444444444444447, 0.6200000000000001], "val_loss": [1.981706185142199, 1.9360562382141748, 1.998256939649582, 1.9955107929309208, 1.3708025984466077, 1.4302191963791848, 1.527326350013415, 1.3071680791179339, 1.5807804492115975, 0.7661078877995412], "val_acc": [0.2828333333333334, 0.25233333333333335, 0.201, 0.20633333333333334, 0.4748333333333333, 0.4048333333333333, 0.32133333333333336, 0.4646666666666666, 0.37516666666666665, 0.7316666666666667], "instance_queries": [0, 100, 100, 100, 100, 100, 100, 100, 100, 100]}}