{"num_epochs": 20, "scenario": "PoolBaseSamplingScenario", "strategy": "margin_sampling", "batch_size": 10, "query_size": 100, "seed_size": 100, "model": "LeNet", "stopping_criterion": "query_number", "stopping_criterion_value": 900, "dataset_name": "cifar10", "metric_values": {"train_loss": [0.30116348415613176, 0.2869223281741142, 0.3515311345458031, 0.3771098513156176, 0.3679620552062988, 0.36867059841752053, 0.4045583275812013, 0.4045289194211364, 0.421750900728835, 0.3916697883605957], "train_acc": [0.9800000000000001, 0.975, 0.9299999999999998, 0.9375, 0.948, 0.9183333333333332, 0.9057142857142857, 0.9125, 0.9022222222222223, 0.9120000000000001], "val_loss": [2.8073535063266752, 2.7631092040538787, 2.666045222759247, 2.6400654296875, 2.5997077696323396, 2.6013374264240263, 2.4461103771924972, 2.4192000472545625, 2.360039845943451, 2.3856903133392335], "val_acc": [0.231, 0.2416, 0.25900000000000006, 0.28120000000000006, 0.292, 0.299, 0.3324, 0.332, 0.3346, 0.3442], "instance_queries": [0, 100, 100, 100, 100, 100, 100, 100, 100, 100]}}