{"num_epochs": 20, "scenario": "PoolBaseSamplingScenario", "strategy": "margin_sampling", "batch_size": 10, "query_size": 100, "seed_size": 100, "model": "LeNet", "stopping_criterion": "query_number", "stopping_criterion_value": 900, "dataset_name": "cifar10", "metric_values": {"train_loss": [0.41721269488334656, 0.22737544104456903, 0.38369613091150917, 0.3674927160143852, 0.373816990852356, 0.440221148232619, 0.45759291521140505, 0.40748218074440956, 0.4211243424150679, 0.3795456449687481], "train_acc": [0.9400000000000001, 0.99, 0.94, 0.9225, 0.9279999999999999, 0.9016666666666667, 0.8928571428571428, 0.9100000000000001, 0.9233333333333335, 0.9220000000000003], "val_loss": [2.7614610500335695, 2.895585351705551, 2.62454504442215, 2.6310504027605055, 2.544393685519695, 2.4965701600313186, 2.40587377178669, 2.39406316447258, 2.3814653024673462, 2.382068508148193], "val_acc": [0.2324, 0.2358, 0.2616, 0.2788, 0.3022, 0.308, 0.315, 0.3324, 0.3286, 0.34579999999999994], "instance_queries": [0, 100, 100, 100, 100, 100, 100, 100, 100, 100]}}