{"num_epochs": 20, "scenario": "PoolBaseSamplingScenario", "strategy": "margin_sampling", "batch_size": 10, "query_size": 100, "seed_size": 100, "model": "LeNet", "stopping_criterion": "query_number", "stopping_criterion_value": 900, "dataset_name": "cifar10", "metric_values": {"train_loss": [0.31394743025302885, 0.2746780663728714, 0.3192026913166046, 0.3962098482996225, 0.43280924469232557, 0.5041921719908714, 0.5198604696563311, 0.4958667987957597, 0.4061851991547479, 0.39639967307448387], "train_acc": [0.9700000000000001, 0.9649999999999999, 0.9533333333333333, 0.9175000000000001, 0.9179999999999999, 0.8866666666666667, 0.8799999999999999, 0.875, 0.9155555555555556, 0.9130000000000001], "val_loss": [2.8040436718463897, 2.7584227867126465, 2.7113694660663605, 2.7067023980617524, 2.583765214204788, 2.5277063171863556, 2.4710198283195495, 2.4581748778820036, 2.4700427953004835, 2.453924891233444], "val_acc": [0.21919999999999998, 0.26280000000000003, 0.27820000000000006, 0.2936, 0.302, 0.308, 0.3272, 0.3248, 0.3266, 0.33720000000000006], "instance_queries": [0, 100, 100, 100, 100, 100, 100, 100, 100, 100]}}