{"num_epochs": 20, "scenario": "PoolBaseSamplingScenario", "strategy": "margin_sampling", "batch_size": 10, "query_size": 100, "seed_size": 100, "model": "LeNet", "stopping_criterion": "query_number", "stopping_criterion_value": 900, "dataset_name": "cifar10", "metric_values": {"train_loss": [0.29270183593034743, 0.3053757719695568, 0.4017672523856163, 0.4108399901539087, 0.4151037457585335, 0.3590844370424747, 0.35458828061819075, 0.3833328102715313, 0.3308859697646565, 0.3068704095482826], "train_acc": [0.99, 0.97, 0.9299999999999998, 0.9099999999999999, 0.9059999999999999, 0.9333333333333333, 0.9271428571428573, 0.91875, 0.9344444444444444, 0.9440000000000002], "val_loss": [2.888999841928482, 2.671796492099762, 2.5300796990394594, 2.5459495446681975, 2.4564543776512147, 2.5288976538181305, 2.514250037550926, 2.4574610971212385, 2.5130811746120454, 2.4422688821554184], "val_acc": [0.22820000000000001, 0.24980000000000002, 0.294, 0.30260000000000004, 0.3136, 0.30579999999999996, 0.3158, 0.332, 0.327, 0.3292], "instance_queries": [0, 100, 100, 100, 100, 100, 100, 100, 100, 100]}}