{"num_epochs": 20, "scenario": "PoolBaseSamplingScenario", "strategy": "margin_sampling", "batch_size": 10, "query_size": 100, "seed_size": 100, "model": "LeNet", "stopping_criterion": "query_number", "stopping_criterion_value": 900, "dataset_name": "cifar10", "metric_values": {"train_loss": [0.2668058231472969, 0.2575699597597122, 0.32025515139102934, 0.4273339698091149, 0.4855740264058113, 0.5611594786246618, 0.5707927254693849, 0.4626675691455603, 0.40908664398723177, 0.38422747895121573], "train_acc": [0.9800000000000001, 0.97, 0.9733333333333333, 0.9099999999999999, 0.8999999999999999, 0.8616666666666665, 0.8485714285714285, 0.8800000000000001, 0.9088888888888889, 0.9180000000000004], "val_loss": [2.813863304376602, 2.735832675933838, 2.699641813635826, 2.6045249061584475, 2.509213427066803, 2.423263338327408, 2.372620185494423, 2.4242713179588318, 2.400313046336174, 2.4021145622730256], "val_acc": [0.229, 0.27020000000000005, 0.263, 0.2806, 0.294, 0.293, 0.31, 0.3254, 0.33, 0.341], "instance_queries": [0, 100, 100, 100, 100, 100, 100, 100, 100, 100]}}