{"num_epochs": 20, "scenario": "PoolBaseSamplingScenario", "strategy": "margin_sampling", "batch_size": 10, "query_size": 100, "seed_size": 100, "model": "LeNet", "stopping_criterion": "query_number", "stopping_criterion_value": 900, "dataset_name": "cifar10", "metric_values": {"train_loss": [0.34913419336080553, 0.33503531068563464, 0.35372613618771237, 0.4328970775008202, 0.5074389779567718, 0.40996673504511516, 0.42522178388067655, 0.5879484118893743, 0.5532498106360435, 0.5649659575521946], "train_acc": [0.96, 0.9649999999999999, 0.9633333333333333, 0.9100000000000001, 0.8839999999999999, 0.9233333333333333, 0.9142857142857143, 0.825, 0.85, 0.8470000000000002], "val_loss": [2.819990736722946, 2.609371830224991, 2.6097648869752885, 2.5855497000217436, 2.4166655992269517, 2.433037041902542, 2.412032873630524, 2.3015714070796967, 2.2967602874040605, 2.2540467032194136], "val_acc": [0.22920000000000001, 0.26539999999999997, 0.28079999999999994, 0.28440000000000004, 0.292, 0.30340000000000006, 0.321, 0.33039999999999997, 0.3278000000000001, 0.3494], "instance_queries": [0, 100, 100, 100, 100, 100, 100, 100, 100, 100]}}