{"num_epochs": 20, "scenario": "PoolBaseSamplingScenario", "strategy": "margin_sampling", "batch_size": 10, "query_size": 100, "seed_size": 100, "model": "LeNet", "stopping_criterion": "query_number", "stopping_criterion_value": 900, "dataset_name": "cifar10", "metric_values": {"train_loss": [0.30848173052072525, 0.3009840495884418, 0.3569505030910174, 0.4294423073530197, 0.5423690754175187, 0.5602058415611585, 0.5556973725557327, 0.5071168435737491, 0.3767748572760158, 0.39210460886359216], "train_acc": [0.9800000000000001, 0.985, 0.9433333333333331, 0.9200000000000002, 0.8640000000000001, 0.8550000000000001, 0.8485714285714286, 0.87625, 0.9177777777777779, 0.9060000000000001], "val_loss": [2.8384088027477263, 2.7248806767463685, 2.691218643903732, 2.505607766032219, 2.4177600891590116, 2.3969545414447784, 2.36352454662323, 2.366982528090477, 2.3807020298242567, 2.346502621650696], "val_acc": [0.21819999999999998, 0.26080000000000003, 0.26500000000000007, 0.2864, 0.302, 0.31260000000000004, 0.3278, 0.337, 0.33940000000000003, 0.3408], "instance_queries": [0, 100, 100, 100, 100, 100, 100, 100, 100, 100]}}