{"num_epochs": 20, "scenario": "PoolBaseSamplingScenario", "strategy": "margin_sampling", "batch_size": 10, "query_size": 100, "seed_size": 100, "model": "LeNet", "stopping_criterion": "query_number", "stopping_criterion_value": 900, "dataset_name": "cifar10", "metric_values": {"train_loss": [0.3362297847867012, 0.31752843111753465, 0.3501069073875745, 0.4001609098166227, 0.3778254482150078, 0.403258415684104, 0.4841440145458494, 0.4062716508284211, 0.4948247778746817, 0.39070444911718366], "train_acc": [0.96, 0.96, 0.9433333333333332, 0.93, 0.9319999999999999, 0.9199999999999999, 0.8785714285714286, 0.9112500000000001, 0.8766666666666667, 0.916], "val_loss": [2.920509882926941, 2.846306395530701, 2.628513738155365, 2.5426073644161225, 2.5689236940145492, 2.558755571603775, 2.391034353375435, 2.414761915445328, 2.3524629312753675, 2.3071699184179306], "val_acc": [0.2238, 0.249, 0.284, 0.2954, 0.304, 0.308, 0.3256, 0.3298000000000001, 0.3326, 0.347], "instance_queries": [0, 100, 100, 100, 100, 100, 100, 100, 100, 100]}}