{"num_epochs": 20, "scenario": "PoolBaseSamplingScenario", "strategy": "margin_sampling", "batch_size": 10, "query_size": 100, "seed_size": 100, "model": "LeNet", "stopping_criterion": "query_number", "stopping_criterion_value": 900, "dataset_name": "cifar10", "metric_values": {"train_loss": [0.3441254198551178, 0.28969955667853353, 0.3499574765563011, 0.49821270182728766, 0.464477556347847, 0.39770714764793713, 0.3932438339505877, 0.4245903009548783, 0.38061336709393395, 0.3591878317296505], "train_acc": [0.9700000000000001, 0.9800000000000001, 0.9599999999999999, 0.8949999999999999, 0.8939999999999999, 0.9316666666666666, 0.9257142857142857, 0.9087499999999998, 0.9155555555555556, 0.9370000000000002], "val_loss": [2.786091764688492, 2.748451386451721, 2.576552646160126, 2.436840352296829, 2.441549238681793, 2.4510802265405656, 2.429497196316719, 2.398982246398926, 2.373526319146156, 2.425293605327606], "val_acc": [0.23320000000000002, 0.25, 0.2914, 0.30260000000000004, 0.30360000000000004, 0.3194, 0.3248, 0.33099999999999996, 0.3434, 0.34220000000000006], "instance_queries": [0, 100, 100, 100, 100, 100, 100, 100, 100, 100]}}