{"num_epochs": 20, "scenario": "PoolBaseSamplingScenario", "strategy": "margin_sampling", "batch_size": 10, "query_size": 100, "seed_size": 100, "model": "LeNet", "stopping_criterion": "query_number", "stopping_criterion_value": 900, "dataset_name": "cifar10", "metric_values": {"train_loss": [0.41365015506744385, 0.36817029640078547, 0.4310950070619583, 0.5108130030333996, 0.5399885791540145, 0.527704744040966, 0.586691791670663, 0.5274120539426803, 0.526988438102934, 0.45965423822402957], "train_acc": [0.96, 0.9599999999999997, 0.9099999999999999, 0.89, 0.8760000000000001, 0.8616666666666667, 0.8542857142857142, 0.88125, 0.8633333333333334, 0.8950000000000002], "val_loss": [2.7344245572090147, 2.5552571020126345, 2.5240235323905944, 2.398394588708878, 2.350519411802292, 2.4064118806123735, 2.331803674697876, 2.351402397632599, 2.319291898369789, 2.3438611509799956], "val_acc": [0.22660000000000002, 0.2702, 0.2864, 0.2982, 0.3218, 0.31579999999999997, 0.3162, 0.332, 0.339, 0.3502], "instance_queries": [0, 100, 100, 100, 100, 100, 100, 100, 100, 100]}}