{"num_epochs": 20, "scenario": "PoolBaseSamplingScenario", "strategy": "margin_sampling", "batch_size": 10, "query_size": 100, "seed_size": 100, "model": "LeNet", "stopping_criterion": "query_number", "stopping_criterion_value": 900, "dataset_name": "cifar10", "metric_values": {"train_loss": [0.36159037351608275, 0.28920112513005736, 0.37711322903633115, 0.4010941036045551, 0.47194298297166826, 0.5059641857941946, 0.49063706696033477, 0.5007812175899744, 0.4543937810593181, 0.3724596630036831], "train_acc": [0.9700000000000001, 0.975, 0.9333333333333333, 0.9274999999999999, 0.892, 0.8683333333333334, 0.8714285714285714, 0.8787500000000001, 0.8955555555555557, 0.929], "val_loss": [2.6818811655044557, 2.68773095703125, 2.628568327665329, 2.5365072993040085, 2.541634598016739, 2.4789482908248903, 2.477289531707764, 2.3898763002157213, 2.362490339040756, 2.4005040241479874], "val_acc": [0.238, 0.269, 0.2864, 0.3034, 0.3102, 0.32139999999999996, 0.3192, 0.335, 0.33779999999999993, 0.3414], "instance_queries": [0, 100, 100, 100, 100, 100, 100, 100, 100, 100]}}