{"num_epochs": 20, "scenario": "PoolBaseSamplingScenario", "strategy": "margin_sampling", "batch_size": 10, "query_size": 100, "seed_size": 100, "model": "LeNet", "stopping_criterion": "query_number", "stopping_criterion_value": 900, "dataset_name": "cifar10", "metric_values": {"train_loss": [0.28230961561203005, 0.23586687594652175, 0.32014455993970237, 0.33626681193709373, 0.46039474189281465, 0.4848805862168471, 0.5412599889295442, 0.395422693900764, 0.3176568903028965, 0.2922268878668547], "train_acc": [0.9800000000000001, 0.985, 0.9466666666666665, 0.95, 0.9139999999999999, 0.89, 0.8628571428571428, 0.9262500000000002, 0.9366666666666666, 0.9500000000000003], "val_loss": [2.8339559729099273, 2.805442972779274, 2.7065018047094345, 2.602945478796959, 2.4881074476242064, 2.361184360384941, 2.383485043525696, 2.3842220314741134, 2.4637308980226518, 2.448783612847328], "val_acc": [0.23280000000000003, 0.254, 0.2694, 0.2832, 0.2958, 0.304, 0.30260000000000004, 0.32539999999999997, 0.3216, 0.33], "instance_queries": [0, 100, 100, 100, 100, 100, 100, 100, 100, 100]}}