{"num_epochs": 20, "scenario": "PoolBaseSamplingScenario", "strategy": "margin_sampling", "batch_size": 10, "query_size": 100, "seed_size": 100, "model": "LeNet", "stopping_criterion": "query_number", "stopping_criterion_value": 900, "dataset_name": "cifar10", "metric_values": {"train_loss": [0.2702314332127571, 0.19892668798565866, 0.20519796386361122, 0.35536529421806334, 0.3891999304294586, 0.45106410632530847, 0.4834644705057144, 0.5157886404544115, 0.4747203593452772, 0.4289121249318123], "train_acc": [0.99, 0.9949999999999999, 0.9833333333333333, 0.9349999999999999, 0.9240000000000002, 0.91, 0.8942857142857142, 0.8625, 0.8833333333333335, 0.907], "val_loss": [2.9071905891895296, 2.854457049846649, 2.9428572694063186, 2.6730131607055663, 2.556973073959351, 2.5087458357810974, 2.4738593323230744, 2.4033180886507033, 2.4068620859384535, 2.3981229803562165], "val_acc": [0.2328, 0.276, 0.2728, 0.298, 0.30040000000000006, 0.3031999999999999, 0.317, 0.32539999999999997, 0.33519999999999994, 0.331], "instance_queries": [0, 100, 100, 100, 100, 100, 100, 100, 100, 100]}}