{"num_epochs": 20, "scenario": "PoolBaseSamplingScenario", "strategy": "margin_sampling", "batch_size": 10, "query_size": 100, "seed_size": 100, "model": "LeNet", "stopping_criterion": "query_number", "stopping_criterion_value": 900, "dataset_name": "cifar10", "metric_values": {"train_loss": [0.3137832686305046, 0.295735888928175, 0.3925383061170578, 0.4783010933548212, 0.5568595576286316, 0.49020433947443964, 0.4793404785650117, 0.45377279352396727, 0.4711524190174209, 0.25914042614400384], "train_acc": [0.9700000000000001, 0.9800000000000001, 0.9299999999999998, 0.9100000000000001, 0.8680000000000001, 0.8983333333333332, 0.8828571428571428, 0.8975000000000002, 0.8866666666666668, 0.9690000000000001], "val_loss": [2.8242049355506897, 2.812645345926285, 2.54882829117775, 2.5746103501319886, 2.4740469241142273, 2.452253393292427, 2.365577756881714, 2.4079670112133025, 2.461363613963127, 2.454755336880684], "val_acc": [0.22319999999999998, 0.2446, 0.2572, 0.2602, 0.2776, 0.30519999999999997, 0.3168, 0.319, 0.30119999999999997, 0.3340000000000001], "instance_queries": [0, 100, 100, 100, 100, 100, 100, 100, 100, 100]}}