{"num_epochs": 20, "scenario": "PoolBaseSamplingScenario", "strategy": "margin_sampling", "batch_size": 10, "query_size": 100, "seed_size": 100, "model": "LeNet", "stopping_criterion": "query_number", "stopping_criterion_value": 900, "dataset_name": "cifar10", "metric_values": {"train_loss": [0.32738420367240906, 0.29999210126698017, 0.27062976608673733, 0.3488468062132597, 0.41320752412080763, 0.4824960805475712, 0.474576453438827, 0.47392649538815024, 0.40874234206146665, 0.3525685603916645], "train_acc": [0.9800000000000001, 0.96, 0.9666666666666667, 0.9475, 0.914, 0.8816666666666666, 0.89, 0.8912500000000001, 0.9133333333333336, 0.9210000000000003], "val_loss": [2.849447257518768, 2.865600605249405, 2.752920115709305, 2.5970135409832, 2.532113492012024, 2.414430303692818, 2.3766146193742754, 2.4552515151500702, 2.447987415075302, 2.4256420917510986], "val_acc": [0.22319999999999998, 0.2416, 0.277, 0.2974, 0.2932, 0.31939999999999996, 0.3346, 0.31320000000000003, 0.3278, 0.3414], "instance_queries": [0, 100, 100, 100, 100, 100, 100, 100, 100, 100]}}