{"num_epochs": 20, "scenario": "PoolBaseSamplingScenario", "strategy": "margin_sampling", "batch_size": 10, "query_size": 100, "seed_size": 100, "model": "LeNet", "stopping_criterion": "query_number", "stopping_criterion_value": 900, "dataset_name": "cifar10", "metric_values": {"train_loss": [0.3573292180895805, 0.23567375913262367, 0.393870218594869, 0.46627291552722455, 0.5241104361414909, 0.6076746056477229, 0.5871636294892856, 0.5431427082046867, 0.5370566219091415, 0.41764220282435416], "train_acc": [0.96, 0.985, 0.94, 0.8949999999999999, 0.8859999999999999, 0.8266666666666665, 0.8457142857142858, 0.85875, 0.8577777777777779, 0.898], "val_loss": [2.806107996702194, 2.772020525932312, 2.5959034378528596, 2.474916657924652, 2.3510508081912995, 2.3105622931718828, 2.2365660802125933, 2.2187422399520873, 2.2398600120544434, 2.2989418600797653], "val_acc": [0.23, 0.2652, 0.2692, 0.29460000000000003, 0.30720000000000003, 0.31420000000000003, 0.337, 0.3426, 0.351, 0.3504], "instance_queries": [0, 100, 100, 100, 100, 100, 100, 100, 100, 100]}}