{"num_epochs": 20, "scenario": "PoolBaseSamplingScenario", "strategy": "margin_sampling", "batch_size": 10, "query_size": 100, "seed_size": 100, "model": "LeNet", "stopping_criterion": "query_number", "stopping_criterion_value": 900, "dataset_name": "cifar10", "metric_values": {"train_loss": [0.3283389016985893, 0.30690403282642365, 0.33160099138816196, 0.27451013326644896, 0.30692273572087286, 0.32934256047010424, 0.3359083296997207, 0.30210748547688127, 0.26581481314367716, 0.2732701513171196], "train_acc": [0.9800000000000001, 0.975, 0.94, 0.96, 0.95, 0.9466666666666667, 0.9400000000000002, 0.94375, 0.9644444444444445, 0.9610000000000001], "val_loss": [2.7961369421482085, 2.6191446125507354, 2.577622492313385, 2.6970808031558993, 2.6157660112380983, 2.501400581240654, 2.4646439025402067, 2.4449709206819534, 2.3608065305948256, 2.3333913289308548], "val_acc": [0.2296, 0.26539999999999997, 0.2914, 0.2868, 0.3014, 0.3062, 0.31880000000000003, 0.3292, 0.354, 0.3564], "instance_queries": [0, 100, 100, 100, 100, 100, 100, 100, 100, 100]}}