{"num_epochs": 20, "scenario": "PoolBaseSamplingScenario", "strategy": "margin_sampling", "batch_size": 10, "query_size": 100, "seed_size": 100, "model": "LeNet", "stopping_criterion": "query_number", "stopping_criterion_value": 900, "dataset_name": "cifar10", "metric_values": {"train_loss": [0.3777844041585922, 0.3397258587181568, 0.4642761637767156, 0.5523868814110756, 0.4948746618628502, 0.5474467833836874, 0.5866288489529065, 0.5956589526496827, 0.592983623014556, 0.5095255541801452], "train_acc": [0.9400000000000001, 0.9599999999999997, 0.8966666666666667, 0.8600000000000001, 0.882, 0.8466666666666668, 0.8371428571428573, 0.8412500000000002, 0.8333333333333334, 0.8690000000000001], "val_loss": [2.817221365451813, 2.6904406025409697, 2.6061474804878233, 2.4789988136291505, 2.5225554246902466, 2.4086763373613356, 2.297139417886734, 2.2759995794296266, 2.355299673438072, 2.298250559806824], "val_acc": [0.22740000000000005, 0.25160000000000005, 0.25360000000000005, 0.2954, 0.31039999999999995, 0.31139999999999995, 0.3364, 0.3342, 0.344, 0.3492], "instance_queries": [0, 100, 100, 100, 100, 100, 100, 100, 100, 100]}}