{"num_epochs": 20, "scenario": "PoolBaseSamplingScenario", "strategy": "margin_sampling", "batch_size": 10, "query_size": 100, "seed_size": 100, "model": "LeNet", "stopping_criterion": "query_number", "stopping_criterion_value": 900, "dataset_name": "cifar10", "metric_values": {"train_loss": [0.39394696056842804, 0.3392843969166279, 0.3632260739803314, 0.33821994066238403, 0.4078088629245758, 0.4435638186832269, 0.4515611107860293, 0.4730991994030774, 0.45754498922162584, 0.4825282648205757], "train_acc": [0.93, 0.9499999999999998, 0.9333333333333332, 0.9375, 0.9179999999999999, 0.8883333333333333, 0.8914285714285713, 0.87625, 0.8866666666666668, 0.8740000000000001], "val_loss": [2.7757512884140016, 2.6311695997714994, 2.549259010076523, 2.450891298055649, 2.3782499976158142, 2.3491997933387756, 2.273088141679764, 2.312623113870621, 2.246766791701317, 2.232936285495758], "val_acc": [0.227, 0.2734, 0.2872, 0.2958, 0.312, 0.3307999999999999, 0.3336, 0.3456, 0.3492, 0.3544], "instance_queries": [0, 100, 100, 100, 100, 100, 100, 100, 100, 100]}}