{"num_epochs": 20, "scenario": "PoolBaseSamplingScenario", "strategy": "margin_sampling", "batch_size": 10, "query_size": 100, "seed_size": 100, "model": "LeNet", "stopping_criterion": "query_number", "stopping_criterion_value": 900, "dataset_name": "cifar10", "metric_values": {"train_loss": [0.3475044906139374, 0.33578202277421954, 0.4274648681282997, 0.31302323639392854, 0.3403987520933151, 0.42120346054434776, 0.3740555714283671, 0.44508838495239617, 0.5473569421304597, 0.46860026583075526], "train_acc": [0.95, 0.9649999999999999, 0.9133333333333332, 0.945, 0.938, 0.9033333333333334, 0.9171428571428569, 0.9025000000000002, 0.8644444444444446, 0.8850000000000002], "val_loss": [2.767313299894333, 2.6812142493724824, 2.567997479081154, 2.5887529146671295, 2.60026244366169, 2.4364857736825942, 2.4782265919446944, 2.3453613344430924, 2.3085603773593903, 2.288893435716629], "val_acc": [0.23060000000000003, 0.2556, 0.283, 0.30040000000000006, 0.308, 0.3314, 0.32320000000000004, 0.33620000000000005, 0.33679999999999993, 0.342], "instance_queries": [0, 100, 100, 100, 100, 100, 100, 100, 100, 100]}}