{"num_epochs": 20, "scenario": "PoolBaseSamplingScenario", "strategy": "entropy_sampling", "batch_size": 10, "query_size": 100, "seed_size": 100, "model": "LeNet", "stopping_criterion": "query_number", "stopping_criterion_value": 900, "dataset_name": "mnist", "metric_values": {"train_loss": [0.04927463121712208, 0.022634295816533267, 0.013987674502034982, 0.010401776840444655, 0.007674245736561716, 0.0055686388494602095, 0.0052591783476860395, 0.00451531537109986, 0.0036072716815397144, 0.0029764434712706133], "train_acc": [1.0, 1.0, 1.0, 1.0, 1.0, 1.0, 1.0, 1.0, 1.0, 1.0], "val_loss": [0.9033249194423357, 0.6245093538394819, 0.495874435454607, 0.41152422587852927, 0.37913275040278677, 0.35341167031011234, 0.34821403860114514, 0.32967216255608944, 0.33293077030209434, 0.32533355733413677], "val_acc": [0.73, 0.8101666666666667, 0.8538333333333334, 0.8820000000000001, 0.8986666666666667, 0.9058333333333334, 0.9090000000000001, 0.9153333333333334, 0.9143333333333333, 0.9168333333333336], "instance_queries": [0, 100, 100, 100, 100, 100, 100, 100, 100, 100]}}