{"num_epochs": 20, "scenario": "PoolBaseSamplingScenario", "strategy": "entropy_sampling", "batch_size": 10, "query_size": 100, "seed_size": 100, "model": "LeNet", "stopping_criterion": "query_number", "stopping_criterion_value": 900, "dataset_name": "mnist", "metric_values": {"train_loss": [0.047147448919713494, 0.01880458272062242, 0.01081326015604039, 0.00921722177299671, 0.006786007699556649, 0.005842246150132268, 0.004465329815034887, 0.003938417554309126, 0.003064450004603714, 0.0027814942214172333], "train_acc": [1.0, 1.0, 1.0, 1.0, 1.0, 1.0, 1.0, 1.0, 1.0, 1.0], "val_loss": [0.8661069097680351, 0.534937364027525, 0.480353080072285, 0.4359735473936113, 0.38623914213851096, 0.3731537668106224, 0.3510949945108344, 0.33728775217847823, 0.3281715641063056, 0.32048722015247527], "val_acc": [0.7363333333333333, 0.8400000000000001, 0.8645, 0.8803333333333334, 0.8965000000000002, 0.902, 0.9058333333333334, 0.9128333333333334, 0.9168333333333334, 0.922], "instance_queries": [0, 100, 100, 100, 100, 100, 100, 100, 100, 100]}}