{"num_epochs": 20, "scenario": "PoolBaseSamplingScenario", "strategy": "entropy_sampling", "batch_size": 10, "query_size": 100, "seed_size": 100, "model": "LeNet", "stopping_criterion": "query_number", "stopping_criterion_value": 900, "dataset_name": "mnist", "metric_values": {"train_loss": [0.05305902287364006, 0.021489683259278535, 0.012339470349252224, 0.008368968614377081, 0.007074298546649515, 0.0054208028751115, 0.0049450553887124575, 0.004119955400528852, 0.00348160571560988, 0.0033238790225004777], "train_acc": [1.0, 1.0, 1.0, 1.0, 1.0, 1.0, 1.0, 1.0, 1.0, 1.0], "val_loss": [0.899377382149299, 0.6014935472421348, 0.520935356777627, 0.4265350621030666, 0.41445974393340296, 0.3975120267861833, 0.3843354531439642, 0.3326543045397072, 0.3200861763068436, 0.30930137421111187], "val_acc": [0.7266666666666667, 0.8241666666666667, 0.8568333333333333, 0.8848333333333332, 0.8906666666666668, 0.8936666666666667, 0.8986666666666667, 0.9111666666666668, 0.9158333333333335, 0.9229999999999999], "instance_queries": [0, 100, 100, 100, 100, 100, 100, 100, 100, 100]}}