{"num_epochs": 20, "scenario": "PoolBaseSamplingScenario", "strategy": "entropy_sampling", "batch_size": 10, "query_size": 100, "seed_size": 100, "model": "LeNet", "stopping_criterion": "query_number", "stopping_criterion_value": 900, "dataset_name": "mnist", "metric_values": {"train_loss": [0.05953606478869915, 0.026256718672811985, 0.014676753291860222, 0.009060413925908506, 0.006412129080854356, 0.004888057021889836, 0.004200520875331547, 0.0037712966819526627, 0.003271202658975704, 0.0030170913867186757], "train_acc": [1.0, 1.0, 1.0, 1.0, 1.0, 1.0, 1.0, 1.0, 1.0, 1.0], "val_loss": [0.8855482230832179, 0.6009780512300009, 0.4780813122959808, 0.4384490873583127, 0.3904129402642138, 0.4034424953298488, 0.38844476933707484, 0.3610263577720616, 0.33969792365989027, 0.3330296102548406], "val_acc": [0.7260000000000001, 0.8210000000000001, 0.8621666666666667, 0.8813333333333333, 0.8961666666666668, 0.8990000000000001, 0.9061666666666668, 0.9128333333333334, 0.9175, 0.92], "instance_queries": [0, 100, 100, 100, 100, 100, 100, 100, 100, 100]}}