{"num_epochs": 20, "scenario": "PoolBaseSamplingScenario", "strategy": "entropy_sampling", "batch_size": 10, "query_size": 100, "seed_size": 100, "model": "LeNet", "stopping_criterion": "query_number", "stopping_criterion_value": 900, "dataset_name": "mnist", "metric_values": {"train_loss": [0.05486874841153622, 0.018961205519735812, 0.011104265305524072, 0.009012391336727887, 0.006507069990038872, 0.005815067074339216, 0.004585915975206132, 0.00407500351939234, 0.003069254615628678, 0.0028767074563074858], "train_acc": [1.0, 1.0, 1.0, 1.0, 1.0, 1.0, 1.0, 1.0, 1.0, 1.0], "val_loss": [0.8469724832475185, 0.6174285766699662, 0.5591526811422469, 0.46300232706281047, 0.4225220483770439, 0.34479158522968645, 0.34323069114393245, 0.32937712542159714, 0.3102990085876081, 0.3105848306955401], "val_acc": [0.7316666666666667, 0.8158333333333333, 0.8403333333333334, 0.8738333333333332, 0.8858333333333334, 0.9066666666666666, 0.9101666666666667, 0.9129999999999999, 0.9176666666666669, 0.9179999999999999], "instance_queries": [0, 100, 100, 100, 100, 100, 100, 100, 100, 100]}}