{"num_epochs": 20, "scenario": "PoolBaseSamplingScenario", "strategy": "entropy_sampling", "batch_size": 10, "query_size": 100, "seed_size": 100, "model": "LeNet", "stopping_criterion": "query_number", "stopping_criterion_value": 900, "dataset_name": "mnist", "metric_values": {"train_loss": [0.0517167616635561, 0.022632708307355642, 0.012113266484811902, 0.009752445219783112, 0.007790272939018905, 0.0065629694572029015, 0.005728677294350096, 0.004928665826446377, 0.004364031703961599, 0.0035656233644112945], "train_acc": [1.0, 1.0, 1.0, 1.0, 1.0, 1.0, 1.0, 1.0, 1.0, 1.0], "val_loss": [0.8694122366669277, 0.5154159399261699, 0.47948754533426835, 0.4230874616132739, 0.3847572288584585, 0.34796083711825, 0.3142683275746337, 0.31498815077065956, 0.30245530912846635, 0.30255034018094495], "val_acc": [0.7279999999999999, 0.845, 0.8643333333333334, 0.8840000000000001, 0.8958333333333334, 0.905, 0.9116666666666666, 0.9181666666666666, 0.9190000000000002, 0.9211666666666667], "instance_queries": [0, 100, 100, 100, 100, 100, 100, 100, 100, 100]}}