{"num_epochs": 20, "scenario": "PoolBaseSamplingScenario", "strategy": "entropy_sampling", "batch_size": 10, "query_size": 100, "seed_size": 100, "model": "LeNet", "stopping_criterion": "query_number", "stopping_criterion_value": 900, "dataset_name": "mnist", "metric_values": {"train_loss": [0.05129223745316267, 0.018638824112713337, 0.01569012088390688, 0.010010372975375503, 0.006687353602610528, 0.005368593350673715, 0.003912986925570294, 0.0034858934843214227, 0.00312793033145782, 0.003014013288193382], "train_acc": [1.0, 1.0, 1.0, 1.0, 1.0, 1.0, 1.0, 1.0, 1.0, 1.0], "val_loss": [0.8781561125194033, 0.6102074935209627, 0.49372933318062373, 0.40794003239211934, 0.4019731882856771, 0.41619408582667045, 0.37793149158183953, 0.35799242401020215, 0.3372134380012479, 0.3266679222830377], "val_acc": [0.7333333333333333, 0.8221666666666668, 0.8545, 0.8858333333333334, 0.8875, 0.8925, 0.901, 0.9066666666666666, 0.9121666666666668, 0.9153333333333334], "instance_queries": [0, 100, 100, 100, 100, 100, 100, 100, 100, 100]}}