{"num_epochs": 20, "scenario": "PoolBaseSamplingScenario", "strategy": "entropy_sampling", "batch_size": 10, "query_size": 100, "seed_size": 100, "model": "LeNet", "stopping_criterion": "query_number", "stopping_criterion_value": 900, "dataset_name": "mnist", "metric_values": {"train_loss": [0.05853259339928627, 0.025612809089943768, 0.014846225129440426, 0.010616713692434132, 0.007574119209311903, 0.005823935135655726, 0.0052997726531300166, 0.005323544442944694, 0.009369948549040904, 0.0033055447676451875], "train_acc": [1.0, 1.0, 1.0, 1.0, 1.0, 1.0, 1.0, 1.0, 0.9977777777777778, 1.0], "val_loss": [0.8997321694716811, 0.5936789652720714, 0.4585409811612529, 0.38631225750548764, 0.36223696274876904, 0.34595207214859935, 0.3448216564318864, 0.34153766662833124, 0.3253305929861381, 0.302463158123622], "val_acc": [0.7216666666666667, 0.8316666666666667, 0.8704999999999999, 0.8901666666666667, 0.8996666666666667, 0.9061666666666668, 0.9103333333333334, 0.9103333333333334, 0.9145000000000001, 0.921], "instance_queries": [0, 100, 100, 100, 100, 100, 100, 100, 100, 100]}}