{"num_epochs": 20, "scenario": "PoolBaseSamplingScenario", "strategy": "entropy_sampling", "batch_size": 10, "query_size": 100, "seed_size": 100, "model": "LeNet", "stopping_criterion": "query_number", "stopping_criterion_value": 900, "dataset_name": "mnist", "metric_values": {"train_loss": [0.06025921851396561, 0.027039915230125187, 0.014671118247012298, 0.009891593526117504, 0.0072448296099901196, 0.005251222557853907, 0.004702468577306718, 0.0035078970504400786, 0.0030935505527951235, 0.0028135240421397613], "train_acc": [1.0, 1.0, 1.0, 1.0, 1.0, 1.0, 1.0, 1.0, 1.0, 1.0], "val_loss": [0.915821101119121, 0.5774365761394923, 0.4763221875298768, 0.44693459816354636, 0.3889298605173826, 0.363756883169602, 0.3491305656317854, 0.34215497180635185, 0.3352238423017358, 0.32690678270863527], "val_acc": [0.7185, 0.8275, 0.8590000000000001, 0.8746666666666668, 0.8951666666666666, 0.9038333333333333, 0.9088333333333333, 0.9133333333333336, 0.9200000000000002, 0.9193333333333336], "instance_queries": [0, 100, 100, 100, 100, 100, 100, 100, 100, 100]}}