{"num_epochs": 20, "scenario": "PoolBaseSamplingScenario", "strategy": "entropy_sampling", "batch_size": 10, "query_size": 100, "seed_size": 100, "model": "LeNet", "stopping_criterion": "query_number", "stopping_criterion_value": 900, "dataset_name": "mnist", "metric_values": {"train_loss": [0.05492810644209385, 0.01816370622254908, 0.01187955648638308, 0.008515683497535065, 0.0068061776505783204, 0.005007226736051962, 0.003988576376078916, 0.003522750709817046, 0.00289575052059566, 0.0025640736566856503], "train_acc": [1.0, 1.0, 1.0, 1.0, 1.0, 1.0, 1.0, 1.0, 1.0, 1.0], "val_loss": [0.8503378706549605, 0.5772775923538332, 0.4616103263882299, 0.4263155375304632, 0.3757025195658207, 0.3435234618095759, 0.34758050764678045, 0.34148307125336336, 0.3242244554654462, 0.32039370285104574], "val_acc": [0.7341666666666666, 0.8308333333333333, 0.8733333333333333, 0.8828333333333334, 0.9018333333333334, 0.9113333333333332, 0.9121666666666666, 0.9145000000000001, 0.9179999999999999, 0.9205000000000001], "instance_queries": [0, 100, 100, 100, 100, 100, 100, 100, 100, 100]}}