{"num_epochs": 20, "scenario": "PoolBaseSamplingScenario", "strategy": "entropy_sampling", "batch_size": 10, "query_size": 100, "seed_size": 100, "model": "LeNet", "stopping_criterion": "query_number", "stopping_criterion_value": 900, "dataset_name": "mnist", "metric_values": {"train_loss": [0.05088568180799484, 0.0190180154517293, 0.010174175755431255, 0.007649836898781359, 0.006170398504473269, 0.004706104674066107, 0.003879439885661538, 0.003470345958339749, 0.002796237409347668, 0.0023252912538009696], "train_acc": [1.0, 1.0, 1.0, 1.0, 1.0, 1.0, 1.0, 1.0, 1.0, 1.0], "val_loss": [0.8867060394585132, 0.5827554628749688, 0.5215170738946957, 0.455361599282672, 0.42065008872906523, 0.39370033639812996, 0.37147962278861085, 0.3679623831364249, 0.3725432870352476, 0.380366268162082], "val_acc": [0.7264999999999999, 0.8303333333333334, 0.8525, 0.8790000000000001, 0.8895000000000001, 0.8973333333333335, 0.9033333333333333, 0.9083333333333333, 0.907, 0.9095000000000001], "instance_queries": [0, 100, 100, 100, 100, 100, 100, 100, 100, 100]}}