{"num_epochs": 20, "scenario": "PoolBaseSamplingScenario", "strategy": "entropy_sampling", "batch_size": 10, "query_size": 100, "seed_size": 100, "model": "LeNet", "stopping_criterion": "query_number", "stopping_criterion_value": 900, "dataset_name": "mnist", "metric_values": {"train_loss": [0.052488606050610544, 0.018555522919632493, 0.010743810407196483, 0.008284922706661747, 0.005980811375193298, 0.004771937913028523, 0.004221762226994282, 0.003658646271651378, 0.0028366471886531346, 0.00253772166906856], "train_acc": [1.0, 1.0, 1.0, 1.0, 1.0, 1.0, 1.0, 1.0, 1.0, 1.0], "val_loss": [0.8541953680850566, 0.5438686396445458, 0.47317236522057404, 0.4050171824505863, 0.3836337475961773, 0.37418929824489167, 0.36024984788207803, 0.3384797993056903, 0.3314008178753041, 0.3344631588375584], "val_acc": [0.7351666666666667, 0.8298333333333334, 0.8633333333333333, 0.8865, 0.895, 0.9025, 0.9088333333333333, 0.9115000000000002, 0.9171666666666666, 0.9171666666666666], "instance_queries": [0, 100, 100, 100, 100, 100, 100, 100, 100, 100]}}