{"num_epochs": 20, "scenario": "PoolBaseSamplingScenario", "strategy": "entropy_sampling", "batch_size": 10, "query_size": 100, "seed_size": 100, "model": "LeNet", "stopping_criterion": "query_number", "stopping_criterion_value": 900, "dataset_name": "mnist", "metric_values": {"train_loss": [0.058330769464373586, 0.019879515888169406, 0.01136431866325438, 0.007982122775865718, 0.006290725364815444, 0.005030457943212241, 0.004268691429336156, 0.003289425302500604, 0.003323907883087587, 0.0028807872283505274], "train_acc": [1.0, 1.0, 1.0, 1.0, 1.0, 1.0, 1.0, 1.0, 1.0, 1.0], "val_loss": [0.9213231149191657, 0.5900408949051053, 0.47724151599841813, 0.4074946304674571, 0.4005420254650138, 0.4108460152579937, 0.38182199154534224, 0.3683261144650169, 0.3515127767318821, 0.3378697535969938], "val_acc": [0.7171666666666666, 0.8250000000000001, 0.8598333333333334, 0.8851666666666667, 0.8891666666666667, 0.8913333333333334, 0.9015000000000002, 0.9083333333333335, 0.9129999999999999, 0.9148333333333335], "instance_queries": [0, 100, 100, 100, 100, 100, 100, 100, 100, 100]}}