{"num_epochs": 20, "scenario": "PoolBaseSamplingScenario", "strategy": "entropy_sampling", "batch_size": 10, "query_size": 100, "seed_size": 100, "model": "LeNet", "stopping_criterion": "query_number", "stopping_criterion_value": 900, "dataset_name": "mnist", "metric_values": {"train_loss": [0.05123229213058948, 0.02157868929207325, 0.012677261124675472, 0.00910413545789197, 0.0068373875645920635, 0.005569953038745249, 0.0044403569789470305, 0.0037675246901926586, 0.0030994814949937993, 0.0027414078754372895], "train_acc": [1.0, 1.0, 1.0, 1.0, 1.0, 1.0, 1.0, 1.0, 1.0, 1.0], "val_loss": [0.8946331548814972, 0.5976821987004951, 0.4818013628308351, 0.432163950081449, 0.38634856460402567, 0.3777278643082051, 0.3610136494747712, 0.3635269620421847, 0.3527064588213398, 0.3225974321338193], "val_acc": [0.7296666666666667, 0.8301666666666667, 0.8666666666666667, 0.8840000000000001, 0.8965, 0.9018333333333334, 0.9091666666666667, 0.91, 0.9141666666666667, 0.9233333333333333], "instance_queries": [0, 100, 100, 100, 100, 100, 100, 100, 100, 100]}}