{"num_epochs": 20, "scenario": "PoolBaseSamplingScenario", "strategy": "entropy_sampling", "batch_size": 10, "query_size": 100, "seed_size": 100, "model": "LeNet", "stopping_criterion": "query_number", "stopping_criterion_value": 900, "dataset_name": "mnist", "metric_values": {"train_loss": [0.05446843914687634, 0.02405594615265727, 0.012733925164987643, 0.008436605089809746, 0.006203575143590569, 0.004731969682810208, 0.003935185660208974, 0.0036017090431414546, 0.0030224914390904207, 0.0025817177302087657], "train_acc": [1.0, 1.0, 1.0, 1.0, 1.0, 1.0, 1.0, 1.0, 1.0, 1.0], "val_loss": [0.9229053972909848, 0.5671129534828167, 0.4786568838947763, 0.4141498151180955, 0.39945977326016874, 0.4012662587217831, 0.37188038843936133, 0.35035275967180496, 0.32707240821648154, 0.3255003945592519], "val_acc": [0.7243333333333334, 0.8283333333333335, 0.8640000000000001, 0.8836666666666667, 0.8938333333333333, 0.8965000000000002, 0.9068333333333336, 0.9128333333333334, 0.917, 0.9211666666666667], "instance_queries": [0, 100, 100, 100, 100, 100, 100, 100, 100, 100]}}