{"num_epochs": 20, "scenario": "PoolBaseSamplingScenario", "strategy": "entropy_sampling", "batch_size": 10, "query_size": 100, "seed_size": 100, "model": "LeNet", "stopping_criterion": "query_number", "stopping_criterion_value": 900, "dataset_name": "mnist", "metric_values": {"train_loss": [0.0577007357031107, 0.02899249508045614, 0.015424972834686438, 0.011089969286695122, 0.008396733480039983, 0.006099957629339769, 0.005023237182259826, 0.0039960122543561735, 0.0035632562034556437, 0.003132571607711725], "train_acc": [1.0, 1.0, 1.0, 1.0, 1.0, 1.0, 1.0, 1.0, 1.0, 1.0], "val_loss": [0.939608203539004, 0.6114682751164461, 0.4777632023929618, 0.45355518847083054, 0.4194422554721435, 0.39079545286930323, 0.39336202338396103, 0.3791776489665305, 0.36142894622142197, 0.3507456370893245], "val_acc": [0.72, 0.8201666666666667, 0.8625, 0.8770000000000001, 0.8875, 0.8976666666666667, 0.9026666666666667, 0.9066666666666666, 0.9133333333333336, 0.9134999999999999], "instance_queries": [0, 100, 100, 100, 100, 100, 100, 100, 100, 100]}}