{"num_epochs": 20, "scenario": "PoolBaseSamplingScenario", "strategy": "entropy_sampling", "batch_size": 10, "query_size": 100, "seed_size": 100, "model": "LeNet", "stopping_criterion": "query_number", "stopping_criterion_value": 900, "dataset_name": "mnist", "metric_values": {"train_loss": [0.05228664465248585, 0.025057961186394095, 0.014868305266524355, 0.009356486599426717, 0.007026617708615959, 0.005760993323444079, 0.004447655190181519, 0.0037276628572726622, 0.0034382627468504427, 0.002839474367792718], "train_acc": [1.0, 1.0, 1.0, 1.0, 1.0, 1.0, 1.0, 1.0, 1.0, 1.0], "val_loss": [0.889242390015473, 0.558592107569178, 0.422462474356095, 0.39338835126448735, 0.36618864827828174, 0.35927533825704205, 0.3622717522599851, 0.3478322014082611, 0.3279441590808953, 0.3069293524167733], "val_acc": [0.7286666666666667, 0.8345000000000001, 0.8791666666666667, 0.8866666666666667, 0.9040000000000001, 0.9053333333333334, 0.9078333333333334, 0.9143333333333333, 0.9185, 0.9228333333333334], "instance_queries": [0, 100, 100, 100, 100, 100, 100, 100, 100, 100]}}