{"num_epochs": 20, "scenario": "PoolBaseSamplingScenario", "strategy": "entropy_sampling", "batch_size": 10, "query_size": 100, "seed_size": 100, "model": "LeNet", "stopping_criterion": "query_number", "stopping_criterion_value": 900, "dataset_name": "mnist", "metric_values": {"train_loss": [0.053475231304764746, 0.02260883557610214, 0.012646939605474472, 0.011703854898223653, 0.008525382806546987, 0.007025342591805384, 0.005205074656156025, 0.004506917710386915, 0.003582526550679985, 0.0031268917190027425], "train_acc": [1.0, 1.0, 1.0, 1.0, 1.0, 1.0, 1.0, 1.0, 1.0, 1.0], "val_loss": [0.8476785246282816, 0.6002046661203106, 0.4827274330356158, 0.4184519959326523, 0.3940771805215627, 0.35849642725389763, 0.328114031648923, 0.316875623279581, 0.29854919230400506, 0.3034556408277422], "val_acc": [0.7398333333333333, 0.8241666666666667, 0.8645, 0.8848333333333335, 0.8938333333333335, 0.9086666666666667, 0.9156666666666669, 0.9185, 0.9265000000000001, 0.9260000000000003], "instance_queries": [0, 100, 100, 100, 100, 100, 100, 100, 100, 100]}}