{"num_epochs": 20, "scenario": "PoolBaseSamplingScenario", "strategy": "entropy_sampling", "batch_size": 10, "query_size": 100, "seed_size": 100, "model": "LeNet", "stopping_criterion": "query_number", "stopping_criterion_value": 900, "dataset_name": "mnist", "metric_values": {"train_loss": [0.05302263218909502, 0.02078285999596119, 0.011490085565795501, 0.007909828657284379, 0.006806668341159821, 0.006212636325896407, 0.004915345408621111, 0.003615334444475593, 0.003310788695752207, 0.00280510728713125], "train_acc": [1.0, 1.0, 1.0, 1.0, 1.0, 1.0, 1.0, 1.0, 1.0, 1.0], "val_loss": [0.9106761082758507, 0.6275575173490991, 0.5161825569377592, 0.456912527923317, 0.3935529884822123, 0.3941909546799919, 0.37520617844575704, 0.3553933583561836, 0.3484317556937943, 0.3463523592304167], "val_acc": [0.7286666666666666, 0.8181666666666666, 0.8546666666666666, 0.8778333333333334, 0.8946666666666668, 0.8953333333333334, 0.9040000000000001, 0.9089999999999999, 0.9103333333333334, 0.9136666666666667], "instance_queries": [0, 100, 100, 100, 100, 100, 100, 100, 100, 100]}}