{"num_epochs": 20, "scenario": "PoolBaseSamplingScenario", "strategy": "entropy_sampling", "batch_size": 10, "query_size": 100, "seed_size": 100, "model": "LeNet", "stopping_criterion": "query_number", "stopping_criterion_value": 900, "dataset_name": "mnist", "metric_values": {"train_loss": [0.04573971126228571, 0.02031318233348429, 0.01165309523542722, 0.008377409231616183, 0.006561749440152198, 0.00555575312464498, 0.004499652472856853, 0.004096184836089378, 0.003908239288203832, 0.0029860495339380576], "train_acc": [1.0, 1.0, 1.0, 1.0, 1.0, 1.0, 1.0, 1.0, 1.0, 1.0], "val_loss": [0.8758624061321219, 0.5245540263022607, 0.452650784694124, 0.4302258585765958, 0.38106013360995955, 0.3662859865409943, 0.35990432935475836, 0.35509172883544426, 0.34157320232431326, 0.30617713147337783], "val_acc": [0.7321666666666666, 0.8398333333333334, 0.8686666666666667, 0.8778333333333334, 0.8938333333333335, 0.9043333333333332, 0.9091666666666667, 0.9126666666666667, 0.9148333333333335, 0.9233333333333333], "instance_queries": [0, 100, 100, 100, 100, 100, 100, 100, 100, 100]}}