{"num_epochs": 20,
  "scenario": "PoolBaseSamplingScenario",
  "strategy": "diverse_mini_batch",
  "batch_size": 10,
  "query_size": 100,
  "seed_size": 100,
  "model": "VggNet",
  "stopping_criterion": "query_number",
  "stopping_criterion_value": 900,
  "dataset_name": "mnist",
  "metric_values":
    {"train_loss":
      {"val": [1.848392731613583, 1.7746625161833236, 1.7747231551894438, 1.7156439133816295, 1.523130236665408, 1.491895314168047, 1.343290026746099, 1.2080683981068434, 1.1952006813552645, 1.026332148503926],
       "var": [0.0317239102936792, 0.019868174090341344, 0.018344361696368053, 0.027424269419419126, 0.02379819763049193, 0.029070288785953732, 0.03603790280362679, 0.053369252332137976, 0.024438926269794093, 0.029966904953718274]
      },
    "train_acc":
      {"val": [0.2972222222222223, 0.2936111111111111, 0.2851851851851852, 0.30069444444444443, 0.37366666666666665, 0.384074074074074, 0.45595238095238094, 0.5206944444444445, 0.5241358024691358, 0.5971666666666667],
       "var": [0.0014867283950617278, 0.003755015432098767, 0.0011903978052126207, 0.0030172260802469133, 0.005534333333333332, 0.006455315500685872, 0.008522732426303855, 0.010901948302469136, 0.006659918457552201, 0.0077368055555555575]
      },
    "val_loss":
      {"val": [1.9752739431074373, 1.7488310613676352, 1.8138863401997973, 1.7352833834566452, 1.4214753274274645, 1.3861021639130735, 1.2468819983482913, 1.1882598573880063, 1.080798143024246, 0.9262430884090632],
       "var": [0.04114600316991425, 0.022206981632166313, 0.02834399026201377, 0.04847085107178476, 0.02931125274679944, 0.03947873531004155, 0.0608253152420726, 0.11004214469634405, 0.024283710286636638, 0.0576129833150507]
      },
      "val_acc":
        {"val": [0.2549722222222222, 0.29112037037037036, 0.26176851851851857, 0.2968888888888889, 0.40794444444444444, 0.41261111111111115, 0.5015925925925926, 0.5369444444444444, 0.5616018518518519, 0.653],
         "var": [0.0031928464506172836, 0.0029273913751714665, 0.0020538954903978053, 0.002616626543209876, 0.007851000000000004, 0.00795744444444444, 0.01230116426611797, 0.021588070987654324, 0.00792646339163237, 0.012258345679012348]
        },
      "instance_queries": [0, 100, 100, 100, 100, 100, 100, 100, 100, 100]
    }
}