{"num_epochs": 20, "scenario": "PoolBaseSamplingScenario", "strategy": "entropy_sampling", "batch_size": 10, "query_size": 100, "seed_size": 100, "model": "VggNet", "stopping_criterion": "query_number", "stopping_criterion_value": 900, "dataset_name": "mnist", "metric_values": {"train_loss": {"val": [1.9020234909322526, 1.8431600800818866, 1.7549465718092743, 1.7091971842779055, 1.4594513224893144, 1.5404351083216845, 1.4088793516395581, 1.281383935072356, 1.332248182042881, 1.1103130697252022], "var": [0.025985412343780715, 0.023281550955338404, 0.03609564698387324, 0.027009003699834697, 0.02139272540409138, 0.05442960717894101, 0.026846355171819714, 0.029692164126889155, 0.03751349410622549, 0.057467367084436435]}, "train_acc": {"val": [0.28833333333333333, 0.29833333333333334, 0.3077777777777777, 0.2973611111111112, 0.40299999999999997, 0.35768518518518516, 0.4236507936507936, 0.4855555555555556, 0.45055555555555554, 0.5566666666666666], "var": [0.0007361111111111106, 0.0025555555555555557, 0.0032358024691358017, 0.0023163001543209873, 0.004892999999999998, 0.0089281292866941, 0.005196875787351975, 0.0062776427469135795, 0.008528978052126199, 0.01472622222222222]}, "val_loss": {"val": [2.0071525435701565, 1.9187477583741699, 1.7503388285305765, 1.6840197481711705, 1.3879371072062185, 1.5624105011671778, 1.301172501232337, 1.1431667725258956, 1.3176067397508908, 0.9640330166390372], "var": [0.03314554245088841, 0.012816695119511742, 0.07541473033933233, 0.04139988550363295, 0.03478389381818695, 0.06979722468300398, 0.052397985539379036, 0.03380923261418031, 0.06549744960143454, 0.07117303405917214]}, "val_acc": {"val": [0.24130555555555558, 0.24383333333333335, 0.2923888888888888, 0.29698148148148146, 0.41007407407407404, 0.3533333333333334, 0.47174074074074074, 0.5399537037037038, 0.4593611111111111, 0.6243703703703704], "var": [0.0016074112654320984, 0.002704274691358024, 0.0070364753086419735, 0.005572795953360767, 0.008882796982167353, 0.010790697530864195, 0.01133935562414266, 0.009605079646776413, 0.007939435956790123, 0.014837131344307272]}, "instance_queries": [0, 100, 100, 100, 100, 100, 100, 100, 100, 100]}}