{"num_epochs": 20, "scenario": "PoolBaseSamplingScenario", "strategy": "least_confidence", "batch_size": 10, "query_size": 100, "seed_size": 100, "model": "VggNet", "stopping_criterion": "query_number", "stopping_criterion_value": 900, "dataset_name": "mnist", "metric_values": {"train_loss": {"val": [1.8093653274907007, 1.818295023838679, 1.7757438591233006, 1.7658404417335989, 1.5806522221035426, 1.4376857548952102, 1.3789765138238195, 1.278943227728208, 1.235557484369219, 1.170542375271519], "var": [0.039762782118520336, 0.014054421090494564, 0.01854656536869925, 0.04299917183594719, 0.03107130805614723, 0.02163109166293507, 0.024927858584833307, 0.05502374302521151, 0.0480277146087443, 0.08820433637391781]}, "train_acc": {"val": [0.31277777777777777, 0.2941666666666667, 0.27888888888888885, 0.29208333333333336, 0.35, 0.4061111111111111, 0.4284920634920635, 0.48666666666666664, 0.5019135802469137, 0.5403888888888889], "var": [0.0022200617283950615, 0.002131249999999999, 0.0019111111111111123, 0.004231423611111109, 0.005531555555555557, 0.00541327160493827, 0.005529132023179647, 0.013724826388888889, 0.0132965439719555, 0.019440237654320996]}, "val_loss": {"val": [1.9842526878692486, 1.8547297241400789, 1.7822883672184413, 1.7355174484297082, 1.567692686073758, 1.395591799274639, 1.2993019218342725, 1.1615725290182013, 1.108252254349904, 1.0650480621145968], "var": [0.09758390421025213, 0.029422351319139544, 0.033621358272459295, 0.050586657618465564, 0.045566028927938894, 0.02038286949676249, 0.0637357237738147, 0.06377148760839033, 0.06747997423638925, 0.10488369302005629]}, "val_acc": {"val": [0.2590648148148148, 0.2731388888888889, 0.2746944444444444, 0.2916203703703704, 0.35371296296296295, 0.4245370370370371, 0.4718148148148148, 0.5383518518518519, 0.5584722222222223, 0.5722870370370371], "var": [0.004672688700274349, 0.003215016203703704, 0.002787047067901233, 0.006633922239368999, 0.005520925325788751, 0.006374973936899865, 0.010222752743484227, 0.010805008916323737, 0.020046803240740742, 0.020711311128257893]}, "instance_queries": [0, 100, 100, 100, 100, 100, 100, 100, 100, 100]}}