{"num_epochs": 20, "scenario": "PoolBaseSamplingScenario", "strategy": "margin_sampling", "batch_size": 10, "query_size": 100, "seed_size": 100, "model": "VggNet", "stopping_criterion": "query_number", "stopping_criterion_value": 900, "dataset_name": "mnist", "metric_values": {"train_loss": {"val": [1.7628189653158188, 1.8004680795802013, 1.7852909787937448, 1.7112366137405237, 1.5279305546813542, 1.466219934489992, 1.431928055532395, 1.2596516818635992, 1.108075365267786, 0.9986927625288567], "var": [0.024306830018527376, 0.02438685042398554, 0.012639698126011496, 0.042038688951272954, 0.020304214685366067, 0.029792966793597202, 0.024421451709868442, 0.04134307678898845, 0.03601861761972289, 0.0341200460313665]}, "train_acc": {"val": [0.3088888888888888, 0.2911111111111111, 0.28703703703703703, 0.3138888888888889, 0.3766666666666667, 0.3974074074074074, 0.40341269841269844, 0.4920833333333333, 0.5666049382716049, 0.6165], "var": [0.00174320987654321, 0.002440432098765433, 0.0027973936899862843, 0.006080709876543207, 0.0032773333333333326, 0.006257167352537723, 0.007453546233308136, 0.011138368055555552, 0.009485387136107299, 0.008899027777777778]}, "val_loss": {"val": [1.8515213919348186, 1.8850604754272433, 1.7881097761955524, 1.6865174240315401, 1.472946021794169, 1.3196199388305345, 1.3732831702740105, 1.1971885139605514, 0.9685135081265537, 0.8676523091292215], "var": [0.01757052657433533, 0.04522230568743423, 0.012415696522221933, 0.05100953335419669, 0.037424256402577814, 0.04077898470908914, 0.013778095524926074, 0.07231924260516122, 0.055668983047776316, 0.02850873496943078]}, "val_acc": {"val": [0.2713333333333333, 0.26330555555555557, 0.2669722222222222, 0.30474074074074076, 0.40721296296296294, 0.4472777777777778, 0.4222962962962963, 0.5112592592592593, 0.6207037037037036, 0.6821111111111111], "var": [0.0021051635802469136, 0.004259710648148149, 0.002113155092592592, 0.010064318587105622, 0.008036656807270233, 0.009311907407407406, 0.003921109739368998, 0.014768278463648834, 0.01663875171467765, 0.006850280864197535]}, "instance_queries": [0, 100, 100, 100, 100, 100, 100, 100, 100, 100]}}