{"num_epochs": 20, "scenario": "PoolBaseSamplingScenario", "strategy": "random_sampling", "batch_size": 10, "query_size": 100, "seed_size": 100, "model": "VggNet", "stopping_criterion": "query_number", "stopping_criterion_value": 900, "dataset_name": "mnist", "metric_values": {"train_loss": {"val": [1.8044996188746556, 1.8231140393349858, 1.8311001631948685, 1.693862285465002, 1.6619565810097587, 1.4427530723589437, 1.4159585000858421, 1.4499131344879665, 1.1676496984414113, 1.1224757716059686], "var": [0.02778298594938774, 0.021138279645012838, 0.025017650035632364, 0.02898025919591496, 0.03174606067840656, 0.028601760838927865, 0.055845904453511314, 0.0340218418852932, 0.05552634008969513, 0.03934999171944969]}, "train_acc": {"val": [0.31333333333333335, 0.28111111111111114, 0.2796296296296296, 0.30638888888888893, 0.3268888888888889, 0.41620370370370363, 0.4194444444444445, 0.4059722222222222, 0.5317283950617283, 0.5497222222222222], "var": [0.0024666666666666674, 0.0021626543209876535, 0.0023973936899862832, 0.0036064043209876545, 0.004156543209876543, 0.004824631344307272, 0.013691187956664155, 0.006475443672839507, 0.012533226642280139, 0.007882311728395063]}, "val_loss": {"val": [1.9675987987772183, 1.9286914156128967, 1.777190892768127, 1.6564744485031677, 1.6297058748619424, 1.3974436651004685, 1.3796218355241472, 1.3422577479288533, 0.9808521041901851, 0.991434386515369], "var": [0.0416080503492196, 0.015038662672003775, 0.04470893315338348, 0.034593147055044265, 0.06506010735794761, 0.05615863711377541, 0.052607153112578235, 0.06526800947083272, 0.06396615479478436, 0.07190665068717247]}, "val_acc": {"val": [0.25262962962962965, 0.24924074074074076, 0.28001851851851856, 0.3276203703703704, 0.325712962962963, 0.4196481481481482, 0.4273796296296296, 0.4444444444444444, 0.6059814814814816, 0.6036574074074074], "var": [0.002732236282578875, 0.001394568587105624, 0.004158863854595333, 0.00497748396776406, 0.008999820387517142, 0.006265712620027435, 0.012727820387517142, 0.012192793209876545, 0.015892749657064477, 0.015996995284636484]}, "instance_queries": [0, 100, 100, 100, 100, 100, 100, 100, 100, 100]}}