{"num_epochs": 20, "scenario": "PoolBaseSamplingScenario", "strategy": "random_sampling", "batch_size": 10, "query_size": 100, "seed_size": 100, "model": "LeNet", "stopping_criterion": "query_number", "stopping_criterion_value": 900, "dataset_name": "cifar10", "metric_values": {"train_loss": [0.28516778349876404, 0.24437899217009545, 0.41905490110317867, 0.5387069985270501, 0.5453285372257233, 0.5531390448411305, 0.5292745901005609, 0.4884679513052106, 0.48339872509241105, 0.5085599096119404], "train_acc": [0.9700000000000001, 0.9749999999999999, 0.9099999999999999, 0.8699999999999999, 0.8760000000000001, 0.8650000000000001, 0.8685714285714285, 0.88375, 0.8822222222222222, 0.85], "val_loss": [2.7252877478599546, 2.8048582305908205, 2.4913684861660004, 2.38812561583519, 2.267648213505745, 2.2285184607505797, 2.2634431220293045, 2.238783390402794, 2.218208015918732, 2.225223597764969], "val_acc": [0.2422, 0.25420000000000004, 0.28320000000000006, 0.297, 0.3218, 0.3286, 0.3198, 0.33220000000000005, 0.335, 0.3406], "instance_queries": [0, 100, 100, 100, 100, 100, 100, 100, 100, 100]}}