{"num_epochs": 20, "scenario": "PoolBaseSamplingScenario", "strategy": "random_sampling", "batch_size": 10, "query_size": 100, "seed_size": 100, "model": "LeNet", "stopping_criterion": "query_number", "stopping_criterion_value": 900, "dataset_name": "cifar10", "metric_values": {"train_loss": [0.32614997029304504, 0.2564503446221352, 0.4031287158528964, 0.4176949206739664, 0.4171664953231812, 0.45576425567269324, 0.45741806562457765, 0.468749500438571, 0.4843433812260628, 0.4336115266382694], "train_acc": [0.97, 0.9949999999999999, 0.9299999999999998, 0.9075000000000001, 0.914, 0.895, 0.8885714285714285, 0.8912500000000001, 0.8844444444444446, 0.9], "val_loss": [2.876689715862274, 2.7840000593662264, 2.721227173566818, 2.5725759205818175, 2.5723432636260988, 2.443961638569832, 2.348205645084381, 2.3734872916936873, 2.347444947481155, 2.3208187277317047], "val_acc": [0.221, 0.24880000000000002, 0.2588, 0.2832, 0.303, 0.3196, 0.324, 0.33479999999999993, 0.33520000000000005, 0.3388], "instance_queries": [0, 100, 100, 100, 100, 100, 100, 100, 100, 100]}}