{"num_epochs": 20, "scenario": "PoolBaseSamplingScenario", "strategy": "random_sampling", "batch_size": 10, "query_size": 100, "seed_size": 100, "model": "LeNet", "stopping_criterion": "query_number", "stopping_criterion_value": 900, "dataset_name": "cifar10", "metric_values": {"train_loss": [0.30133486688137057, 0.3271945588290691, 0.38568537483612697, 0.48969190940260887, 0.5137519383430481, 0.4922988682985306, 0.5431832815919604, 0.46048901192843916, 0.41141024844514, 0.36621020004153254], "train_acc": [0.9700000000000001, 0.9799999999999999, 0.9366666666666664, 0.8800000000000001, 0.8740000000000001, 0.8833333333333333, 0.8542857142857142, 0.87375, 0.9022222222222224, 0.926], "val_loss": [2.8742915513515475, 2.711024552345276, 2.583667700767517, 2.4308814923763276, 2.4301256082057954, 2.361196343421936, 2.313259797692299, 2.3483297103643417, 2.4095735430717466, 2.400250296115875], "val_acc": [0.2294, 0.2532, 0.2768, 0.3122, 0.30060000000000003, 0.3286, 0.3312, 0.33679999999999993, 0.329, 0.34], "instance_queries": [0, 100, 100, 100, 100, 100, 100, 100, 100, 100]}}