{"num_epochs": 20, "scenario": "PoolBaseSamplingScenario", "strategy": "random_sampling", "batch_size": 10, "query_size": 100, "seed_size": 100, "model": "LeNet", "stopping_criterion": "query_number", "stopping_criterion_value": 900, "dataset_name": "cifar10", "metric_values": {"train_loss": [0.3488263592123985, 0.39509193450212476, 0.4742487043142319, 0.6271124295890331, 0.5992263272404671, 0.6264076838890712, 0.5766021588018962, 0.5030831357464194, 0.4385951573650042, 0.38459698140621185], "train_acc": [0.9700000000000001, 0.9449999999999997, 0.9199999999999999, 0.845, 0.8460000000000001, 0.8166666666666668, 0.8557142857142855, 0.8825000000000001, 0.8955555555555557, 0.9050000000000002], "val_loss": [2.682575472831726, 2.7367627890110016, 2.526719137430191, 2.4632427493333817, 2.4285998965501787, 2.269213353276253, 2.2875489151477812, 2.2541861391067504, 2.2330768773555754, 2.3007869627475737], "val_acc": [0.2358, 0.26120000000000004, 0.28479999999999994, 0.286, 0.296, 0.3158, 0.33, 0.3482, 0.3452, 0.352], "instance_queries": [0, 100, 100, 100, 100, 100, 100, 100, 100, 100]}}