{"num_epochs": 20, "scenario": "PoolBaseSamplingScenario", "strategy": "random_sampling", "batch_size": 10, "query_size": 100, "seed_size": 100, "model": "LeNet", "stopping_criterion": "query_number", "stopping_criterion_value": 900, "dataset_name": "cifar10", "metric_values": {"train_loss": [0.28131707608699796, 0.34307707771658896, 0.4693267767628034, 0.4273787721991539, 0.49211767613887786, 0.4774416523675124, 0.46561864273888726, 0.5297135461121798, 0.5233500505487124, 0.5014775724709034], "train_acc": [0.99, 0.945, 0.9, 0.9175000000000001, 0.8759999999999999, 0.89, 0.9057142857142857, 0.87375, 0.868888888888889, 0.8890000000000002], "val_loss": [2.883040999174118, 2.804255769252777, 2.7982975730895996, 2.6754883487224577, 2.552711759328842, 2.456200859069824, 2.545773000240326, 2.4293199816942215, 2.381399468302727, 2.368611289858818], "val_acc": [0.221, 0.233, 0.238, 0.2734, 0.2866, 0.2988, 0.2978, 0.31760000000000005, 0.31339999999999996, 0.31860000000000005], "instance_queries": [0, 100, 100, 100, 100, 100, 100, 100, 100, 100]}}