{"num_epochs": 20, "scenario": "PoolBaseSamplingScenario", "strategy": "random_sampling", "batch_size": 10, "query_size": 100, "seed_size": 100, "model": "LeNet", "stopping_criterion": "query_number", "stopping_criterion_value": 900, "dataset_name": "cifar10", "metric_values": {"train_loss": [0.41149431467056274, 0.38935084640979767, 0.6131834755341212, 0.6365581959486007, 0.6366558599472046, 0.55058700243632, 0.5502340167760849, 0.5435724318027496, 0.5090251397755411, 0.5009770803153515], "train_acc": [0.93, 0.9499999999999996, 0.8666666666666667, 0.8400000000000001, 0.8299999999999998, 0.8683333333333333, 0.8614285714285713, 0.8600000000000001, 0.8644444444444446, 0.865], "val_loss": [2.7772505350112917, 2.7494148745536804, 2.5492672283649442, 2.531988416433334, 2.397750328421593, 2.391714769244194, 2.3917438049316404, 2.306423216700554, 2.277832992196083, 2.258243824720383], "val_acc": [0.234, 0.252, 0.262, 0.2784, 0.306, 0.3102, 0.3218, 0.333, 0.35020000000000007, 0.34979999999999994], "instance_queries": [0, 100, 100, 100, 100, 100, 100, 100, 100, 100]}}