{"num_epochs": 20, "scenario": "PoolBaseSamplingScenario", "strategy": "random_sampling", "batch_size": 10, "query_size": 100, "seed_size": 100, "model": "LeNet", "stopping_criterion": "query_number", "stopping_criterion_value": 900, "dataset_name": "cifar10", "metric_values": {"train_loss": [0.37133614867925646, 0.23192478567361832, 0.34841955651839573, 0.41740611381828785, 0.45765584528446196, 0.5537311817208926, 0.5161668496472495, 0.5199208000674844, 0.5206715956330299, 0.4631768925487995], "train_acc": [0.9400000000000001, 0.985, 0.9366666666666664, 0.915, 0.8959999999999999, 0.8516666666666667, 0.87, 0.8699999999999999, 0.8655555555555556, 0.9010000000000002], "val_loss": [2.804263355016708, 2.759919987678528, 2.72343643116951, 2.558979871034622, 2.514169013977051, 2.3831514711380004, 2.4035873229503633, 2.4105283806324005, 2.2820990105867387, 2.3108349837064743], "val_acc": [0.2172, 0.25880000000000003, 0.2772, 0.288, 0.2894, 0.30760000000000004, 0.31439999999999996, 0.3256, 0.32780000000000004, 0.3364], "instance_queries": [0, 100, 100, 100, 100, 100, 100, 100, 100, 100]}}