{"num_epochs": 20, "scenario": "PoolBaseSamplingScenario", "strategy": "random_sampling", "batch_size": 10, "query_size": 100, "seed_size": 100, "model": "LeNet", "stopping_criterion": "query_number", "stopping_criterion_value": 900, "dataset_name": "cifar10", "metric_values": {"train_loss": [0.3336351469159126, 0.2342127837240696, 0.2627932344873746, 0.30782957561314106, 0.3721613347530365, 0.3813815409938494, 0.4568930551409721, 0.3929996894672513, 0.35053931607140437, 0.3458909826725721], "train_acc": [0.9700000000000001, 0.9649999999999999, 0.9666666666666665, 0.9524999999999999, 0.92, 0.9216666666666667, 0.8942857142857142, 0.9175000000000001, 0.9244444444444446, 0.925], "val_loss": [2.78356086063385, 2.6838185398578642, 2.7103642790317535, 2.5537038340568543, 2.4738406970500946, 2.4801679904460907, 2.3654526034593584, 2.4122268297672274, 2.3366088213324545, 2.37193335545063], "val_acc": [0.233, 0.25680000000000003, 0.2676, 0.2954, 0.31079999999999997, 0.30460000000000004, 0.33039999999999997, 0.3286, 0.345, 0.3424], "instance_queries": [0, 100, 100, 100, 100, 100, 100, 100, 100, 100]}}