{"num_epochs": 20, "scenario": "PoolBaseSamplingScenario", "strategy": "random_sampling", "batch_size": 10, "query_size": 100, "seed_size": 100, "model": "LeNet", "stopping_criterion": "query_number", "stopping_criterion_value": 900, "dataset_name": "cifar10", "metric_values": {"train_loss": [0.4710914880037308, 0.43545348569750786, 0.5018696516752243, 0.5495120547711849, 0.5917966830730438, 0.485539440313975, 0.48947868921927046, 0.4840283880010247, 0.45274856835603716, 0.3607394663989544], "train_acc": [0.89, 0.9099999999999999, 0.8433333333333333, 0.8625, 0.8400000000000002, 0.8949999999999999, 0.8814285714285715, 0.88375, 0.8966666666666668, 0.9320000000000002], "val_loss": [2.676656203508377, 2.571038856506348, 2.560112878918648, 2.385252357721329, 2.3687902772426606, 2.4013999228477476, 2.3374970625042915, 2.3036609723567962, 2.245693618297577, 2.3303704137802126], "val_acc": [0.23500000000000004, 0.2756, 0.2828, 0.3106, 0.309, 0.32459999999999994, 0.3328000000000001, 0.3346, 0.35179999999999995, 0.3538], "instance_queries": [0, 100, 100, 100, 100, 100, 100, 100, 100, 100]}}