{"num_epochs": 20, "scenario": "PoolBaseSamplingScenario", "strategy": "random_sampling", "batch_size": 10, "query_size": 100, "seed_size": 100, "model": "LeNet", "stopping_criterion": "query_number", "stopping_criterion_value": 900, "dataset_name": "cifar10", "metric_values": {"train_loss": [0.31989421844482424, 0.31656079962849615, 0.37003377129634224, 0.38791489861905576, 0.337943854033947, 0.35877097124854723, 0.40379304992301124, 0.4082276426255703, 0.40063790132602056, 0.35371408708393576], "train_acc": [0.9800000000000001, 0.9649999999999999, 0.94, 0.9324999999999999, 0.9519999999999998, 0.9366666666666666, 0.9199999999999999, 0.9037500000000002, 0.9044444444444447, 0.9250000000000002], "val_loss": [2.7213554120063783, 2.570267327070236, 2.553866747498512, 2.4876170570850373, 2.5217063759565352, 2.481615196943283, 2.431644422888756, 2.395949471116066, 2.3832187165021894, 2.368596440255642], "val_acc": [0.221, 0.2724, 0.2962, 0.30540000000000006, 0.30820000000000003, 0.3196, 0.318, 0.322, 0.3476, 0.3474], "instance_queries": [0, 100, 100, 100, 100, 100, 100, 100, 100, 100]}}