{"num_epochs": 20, "scenario": "PoolBaseSamplingScenario", "strategy": "random_sampling", "batch_size": 10, "query_size": 100, "seed_size": 100, "model": "LeNet", "stopping_criterion": "query_number", "stopping_criterion_value": 900, "dataset_name": "cifar10", "metric_values": {"train_loss": [0.5186618983745575, 0.45478577762842176, 0.46147210945685707, 0.5236847974359989, 0.46019399762153623, 0.5460805028676987, 0.5866495311260224, 0.6647471390664578, 0.49822595599624847, 0.5049013762176037], "train_acc": [0.9, 0.905, 0.9099999999999999, 0.89, 0.9179999999999999, 0.8666666666666667, 0.8542857142857141, 0.8087500000000001, 0.8822222222222225, 0.884], "val_loss": [2.686761514186859, 2.531283291578293, 2.5933763546943664, 2.5271919136047365, 2.456853397130966, 2.365988370656967, 2.299406270861626, 2.2523138682842254, 2.232008335351944, 2.244970099210739], "val_acc": [0.2334, 0.2604, 0.2766, 0.2964, 0.3104, 0.315, 0.3216, 0.32739999999999997, 0.3436, 0.3302], "instance_queries": [0, 100, 100, 100, 100, 100, 100, 100, 100, 100]}}