{"num_epochs": 20, "scenario": "PoolBaseSamplingScenario", "strategy": "random_sampling", "batch_size": 10, "query_size": 100, "seed_size": 100, "model": "LeNet", "stopping_criterion": "query_number", "stopping_criterion_value": 900, "dataset_name": "cifar10", "metric_values": {"train_loss": [0.342276094853878, 0.332535395771265, 0.30821013698975247, 0.3862386792898178, 0.46981031447649, 0.4566682589550813, 0.3770603150129318, 0.33605232648551464, 0.3367076340648863, 0.31117542542517185], "train_acc": [0.96, 0.96, 0.9666666666666667, 0.95, 0.91, 0.8949999999999999, 0.9342857142857144, 0.9375, 0.9322222222222223, 0.9350000000000002], "val_loss": [2.943656043291092, 2.6332023117542267, 2.6085328201055527, 2.517554954767227, 2.419191190481186, 2.3937816239595415, 2.3040523563623427, 2.319972089648247, 2.382380276799202, 2.3432625305652617], "val_acc": [0.2174, 0.2542, 0.274, 0.286, 0.29960000000000003, 0.3224, 0.347, 0.3456, 0.342, 0.3494], "instance_queries": [0, 100, 100, 100, 100, 100, 100, 100, 100, 100]}}