{"num_epochs": 20, "scenario": "PoolBaseSamplingScenario", "strategy": "random_sampling", "batch_size": 10, "query_size": 100, "seed_size": 100, "model": "LeNet", "stopping_criterion": "query_number", "stopping_criterion_value": 900, "dataset_name": "cifar10", "metric_values": {"train_loss": [0.3622481256723404, 0.3401475541293621, 0.5150307555993398, 0.4918425761163235, 0.5142493367195129, 0.49102162818113965, 0.5777961088078363, 0.5918089710175991, 0.5370469315184487, 0.5532547307014465], "train_acc": [0.95, 0.97, 0.9066666666666666, 0.8950000000000001, 0.87, 0.8966666666666667, 0.857142857142857, 0.845, 0.8644444444444446, 0.8470000000000002], "val_loss": [2.846455893754959, 2.5822701470851896, 2.561129490852356, 2.3555141166448594, 2.4430496674776077, 2.327416480779648, 2.2548124072551725, 2.270742342591286, 2.2949240975379945, 2.278148146033287], "val_acc": [0.224, 0.26480000000000004, 0.25739999999999996, 0.30279999999999996, 0.30240000000000006, 0.32780000000000004, 0.32880000000000004, 0.324, 0.3216, 0.3244], "instance_queries": [0, 100, 100, 100, 100, 100, 100, 100, 100, 100]}}