{"num_epochs": 20, "scenario": "PoolBaseSamplingScenario", "strategy": "random_sampling", "batch_size": 10, "query_size": 100, "seed_size": 100, "model": "LeNet", "stopping_criterion": "query_number", "stopping_criterion_value": 900, "dataset_name": "cifar10", "metric_values": {"train_loss": [0.219410939514637, 0.2070197757333517, 0.21773438528180122, 0.28656718637794254, 0.354716332256794, 0.34388159612814584, 0.3705824966941561, 0.39570067189633845, 0.3585038698381848, 0.31689120776951313], "train_acc": [1.0, 0.99, 0.9866666666666667, 0.9649999999999999, 0.948, 0.95, 0.9328571428571428, 0.91625, 0.9277777777777778, 0.9380000000000002], "val_loss": [2.9156823930740354, 2.909325660467148, 2.899913964509964, 2.8267365832328797, 2.7295577508211135, 2.662759029626846, 2.6090274591445923, 2.4125003587007523, 2.4692846583127976, 2.4526386327743532], "val_acc": [0.2248, 0.24719999999999998, 0.2594, 0.2548, 0.28640000000000004, 0.29679999999999995, 0.30879999999999996, 0.3316, 0.32139999999999996, 0.33979999999999994], "instance_queries": [0, 100, 100, 100, 100, 100, 100, 100, 100, 100]}}