{"num_epochs": 20, "scenario": "PoolBaseSamplingScenario", "strategy": "random_sampling", "batch_size": 10, "query_size": 100, "seed_size": 100, "model": "LeNet", "stopping_criterion": "query_number", "stopping_criterion_value": 900, "dataset_name": "cifar10", "metric_values": {"train_loss": [0.3778554260730743, 0.49865549206733706, 0.4449431076645851, 0.4928048890084028, 0.47803412288427355, 0.3742625686029593, 0.42552066019603185, 0.4721312629058957, 0.40794058955378004, 0.41126275807619095], "train_acc": [0.95, 0.885, 0.9066666666666664, 0.8925000000000001, 0.9, 0.9283333333333333, 0.8999999999999999, 0.89375, 0.9144444444444446, 0.902], "val_loss": [2.8884762372970583, 2.635149041056633, 2.667460303783417, 2.571427700519562, 2.4136308876276016, 2.537734694480896, 2.3529633804559706, 2.339489743232727, 2.3435037977695465, 2.4229968910217283], "val_acc": [0.2262, 0.2606, 0.268, 0.2776, 0.30260000000000004, 0.296, 0.3196, 0.304, 0.32839999999999997, 0.33120000000000005], "instance_queries": [0, 100, 100, 100, 100, 100, 100, 100, 100, 100]}}