{"num_epochs": 20, "scenario": "PoolBaseSamplingScenario", "strategy": "random_sampling", "batch_size": 10, "query_size": 100, "seed_size": 100, "model": "LeNet", "stopping_criterion": "query_number", "stopping_criterion_value": 900, "dataset_name": "cifar10", "metric_values": {"train_loss": [0.33055221736431123, 0.2976755082607269, 0.39622063338756563, 0.4011276293545961, 0.4319081699848175, 0.4539622801045577, 0.45382253697940284, 0.47875476367771624, 0.556343813902802, 0.5181359052658081], "train_acc": [0.9700000000000001, 0.9649999999999999, 0.9466666666666667, 0.9149999999999998, 0.922, 0.8983333333333333, 0.9028571428571428, 0.8862500000000001, 0.8544444444444447, 0.8680000000000001], "val_loss": [2.8790479807853697, 2.850178032040596, 2.6207269488573073, 2.551687965154648, 2.5610454626083374, 2.504322428107262, 2.411997343599796, 2.357670154094696, 2.259137817144394, 2.2334216973781587], "val_acc": [0.22140000000000004, 0.24480000000000002, 0.27679999999999993, 0.3018, 0.29560000000000003, 0.31739999999999996, 0.3286, 0.3434, 0.3538, 0.36019999999999996], "instance_queries": [0, 100, 100, 100, 100, 100, 100, 100, 100, 100]}}