{"num_epochs": 20, "scenario": "PoolBaseSamplingScenario", "strategy": "random_sampling", "batch_size": 10, "query_size": 100, "seed_size": 100, "model": "LeNet", "stopping_criterion": "query_number", "stopping_criterion_value": 900, "dataset_name": "cifar10", "metric_values": {"train_loss": [0.42934097200632093, 0.3750751629471779, 0.40338644087314607, 0.4390135508030653, 0.43429000705480575, 0.4691954093674819, 0.4619220269577844, 0.4066765855997801, 0.4080615156226688, 0.3373558919131756], "train_acc": [0.9400000000000001, 0.95, 0.9566666666666666, 0.9075, 0.9139999999999999, 0.8933333333333333, 0.8971428571428571, 0.9075, 0.9100000000000003, 0.9330000000000002], "val_loss": [2.7862882804870606, 2.5374139358997345, 2.5259912519454955, 2.510641065597534, 2.4202197940349577, 2.3587115476131437, 2.3468660833835604, 2.372966580033302, 2.3585423908233643, 2.415610999107361], "val_acc": [0.23360000000000003, 0.2716, 0.272, 0.278, 0.3072, 0.3248000000000001, 0.3252, 0.3432, 0.34720000000000006, 0.339], "instance_queries": [0, 100, 100, 100, 100, 100, 100, 100, 100, 100]}}