{"num_epochs": 20, "scenario": "PoolBaseSamplingScenario", "strategy": "random_sampling", "batch_size": 10, "query_size": 100, "seed_size": 100, "model": "LeNet", "stopping_criterion": "query_number", "stopping_criterion_value": 900, "dataset_name": "cifar10", "metric_values": {"train_loss": [0.19954165071249008, 0.19681475646793842, 0.29363096356391905, 0.3393782377243042, 0.354581361413002, 0.2780429482460022, 0.28051837533712387, 0.22438462320715188, 0.29445346428288355, 0.3055975760519505], "train_acc": [1.0, 0.985, 0.9766666666666666, 0.9375, 0.9339999999999999, 0.95, 0.9528571428571431, 0.9737500000000001, 0.9477777777777779, 0.9350000000000002], "val_loss": [2.999143590569496, 2.9832405321598054, 2.7117257232666017, 2.6135471930503846, 2.6454850759506225, 2.6073229291439057, 2.614235496878624, 2.642725790500641, 2.52304092335701, 2.4866816140413284], "val_acc": [0.2252, 0.23120000000000002, 0.2746, 0.2944, 0.29380000000000006, 0.31139999999999995, 0.3172, 0.3192, 0.3082, 0.333], "instance_queries": [0, 100, 100, 100, 100, 100, 100, 100, 100, 100]}}