{"num_epochs": 20, "scenario": "PoolBaseSamplingScenario", "strategy": "random_sampling", "batch_size": 10, "query_size": 100, "seed_size": 100, "model": "LeNet", "stopping_criterion": "query_number", "stopping_criterion_value": 900, "dataset_name": "cifar10", "metric_values": {"train_loss": [0.3107562378048897, 0.31711099073290827, 0.3310353895028432, 0.4350504007190466, 0.43613730698823927, 0.44294246584177016, 0.4864058943731444, 0.4492904920130968, 0.4230249039000935, 0.43419634029269216], "train_acc": [0.9800000000000001, 0.97, 0.9599999999999999, 0.9099999999999999, 0.9059999999999999, 0.9083333333333332, 0.8842857142857142, 0.9075, 0.898888888888889, 0.9040000000000004], "val_loss": [2.894653016090393, 2.868978748321533, 2.684147125005722, 2.5923076927661897, 2.5622135276794435, 2.4903091382980347, 2.4306281838417054, 2.3997049474716188, 2.4189482629299164, 2.413008962750435], "val_acc": [0.21780000000000002, 0.23420000000000002, 0.2658000000000001, 0.272, 0.27020000000000005, 0.2908, 0.2988, 0.31639999999999996, 0.31479999999999997, 0.3222], "instance_queries": [0, 100, 100, 100, 100, 100, 100, 100, 100, 100]}}