{"num_epochs": 20, "scenario": "PoolBaseSamplingScenario", "strategy": "random_sampling", "batch_size": 10, "query_size": 100, "seed_size": 100, "model": "LeNet", "stopping_criterion": "query_number", "stopping_criterion_value": 900, "dataset_name": "cifar10", "metric_values": {"train_loss": [0.29641364961862565, 0.3226688213646412, 0.3621635521451632, 0.4239318210631609, 0.31141784965991975, 0.4156772715349992, 0.4037554566349302, 0.45220524352043867, 0.4026366261972321, 0.3460755316913128], "train_acc": [0.9700000000000001, 0.97, 0.9466666666666665, 0.9175000000000001, 0.9520000000000001, 0.9149999999999999, 0.9199999999999999, 0.9037500000000002, 0.9155555555555558, 0.937], "val_loss": [2.8927058000564574, 2.6631886596679686, 2.6766293542385102, 2.5451145956516266, 2.640316520452499, 2.5239305958747864, 2.4722915577888487, 2.3794141258001327, 2.4135150953531266, 2.5132143553495405], "val_acc": [0.22060000000000002, 0.2576, 0.2686, 0.2772, 0.284, 0.30879999999999996, 0.31939999999999996, 0.3276, 0.32480000000000003, 0.33279999999999993], "instance_queries": [0, 100, 100, 100, 100, 100, 100, 100, 100, 100]}}