{"num_epochs": 20, "scenario": "PoolBaseSamplingScenario", "strategy": "least_confidence", "batch_size": 10, "query_size": 100, "seed_size": 100, "model": "LeNet", "stopping_criterion": "query_number", "stopping_criterion_value": 900, "dataset_name": "mnist", "metric_values": {"train_loss": [0.05221793688833713, 0.02517735380679369, 0.013828858500346541, 0.009160377678927033, 0.006276478953659534, 0.005073638170142658, 0.004253159679605493, 0.003548601501097437, 0.003261063079763618, 0.003012221096432768], "train_acc": [1.0, 1.0, 1.0, 1.0, 1.0, 1.0, 1.0, 1.0, 1.0, 1.0], "val_loss": [0.9153201268054545, 0.5576226880587637, 0.4807280687429011, 0.45411107522357874, 0.436088860417561, 0.40688923676207195, 0.38430810312973335, 0.3693860142273479, 0.3278322430079182, 0.3355822777635573], "val_acc": [0.7228333333333334, 0.8385, 0.8626666666666665, 0.874, 0.8843333333333334, 0.8953333333333334, 0.9058333333333334, 0.9116666666666666, 0.9208333333333333, 0.9191666666666667], "instance_queries": [0, 100, 100, 100, 100, 100, 100, 100, 100, 100]}}