{"num_epochs": 20, "scenario": "PoolBaseSamplingScenario", "strategy": "least_confidence", "batch_size": 10, "query_size": 100, "seed_size": 100, "model": "LeNet", "stopping_criterion": "query_number", "stopping_criterion_value": 900, "dataset_name": "mnist", "metric_values": {"train_loss": [0.05016336217522621, 0.019751568138599396, 0.011882826041740676, 0.008239997935015708, 0.006166187839116901, 0.004971962268852318, 0.004617289859535439, 0.0036847261937509755, 0.0033183732399872192, 0.0028647821725462565], "train_acc": [1.0, 1.0, 1.0, 1.0, 1.0, 1.0, 1.0, 1.0, 1.0, 1.0], "val_loss": [0.8690031540642182, 0.6202816384130468, 0.5107366361112023, 0.47292592394476135, 0.44916634723097865, 0.4239912566676503, 0.4019681064474086, 0.3872230962891869, 0.3635273079307808, 0.3610353037902193], "val_acc": [0.7363333333333333, 0.8168333333333334, 0.8570000000000001, 0.8726666666666667, 0.8838333333333335, 0.8920000000000001, 0.8989999999999999, 0.9035000000000001, 0.9091666666666667, 0.9113333333333332], "instance_queries": [0, 100, 100, 100, 100, 100, 100, 100, 100, 100]}}