{"num_epochs": 20, "scenario": "PoolBaseSamplingScenario", "strategy": "least_confidence", "batch_size": 10, "query_size": 100, "seed_size": 100, "model": "LeNet", "stopping_criterion": "query_number", "stopping_criterion_value": 900, "dataset_name": "mnist", "metric_values": {"train_loss": [0.04991755597293377, 0.02095811553299427, 0.011731240339577198, 0.008322262304136529, 0.006228107626084238, 0.005252832149077828, 0.0044630965949701415, 0.003712925925356103, 0.0033374218832856665, 0.00279024402203504], "train_acc": [1.0, 1.0, 1.0, 1.0, 1.0, 1.0, 1.0, 1.0, 1.0, 1.0], "val_loss": [0.8807571753611168, 0.5889745426534986, 0.4919281202803055, 0.4324051982688252, 0.390035920094233, 0.3829689201702907, 0.3459853662371946, 0.3543574280035682, 0.3437233584445979, 0.32777433483483037], "val_acc": [0.7293333333333334, 0.8261666666666666, 0.8598333333333334, 0.8771666666666665, 0.8973333333333333, 0.8961666666666668, 0.907, 0.9115000000000002, 0.9165000000000002, 0.9196666666666666], "instance_queries": [0, 100, 100, 100, 100, 100, 100, 100, 100, 100]}}