{"num_epochs": 20, "scenario": "PoolBaseSamplingScenario", "strategy": "least_confidence", "batch_size": 10, "query_size": 100, "seed_size": 100, "model": "LeNet", "stopping_criterion": "query_number", "stopping_criterion_value": 900, "dataset_name": "mnist", "metric_values": {"train_loss": [0.05104053914546967, 0.022588766273111106, 0.015625743692119918, 0.010880661639384925, 0.008249858669005334, 0.006812457336733738, 0.005289714345209567, 0.004783519158081617, 0.003972681071738609, 0.0034109511465067045], "train_acc": [1.0, 1.0, 1.0, 1.0, 1.0, 1.0, 1.0, 1.0, 1.0, 1.0], "val_loss": [0.8702686536560456, 0.6004946735237414, 0.5075002361422715, 0.4288331246989158, 0.42282216511201115, 0.38357696607446995, 0.3537975011061644, 0.33299310232619367, 0.3198357091494351, 0.3191789175744634], "val_acc": [0.7266666666666667, 0.8153333333333334, 0.8551666666666667, 0.8793333333333335, 0.8875, 0.9003333333333332, 0.9113333333333332, 0.9145000000000001, 0.9183333333333333, 0.9205000000000001], "instance_queries": [0, 100, 100, 100, 100, 100, 100, 100, 100, 100]}}