{"num_epochs": 20, "scenario": "PoolBaseSamplingScenario", "strategy": "least_confidence", "batch_size": 10, "query_size": 100, "seed_size": 100, "model": "LeNet", "stopping_criterion": "query_number", "stopping_criterion_value": 900, "dataset_name": "mnist", "metric_values": {"train_loss": [0.05456576310098171, 0.028049018001183867, 0.01554988610247771, 0.011673942918423563, 0.008687956519424915, 0.006460504321148619, 0.005151240028707044, 0.004609605857694987, 0.0036028019838138586, 0.0032511214062105865], "train_acc": [1.0, 1.0, 1.0, 1.0, 1.0, 1.0, 1.0, 1.0, 1.0, 1.0], "val_loss": [0.9084386839220921, 0.6811144721523548, 0.5562703752509939, 0.43456454240639386, 0.38913358383753804, 0.37386884209990967, 0.3121552509824202, 0.2999437523965025, 0.3021036769395384, 0.2964114909981921], "val_acc": [0.722, 0.8063333333333333, 0.8516666666666667, 0.8836666666666667, 0.8929999999999999, 0.9008333333333334, 0.9153333333333334, 0.9204999999999999, 0.9228333333333334, 0.9243333333333333], "instance_queries": [0, 100, 100, 100, 100, 100, 100, 100, 100, 100]}}