{"num_epochs": 20, "scenario": "PoolBaseSamplingScenario", "strategy": "least_confidence", "batch_size": 10, "query_size": 100, "seed_size": 100, "model": "LeNet", "stopping_criterion": "query_number", "stopping_criterion_value": 900, "dataset_name": "mnist", "metric_values": {"train_loss": [0.05222182236611843, 0.02125435075722635, 0.011886631247277062, 0.00953221411909908, 0.007556043430231512, 0.0057181203466219205, 0.004793399081765009, 0.003919604883412831, 0.003225228194625945, 0.002847477532050107], "train_acc": [1.0, 1.0, 1.0, 1.0, 1.0, 1.0, 1.0, 1.0, 1.0, 1.0], "val_loss": [0.8391688853378098, 0.5273746102644752, 0.4620056757253284, 0.3997303695456746, 0.36030952806953187, 0.3420632646496718, 0.3292205303290393, 0.30714107131789203, 0.3001022354707432, 0.2891125342640832], "val_acc": [0.7381666666666666, 0.84, 0.8673333333333335, 0.8893333333333335, 0.901, 0.9063333333333334, 0.9143333333333333, 0.9191666666666667, 0.9245000000000001, 0.9268333333333335], "instance_queries": [0, 100, 100, 100, 100, 100, 100, 100, 100, 100]}}