{"num_epochs": 20, "scenario": "PoolBaseSamplingScenario", "strategy": "least_confidence", "batch_size": 10, "query_size": 100, "seed_size": 100, "model": "LeNet", "stopping_criterion": "query_number", "stopping_criterion_value": 900, "dataset_name": "mnist", "metric_values": {"train_loss": [0.05130601935088634, 0.019369176728650926, 0.011644921607027452, 0.008758368383860215, 0.007223684135824442, 0.005789157882099971, 0.004980771346682949, 0.004454401155817323, 0.0035489093990893, 0.0032590601145057007], "train_acc": [1.0, 1.0, 1.0, 1.0, 1.0, 1.0, 1.0, 1.0, 1.0, 1.0], "val_loss": [0.8622446712603171, 0.7082977019700533, 0.5306412484108781, 0.45235663720367786, 0.4091872362255041, 0.3962123397549537, 0.3693749907314001, 0.3489822587770565, 0.33898852089837117, 0.308099741506497], "val_acc": [0.7298333333333333, 0.791, 0.8543333333333334, 0.8758333333333334, 0.8903333333333334, 0.8958333333333334, 0.9086666666666665, 0.9128333333333333, 0.9154999999999999, 0.9193333333333336], "instance_queries": [0, 100, 100, 100, 100, 100, 100, 100, 100, 100]}}