{"num_epochs": 20, "scenario": "PoolBaseSamplingScenario", "strategy": "least_confidence", "batch_size": 10, "query_size": 100, "seed_size": 100, "model": "LeNet", "stopping_criterion": "query_number", "stopping_criterion_value": 900, "dataset_name": "mnist", "metric_values": {"train_loss": [0.04932437464594841, 0.022687591193243862, 0.01239599312345187, 0.009267445909790695, 0.007212980696931481, 0.0056289232588217905, 0.005282176430669746, 0.00480961177527206, 0.004223546433624708, 0.0033278722880641], "train_acc": [1.0, 1.0, 1.0, 1.0, 1.0, 1.0, 1.0, 1.0, 1.0, 1.0], "val_loss": [0.926037487089634, 0.6983685441563526, 0.6316374488128349, 0.4983220739623842, 0.4423863323178375, 0.4027415104555742, 0.3717748921610958, 0.35378870145243124, 0.35437599876352277, 0.33130875567284723], "val_acc": [0.725, 0.7953333333333334, 0.8261666666666667, 0.8683333333333333, 0.8801666666666667, 0.8983333333333333, 0.9038333333333335, 0.9081666666666668, 0.9106666666666666, 0.9143333333333333], "instance_queries": [0, 100, 100, 100, 100, 100, 100, 100, 100, 100]}}