{"num_epochs": 20, "scenario": "PoolBaseSamplingScenario", "strategy": "least_confidence", "batch_size": 10, "query_size": 100, "seed_size": 100, "model": "LeNet", "stopping_criterion": "query_number", "stopping_criterion_value": 900, "dataset_name": "mnist", "metric_values": {"train_loss": [0.06549516431987286, 0.03054805500432849, 0.015030787078042824, 0.010140816704370082, 0.007253757058642805, 0.005416541292409723, 0.00410497237628858, 0.0036890300871164072, 0.003027106058369908, 0.0027464106399565937], "train_acc": [1.0, 1.0, 1.0, 1.0, 1.0, 1.0, 1.0, 1.0, 1.0, 1.0], "val_loss": [0.9406539889859656, 0.6057609529141337, 0.5036925376780952, 0.460496557491521, 0.4636628104187548, 0.4238051489441811, 0.41483613013095844, 0.36605654913854474, 0.37178689414208443, 0.35065730354598296], "val_acc": [0.7185, 0.8126666666666668, 0.8543333333333334, 0.8715000000000002, 0.8741666666666666, 0.8863333333333333, 0.8940000000000001, 0.9065000000000002, 0.9075, 0.9116666666666666], "instance_queries": [0, 100, 100, 100, 100, 100, 100, 100, 100, 100]}}