{"num_epochs": 20, "scenario": "PoolBaseSamplingScenario", "strategy": "least_confidence", "batch_size": 10, "query_size": 100, "seed_size": 100, "model": "LeNet", "stopping_criterion": "query_number", "stopping_criterion_value": 900, "dataset_name": "mnist", "metric_values": {"train_loss": [0.04463955294340849, 0.01936199301853776, 0.010248927756523092, 0.007678669574670493, 0.005389568437822163, 0.004806518003654977, 0.003961614605006097, 0.0034569942537928, 0.0030978877446614208, 0.0026736644288757818], "train_acc": [1.0, 1.0, 1.0, 1.0, 1.0, 1.0, 1.0, 1.0, 1.0, 1.0], "val_loss": [0.9513330674606065, 0.6946773298146824, 0.5723358580671871, 0.49103926376827683, 0.48715474192324715, 0.41657157269791545, 0.4053905991401795, 0.4096007140482349, 0.35829399534894035, 0.338086790304272], "val_acc": [0.7178333333333333, 0.805, 0.8395, 0.8685, 0.8728333333333335, 0.8978333333333334, 0.9026666666666667, 0.9005, 0.9123333333333334, 0.9198333333333335], "instance_queries": [0, 100, 100, 100, 100, 100, 100, 100, 100, 100]}}