{"num_epochs": 20, "scenario": "PoolBaseSamplingScenario", "strategy": "least_confidence", "batch_size": 10, "query_size": 100, "seed_size": 100, "model": "LeNet", "stopping_criterion": "query_number", "stopping_criterion_value": 900, "dataset_name": "mnist", "metric_values": {"train_loss": [0.055433834344148634, 0.02214143583551049, 0.012541319507484635, 0.008472956845071166, 0.006292594848200678, 0.0054672840109560635, 0.004867472233516829, 0.0042448683190741575, 0.0037382113663220985, 0.0032611966170952656], "train_acc": [1.0, 1.0, 1.0, 1.0, 1.0, 1.0, 1.0, 1.0, 1.0, 1.0], "val_loss": [0.900704084870716, 0.659493264577662, 0.5005268632729227, 0.43653600837220435, 0.4148569019045681, 0.38845135443669276, 0.370331725058107, 0.34727927309810186, 0.3368842865993308, 0.31494468076809423], "val_acc": [0.725, 0.809, 0.8590000000000001, 0.8796666666666666, 0.8895000000000001, 0.8983333333333333, 0.9061666666666668, 0.9088333333333335, 0.9168333333333334, 0.9216666666666666], "instance_queries": [0, 100, 100, 100, 100, 100, 100, 100, 100, 100]}}