{"num_epochs": 20, "scenario": "PoolBaseSamplingScenario", "strategy": "least_confidence", "batch_size": 10, "query_size": 100, "seed_size": 100, "model": "LeNet", "stopping_criterion": "query_number", "stopping_criterion_value": 900, "dataset_name": "mnist", "metric_values": {"train_loss": [0.05484545193612576, 0.02176316766999662, 0.014459396976356705, 0.01004188319784589, 0.007094399752095342, 0.006104344936708609, 0.00503949417034164, 0.006234530567598995, 0.003481707399866233, 0.003273111028247513], "train_acc": [1.0, 1.0, 1.0, 1.0, 1.0, 1.0, 1.0, 1.0, 1.0, 1.0], "val_loss": [0.86076392604659, 0.5776421646215022, 0.4923257330060005, 0.42441441637308647, 0.3734848425050344, 0.366577061417435, 0.345556272790612, 0.3571137566068986, 0.2892503127996072, 0.29762185567834726], "val_acc": [0.7373333333333333, 0.8273333333333334, 0.8561666666666667, 0.8783333333333333, 0.8980000000000001, 0.9051666666666669, 0.9108333333333334, 0.907, 0.9261666666666667, 0.9256666666666669], "instance_queries": [0, 100, 100, 100, 100, 100, 100, 100, 100, 100]}}