{"num_epochs": 20, "scenario": "PoolBaseSamplingScenario", "strategy": "least_confidence", "batch_size": 10, "query_size": 100, "seed_size": 100, "model": "LeNet", "stopping_criterion": "query_number", "stopping_criterion_value": 900, "dataset_name": "mnist", "metric_values": {"train_loss": [0.04857744313776493, 0.021861125901341438, 0.011555687376918892, 0.008974002057220787, 0.006718639843165874, 0.006005194981116802, 0.004468709368458283, 0.003996510205615778, 0.003097293451557764, 0.002807111462461762], "train_acc": [1.0, 1.0, 1.0, 1.0, 1.0, 1.0, 1.0, 1.0, 1.0, 1.0], "val_loss": [0.8436308071451882, 0.5886482249883314, 0.47905138857817897, 0.4288692961217991, 0.40451683281882045, 0.3698055307805771, 0.3765234723512549, 0.37854091266393275, 0.36037424896339265, 0.3649075043006936], "val_acc": [0.7394999999999999, 0.8273333333333334, 0.8696666666666666, 0.8821666666666665, 0.8906666666666666, 0.9011666666666668, 0.9035000000000001, 0.9086666666666667, 0.9126666666666667, 0.9131666666666667], "instance_queries": [0, 100, 100, 100, 100, 100, 100, 100, 100, 100]}}