{"num_epochs": 20, "scenario": "PoolBaseSamplingScenario", "strategy": "least_confidence", "batch_size": 10, "query_size": 100, "seed_size": 100, "model": "LeNet", "stopping_criterion": "query_number", "stopping_criterion_value": 900, "dataset_name": "mnist", "metric_values": {"train_loss": [0.05200429148972034, 0.02000913042575121, 0.012363231973722577, 0.009205454052425921, 0.006137252179905772, 0.005212543250915284, 0.004294173413654789, 0.0038998778807581404, 0.003761567257525813, 0.0029985815566033126], "train_acc": [1.0, 1.0, 1.0, 1.0, 1.0, 1.0, 1.0, 1.0, 1.0, 1.0], "val_loss": [0.9115350830182433, 0.5481844661803916, 0.48493524274323135, 0.41306030813100125, 0.3832525981788058, 0.36918350947865597, 0.3536703320555777, 0.34784436488339754, 0.3274965803900462, 0.2906615156146775], "val_acc": [0.7255, 0.8371666666666667, 0.8618333333333336, 0.8858333333333334, 0.8961666666666668, 0.9015, 0.9065000000000002, 0.9103333333333334, 0.9161666666666668, 0.9251666666666669], "instance_queries": [0, 100, 100, 100, 100, 100, 100, 100, 100, 100]}}