{"num_epochs": 20, "scenario": "PoolBaseSamplingScenario", "strategy": "least_confidence", "batch_size": 10, "query_size": 100, "seed_size": 100, "model": "LeNet", "stopping_criterion": "query_number", "stopping_criterion_value": 900, "dataset_name": "mnist", "metric_values": {"train_loss": [0.048429842293262484, 0.0212441289331764, 0.013981724763289094, 0.010694544110447169, 0.007984558902680874, 0.006336287337277705, 0.00530117467112307, 0.004308003267215099, 0.0034491793336605446, 0.003039050462539308], "train_acc": [1.0, 1.0, 1.0, 1.0, 1.0, 1.0, 1.0, 1.0, 1.0, 1.0], "val_loss": [0.8757524364317457, 0.6600907475594431, 0.48815692798777793, 0.4447866672797439, 0.38258734191942495, 0.35993911325291267, 0.34729356583518284, 0.31719527217918464, 0.3199402365698673, 0.30183347884274553], "val_acc": [0.7231666666666666, 0.8078333333333333, 0.8626666666666667, 0.8766666666666667, 0.8950000000000002, 0.9, 0.9086666666666667, 0.9154999999999999, 0.916, 0.9236666666666667], "instance_queries": [0, 100, 100, 100, 100, 100, 100, 100, 100, 100]}}