{"num_epochs": 20, "scenario": "PoolBaseSamplingScenario", "strategy": "least_confidence", "batch_size": 10, "query_size": 100, "seed_size": 100, "model": "LeNet", "stopping_criterion": "query_number", "stopping_criterion_value": 900, "dataset_name": "mnist", "metric_values": {"train_loss": [0.054609964787960055, 0.018123032292351127, 0.012439536458502213, 0.011247548763640225, 0.008376777367666365, 0.006804622899896155, 0.005145379510109446, 0.004153859624057077, 0.003353292400586522, 0.0029922387318219988], "train_acc": [1.0, 1.0, 1.0, 1.0, 1.0, 1.0, 1.0, 1.0, 1.0, 1.0], "val_loss": [0.9206662858525912, 0.6236564155574889, 0.5265203128335998, 0.4529378150764387, 0.41725548743153923, 0.3743851311081865, 0.36980492988640135, 0.3595752492576139, 0.3386432224118228, 0.3270240083760776], "val_acc": [0.7183333333333334, 0.8211666666666667, 0.8513333333333335, 0.8703333333333334, 0.8868333333333331, 0.9018333333333336, 0.9068333333333334, 0.911, 0.9143333333333333, 0.9196666666666666], "instance_queries": [0, 100, 100, 100, 100, 100, 100, 100, 100, 100]}}