{"num_epochs": 20, "scenario": "PoolBaseSamplingScenario", "strategy": "least_confidence", "batch_size": 10, "query_size": 100, "seed_size": 100, "model": "LeNet", "stopping_criterion": "query_number", "stopping_criterion_value": 900, "dataset_name": "mnist", "metric_values": {"train_loss": [0.050563608109951017, 0.023616098519414663, 0.018855853518471122, 0.01344066290766932, 0.0076595844142138955, 0.011211052470995735, 0.0050885301282895465, 0.0037674379236705136, 0.0031277677729829316, 0.0028543011192232372], "train_acc": [1.0, 1.0, 1.0, 0.9974999999999999, 1.0, 0.9966666666666666, 1.0, 1.0, 1.0, 1.0], "val_loss": [0.9081471112184226, 0.5633475076096753, 0.47292949095834047, 0.3990022714839627, 0.3786213656817563, 0.3683838526266239, 0.34147870250356693, 0.324551772227666, 0.3167186775947145, 0.301129106371227], "val_acc": [0.724, 0.8310000000000001, 0.8611666666666667, 0.8873333333333335, 0.8970000000000001, 0.9039999999999999, 0.9128333333333334, 0.9145000000000001, 0.9178333333333334, 0.9231666666666668], "instance_queries": [0, 100, 100, 100, 100, 100, 100, 100, 100, 100]}}