{"num_epochs": 20, "scenario": "PoolBaseSamplingScenario", "strategy": "least_confidence", "batch_size": 10, "query_size": 100, "seed_size": 100, "model": "LeNet", "stopping_criterion": "query_number", "stopping_criterion_value": 900, "dataset_name": "mnist", "metric_values": {"train_loss": [0.04927426129579544, 0.020889508770778775, 0.013869137984390061, 0.010959751874906942, 0.00793760338332504, 0.006183640464829902, 0.00518270446004213, 0.004647830816247733, 0.0035779104128273, 0.003095512630534358], "train_acc": [1.0, 1.0, 1.0, 1.0, 1.0, 1.0, 1.0, 1.0, 1.0, 1.0], "val_loss": [0.8637213053430121, 0.5632286520535126, 0.45852921046937506, 0.4479776095257451, 0.3875062222340299, 0.3709113154616595, 0.34294809080912575, 0.3434750859142514, 0.32269907109255047, 0.3217606601043371], "val_acc": [0.7314999999999999, 0.829, 0.8669999999999999, 0.8723333333333335, 0.8943333333333332, 0.8998333333333335, 0.9081666666666668, 0.9126666666666668, 0.9193333333333333, 0.9213333333333332], "instance_queries": [0, 100, 100, 100, 100, 100, 100, 100, 100, 100]}}