{"num_epochs": 20, "scenario": "PoolBaseSamplingScenario", "strategy": "least_confidence", "batch_size": 10, "query_size": 100, "seed_size": 100, "model": "LeNet", "stopping_criterion": "query_number", "stopping_criterion_value": 900, "dataset_name": "mnist", "metric_values": {"train_loss": [0.04804392494261265, 0.02013902934268117, 0.0104477657781293, 0.007476555882021785, 0.005583554906770587, 0.004295159461131941, 0.003721904807857105, 0.003128067831858061, 0.002863370462243135, 0.0026542472536675633], "train_acc": [1.0, 1.0, 1.0, 1.0, 1.0, 1.0, 1.0, 1.0, 1.0, 1.0], "val_loss": [0.8694228347142537, 0.5716571890578295, 0.5477773107836644, 0.48589677566468403, 0.42538920751054926, 0.403574787058363, 0.37051357015715136, 0.3615814353316091, 0.3311484942335907, 0.3296599951431078], "val_acc": [0.7356666666666666, 0.8386666666666668, 0.8518333333333333, 0.8715000000000002, 0.8895000000000001, 0.8970000000000001, 0.9088333333333333, 0.9125, 0.9204999999999999, 0.9226666666666669], "instance_queries": [0, 100, 100, 100, 100, 100, 100, 100, 100, 100]}}