{"num_epochs": 20, "scenario": "PoolBaseSamplingScenario", "strategy": "least_confidence", "batch_size": 10, "query_size": 100, "seed_size": 100, "model": "LeNet", "stopping_criterion": "query_number", "stopping_criterion_value": 900, "dataset_name": "mnist", "metric_values": {"train_loss": [0.060185369476675986, 0.03304622294381261, 0.015649476026495298, 0.011943119298666715, 0.008483529561199249, 0.006641927039405952, 0.005399709446023086, 0.004230022999399808, 0.003512896586390626, 0.0029069565975805745], "train_acc": [1.0, 1.0, 1.0, 1.0, 1.0, 1.0, 1.0, 1.0, 1.0, 1.0], "val_loss": [0.8859558222939571, 0.5626316678958635, 0.4342602627033678, 0.39731686145222433, 0.3449640117676851, 0.3172143116098596, 0.3107339848430517, 0.3100154598975981, 0.2872060018385916, 0.3047146300965202], "val_acc": [0.7285, 0.8213333333333335, 0.8723333333333335, 0.8911666666666668, 0.9071666666666666, 0.9136666666666667, 0.9171666666666666, 0.9205000000000001, 0.9248333333333335, 0.9254999999999999], "instance_queries": [0, 100, 100, 100, 100, 100, 100, 100, 100, 100]}}