{"num_epochs": 20, "scenario": "PoolBaseSamplingScenario", "strategy": "random_sampling", "batch_size": 10, "query_size": 100, "seed_size": 100, "model": "LeNet", "stopping_criterion": "query_number", "stopping_criterion_value": 900, "dataset_name": "mnist", "metric_values": {"train_loss": [0.05036755912005901, 0.022998034302145243, 0.014483359425018232, 0.010581893229391426, 0.007928101578727365, 0.006154716193365554, 0.004584473140338169, 0.003951926769514102, 0.0035016537844462115, 0.002927805444924161], "train_acc": [1.0, 1.0, 1.0, 1.0, 1.0, 1.0, 1.0, 1.0, 1.0, 1.0], "val_loss": [0.9152804630187651, 0.6168027003730336, 0.46773930030642075, 0.4101246235523528, 0.36703669697337316, 0.35253901049727576, 0.33958632011635925, 0.32213736143351224, 0.30207934354567745, 0.3031037738949817], "val_acc": [0.7225, 0.8205, 0.8668333333333333, 0.8863333333333333, 0.8966666666666666, 0.9023333333333334, 0.9103333333333334, 0.9175, 0.9216666666666666, 0.9248333333333333], "instance_queries": [0, 100, 100, 100, 100, 100, 100, 100, 100, 100]}}