{"num_epochs": 20, "scenario": "PoolBaseSamplingScenario", "strategy": "random_sampling", "batch_size": 10, "query_size": 100, "seed_size": 100, "model": "LeNet", "stopping_criterion": "query_number", "stopping_criterion_value": 900, "dataset_name": "mnist", "metric_values": {"train_loss": [0.05754900649189949, 0.022157075023278593, 0.01381175157148391, 0.010813939233776182, 0.008162368624471127, 0.006123574376882364, 0.005262507099126066, 0.004817343210743274, 0.0035186760800166262, 0.0032732378278160466], "train_acc": [1.0, 1.0, 1.0, 1.0, 1.0, 1.0, 1.0, 1.0, 1.0, 1.0], "val_loss": [0.9867018766701221, 0.657759997912993, 0.5724520807201042, 0.4886204900033772, 0.4244055966842764, 0.40409078147805605, 0.37756730609515216, 0.36435598929800717, 0.33377782352879876, 0.3379881148099472], "val_acc": [0.7055000000000001, 0.8075, 0.8398333333333334, 0.8641666666666666, 0.8816666666666667, 0.8906666666666668, 0.896, 0.9055, 0.9121666666666668, 0.9130000000000001], "instance_queries": [0, 100, 100, 100, 100, 100, 100, 100, 100, 100]}}