{"num_epochs": 20, "scenario": "PoolBaseSamplingScenario", "strategy": "random_sampling", "batch_size": 10, "query_size": 100, "seed_size": 100, "model": "LeNet", "stopping_criterion": "query_number", "stopping_criterion_value": 900, "dataset_name": "mnist", "metric_values": {"train_loss": [0.05897361114621162, 0.025240634568035603, 0.013511854068686565, 0.009961939632194116, 0.008010341916233302, 0.006442385793585951, 0.005676090713989522, 0.004963002996373689, 0.003975826675175793, 0.003271200472954661], "train_acc": [1.0, 1.0, 1.0, 1.0, 1.0, 1.0, 1.0, 1.0, 1.0, 1.0], "val_loss": [0.8815336904426416, 0.663327369755134, 0.5200854551411854, 0.45585475778750456, 0.4009201685372197, 0.37311790404938316, 0.34352941557512773, 0.33186321023104637, 0.32227684355612535, 0.32778367983254914], "val_acc": [0.7295, 0.8051666666666667, 0.8521666666666667, 0.8721666666666666, 0.8890000000000001, 0.9015000000000002, 0.9078333333333334, 0.917, 0.9206666666666669, 0.9176666666666669], "instance_queries": [0, 100, 100, 100, 100, 100, 100, 100, 100, 100]}}