{"num_epochs": 20, "scenario": "PoolBaseSamplingScenario", "strategy": "random_sampling", "batch_size": 10, "query_size": 100, "seed_size": 100, "model": "LeNet", "stopping_criterion": "query_number", "stopping_criterion_value": 900, "dataset_name": "mnist", "metric_values": {"train_loss": [0.054619571194052696, 0.019749089842662215, 0.011731279222294689, 0.0074556450068484995, 0.0058634544629603625, 0.004848963639233261, 0.004335713963623026, 0.0039022336073685437, 0.003385692779233472, 0.002776728086755611], "train_acc": [1.0, 1.0, 1.0, 1.0, 1.0, 1.0, 1.0, 1.0, 1.0, 1.0], "val_loss": [0.8721368506799142, 0.6224166495415072, 0.5115719829290174, 0.4592917546354389, 0.42794294850202275, 0.40804231630347204, 0.3949906269266891, 0.3571444264073701, 0.3493051681294067, 0.33623811081255556], "val_acc": [0.7333333333333333, 0.8175, 0.8563333333333333, 0.8731666666666666, 0.8888333333333333, 0.8950000000000002, 0.9035000000000002, 0.9129999999999999, 0.9135000000000001, 0.9156666666666669], "instance_queries": [0, 100, 100, 100, 100, 100, 100, 100, 100, 100]}}