{"num_epochs": 20, "scenario": "PoolBaseSamplingScenario", "strategy": "random_sampling", "batch_size": 10, "query_size": 100, "seed_size": 100, "model": "LeNet", "stopping_criterion": "query_number", "stopping_criterion_value": 900, "dataset_name": "mnist", "metric_values": {"train_loss": [0.048586456850171086, 0.020293985353782774, 0.011569314387937386, 0.008396761835319922, 0.007362422943115235, 0.006500473649551471, 0.005387741353894983, 0.00412153325160034, 0.003924982937233937, 0.003280567410402], "train_acc": [1.0, 1.0, 1.0, 1.0, 1.0, 1.0, 1.0, 1.0, 1.0, 1.0], "val_loss": [0.9441316282252471, 0.6378375714396437, 0.5276750273102273, 0.4683418308982315, 0.4164544611224361, 0.3922843172711631, 0.38973966966421963, 0.3720252896361247, 0.37406434715415043, 0.3604435708389792], "val_acc": [0.7111666666666667, 0.8153333333333334, 0.8450000000000001, 0.8716666666666668, 0.8853333333333334, 0.8960000000000002, 0.9, 0.9061666666666668, 0.9081666666666668, 0.9125], "instance_queries": [0, 100, 100, 100, 100, 100, 100, 100, 100, 100]}}