{"num_epochs": 20, "scenario": "PoolBaseSamplingScenario", "strategy": "random_sampling", "batch_size": 10, "query_size": 100, "seed_size": 100, "model": "LeNet", "stopping_criterion": "query_number", "stopping_criterion_value": 900, "dataset_name": "mnist", "metric_values": {"train_loss": [0.05036102719604969, 0.02407961441203952, 0.013937202468514442, 0.01058444397058338, 0.007506761429831386, 0.007062575737169633, 0.005514480003954044, 0.004225209205469582, 0.0035411167928638557, 0.002950923557509668], "train_acc": [1.0, 1.0, 1.0, 1.0, 1.0, 1.0, 1.0, 1.0, 1.0, 1.0], "val_loss": [0.8787736575057109, 0.5638145780190825, 0.45832613567744074, 0.37143240685535905, 0.37094813484620925, 0.35149608488815526, 0.3344194624569112, 0.32855286536020384, 0.3252084320600746, 0.30935735221384675], "val_acc": [0.7301666666666667, 0.8286666666666668, 0.8658333333333333, 0.8918333333333336, 0.8931666666666668, 0.9008333333333334, 0.9121666666666668, 0.9110000000000003, 0.9161666666666668, 0.9225], "instance_queries": [0, 100, 100, 100, 100, 100, 100, 100, 100, 100]}}