{"num_epochs": 20, "scenario": "PoolBaseSamplingScenario", "strategy": "random_sampling", "batch_size": 10, "query_size": 100, "seed_size": 100, "model": "LeNet", "stopping_criterion": "query_number", "stopping_criterion_value": 900, "dataset_name": "mnist", "metric_values": {"train_loss": [0.05611622706055641, 0.02960335314273834, 0.01849269775363306, 0.012308766006026418, 0.009857165236026049, 0.007261730047563712, 0.005433908000122755, 0.004761043351754779, 0.003950514849404701, 0.0032162369292927906], "train_acc": [1.0, 1.0, 1.0, 1.0, 1.0, 1.0, 1.0, 1.0, 1.0, 1.0], "val_loss": [0.925077316959699, 0.6195888981533547, 0.4748983575232948, 0.4206017913312341, 0.4153552681300789, 0.39335194193932693, 0.3893000650363198, 0.3769327460534987, 0.3467143244295342, 0.3326679793637595], "val_acc": [0.7185, 0.8195, 0.8638333333333335, 0.881, 0.8865, 0.8916666666666668, 0.8973333333333335, 0.9048333333333333, 0.9125, 0.9126666666666667], "instance_queries": [0, 100, 100, 100, 100, 100, 100, 100, 100, 100]}}