{"num_epochs": 20, "scenario": "PoolBaseSamplingScenario", "strategy": "random_sampling", "batch_size": 10, "query_size": 100, "seed_size": 100, "model": "LeNet", "stopping_criterion": "query_number", "stopping_criterion_value": 900, "dataset_name": "mnist", "metric_values": {"train_loss": [0.051423358544707296, 0.02371223010122776, 0.015678816350797813, 0.01043367838137783, 0.008263307865709066, 0.0058712638448923824, 0.00475894702498668, 0.0041559936158591885, 0.0033703884821281666, 0.002944521624594927], "train_acc": [1.0, 1.0, 1.0, 1.0, 1.0, 1.0, 1.0, 1.0, 1.0, 1.0], "val_loss": [0.8853040272245805, 0.5640732259536162, 0.42972733595951773, 0.3747164649229186, 0.3505378672496105, 0.35183780480001586, 0.3245826162021452, 0.286932878458659, 0.2807021272420146, 0.2626830658347171], "val_acc": [0.735, 0.8265, 0.8706666666666668, 0.8925, 0.8958333333333335, 0.9013333333333334, 0.9110000000000003, 0.9225, 0.925, 0.9304999999999999], "instance_queries": [0, 100, 100, 100, 100, 100, 100, 100, 100, 100]}}