{"num_epochs": 20, "scenario": "PoolBaseSamplingScenario", "strategy": "random_sampling", "batch_size": 10, "query_size": 100, "seed_size": 100, "model": "LeNet", "stopping_criterion": "query_number", "stopping_criterion_value": 900, "dataset_name": "mnist", "metric_values": {"train_loss": [0.049446774460375306, 0.02313161240890622, 0.01575638128754993, 0.011133489024359733, 0.008555930191650987, 0.00668170111409078, 0.005481525059855942, 0.00471826761495322, 0.0038509832378218157, 0.0035521694587077944], "train_acc": [1.0, 1.0, 1.0, 1.0, 1.0, 1.0, 1.0, 1.0, 1.0, 1.0], "val_loss": [0.9054120166910191, 0.6953001771432658, 0.5549879900102194, 0.5096071451487175, 0.48021354851157716, 0.39610191721779603, 0.3683048189867986, 0.3471083936099118, 0.3310628139501205, 0.3325060584146801], "val_acc": [0.726, 0.7986666666666666, 0.8428333333333334, 0.8608333333333333, 0.8729999999999999, 0.895, 0.905, 0.9123333333333334, 0.9173333333333334, 0.9163333333333334], "instance_queries": [0, 100, 100, 100, 100, 100, 100, 100, 100, 100]}}