{"num_epochs": 20, "scenario": "PoolBaseSamplingScenario", "strategy": "random_sampling", "batch_size": 10, "query_size": 100, "seed_size": 100, "model": "LeNet", "stopping_criterion": "query_number", "stopping_criterion_value": 900, "dataset_name": "mnist", "metric_values": {"train_loss": [0.054510604962706564, 0.02642618715763092, 0.01603696485981345, 0.011207695328630507, 0.008253761064261199, 0.005962451877227674, 0.005207404477654823, 0.004326637617486995, 0.0035586747916467073, 0.0029641990282107144], "train_acc": [1.0, 1.0, 1.0, 1.0, 1.0, 1.0, 1.0, 1.0, 1.0, 1.0], "val_loss": [0.8865544736882051, 0.6115225261310115, 0.46861719702137633, 0.40488519628182984, 0.36660256030115607, 0.36974855497712267, 0.34409730252441173, 0.3603140123363119, 0.3404104095698373, 0.3307452990864598], "val_acc": [0.7305, 0.8196666666666668, 0.8671666666666666, 0.8855000000000001, 0.8996666666666667, 0.8998333333333335, 0.9123333333333334, 0.9079999999999999, 0.9153333333333334, 0.9193333333333333], "instance_queries": [0, 100, 100, 100, 100, 100, 100, 100, 100, 100]}}