{"num_epochs": 20, "scenario": "PoolBaseSamplingScenario", "strategy": "random_sampling", "batch_size": 10, "query_size": 100, "seed_size": 100, "model": "LeNet", "stopping_criterion": "query_number", "stopping_criterion_value": 900, "dataset_name": "mnist", "metric_values": {"train_loss": [0.049700959026813506, 0.023322910256683826, 0.014170306238035361, 0.011504784075077623, 0.009917403175495564, 0.00958118667670836, 0.006185317227417337, 0.005380795180099085, 0.003993504473732578, 0.003823579583549872], "train_acc": [1.0, 1.0, 1.0, 1.0, 1.0, 0.9983333333333333, 1.0, 1.0, 1.0, 1.0], "val_loss": [0.848942414658765, 0.4819666431409617, 0.43968395807702715, 0.41137609613283227, 0.3703723980206996, 0.36089002229933004, 0.31194488727177183, 0.30542308716627303, 0.29429551241288815, 0.29389311499660836], "val_acc": [0.7356666666666666, 0.8511666666666667, 0.8698333333333333, 0.8773333333333335, 0.8976666666666667, 0.9008333333333334, 0.9168333333333334, 0.9183333333333333, 0.9243333333333333, 0.9225], "instance_queries": [0, 100, 100, 100, 100, 100, 100, 100, 100, 100]}}