{"num_epochs": 20, "scenario": "PoolBaseSamplingScenario", "strategy": "random_sampling", "batch_size": 10, "query_size": 100, "seed_size": 100, "model": "LeNet", "stopping_criterion": "query_number", "stopping_criterion_value": 900, "dataset_name": "mnist", "metric_values": {"train_loss": [0.054179324954748156, 0.025099501898512244, 0.013995701633393764, 0.009198350744554773, 0.006448933146893978, 0.004907373214761416, 0.003956157263434891, 0.0036568543575413058, 0.0032161394871460893, 0.0028660610027145595], "train_acc": [1.0, 1.0, 1.0, 1.0, 1.0, 1.0, 1.0, 1.0, 1.0, 1.0], "val_loss": [0.9182036150122682, 0.6316470722559219, 0.5147315678970578, 0.4612876449067456, 0.442452018231852, 0.3799544881398712, 0.3733679239017268, 0.34784714419714874, 0.34004314617884424, 0.32625001151701627], "val_acc": [0.7261666666666666, 0.8160000000000001, 0.8546666666666668, 0.8735, 0.8836666666666667, 0.8984999999999999, 0.9053333333333334, 0.9138333333333333, 0.9138333333333333, 0.9181666666666666], "instance_queries": [0, 100, 100, 100, 100, 100, 100, 100, 100, 100]}}