{"num_epochs": 20, "scenario": "PoolBaseSamplingScenario", "strategy": "random_sampling", "batch_size": 10, "query_size": 100, "seed_size": 100, "model": "LeNet", "stopping_criterion": "query_number", "stopping_criterion_value": 900, "dataset_name": "mnist", "metric_values": {"train_loss": [0.05588497668504715, 0.02733774986118078, 0.01786127289136251, 0.013700438709929586, 0.00983830431010574, 0.007584826219438886, 0.0058696946744540976, 0.005197143710392993, 0.004111610011508068, 0.003590903761505615], "train_acc": [1.0, 1.0, 1.0, 1.0, 1.0, 1.0, 1.0, 1.0, 1.0, 1.0], "val_loss": [0.9499872097435097, 0.5719550854961077, 0.4418058639935528, 0.3934598570456728, 0.3476302988365448, 0.33918227457480193, 0.3264013550376209, 0.3125765083451794, 0.30124630434370675, 0.30131036575102677], "val_acc": [0.7141666666666666, 0.8193333333333334, 0.8663333333333333, 0.8868333333333334, 0.9045000000000001, 0.9066666666666666, 0.9139999999999999, 0.9178333333333334, 0.9241666666666667, 0.9231666666666668], "instance_queries": [0, 100, 100, 100, 100, 100, 100, 100, 100, 100]}}