{"num_epochs": 20, "scenario": "PoolBaseSamplingScenario", "strategy": "random_sampling", "batch_size": 10, "query_size": 100, "seed_size": 100, "model": "LeNet", "stopping_criterion": "query_number", "stopping_criterion_value": 900, "dataset_name": "mnist", "metric_values": {"train_loss": [0.0459348039701581, 0.018609644286334513, 0.012406990863382816, 0.009964778611902148, 0.007935313270427286, 0.00716165029637826, 0.005424576076412839, 0.004472389169677626, 0.003774610078997082, 0.0031568593706469985], "train_acc": [1.0, 1.0, 1.0, 1.0, 1.0, 1.0, 1.0, 1.0, 1.0, 1.0], "val_loss": [0.9157047587757309, 0.6330688494505982, 0.47024800644256176, 0.4053271749825217, 0.38842605890046494, 0.37550109055533537, 0.3503003436655854, 0.3303022404127599, 0.31683135515641575, 0.32066357689851427], "val_acc": [0.731, 0.8119999999999999, 0.8596666666666668, 0.8851666666666667, 0.8940000000000001, 0.9013333333333334, 0.9073333333333334, 0.9125, 0.9185, 0.9188333333333333], "instance_queries": [0, 100, 100, 100, 100, 100, 100, 100, 100, 100]}}