{"num_epochs": 20, "scenario": "PoolBaseSamplingScenario", "strategy": "random_sampling", "batch_size": 10, "query_size": 100, "seed_size": 100, "model": "LeNet", "stopping_criterion": "query_number", "stopping_criterion_value": 900, "dataset_name": "mnist", "metric_values": {"train_loss": [0.050306423008441924, 0.019109414983540775, 0.013097934036826095, 0.008870304864831268, 0.0069073571125045415, 0.005891957448329777, 0.0044432489625510895, 0.003952659793139901, 0.0035833991643610514, 0.0030402415350545197], "train_acc": [1.0, 1.0, 1.0, 1.0, 1.0, 1.0, 1.0, 1.0, 1.0, 1.0], "val_loss": [0.8856651916789512, 0.6258784241244818, 0.47420160556755336, 0.43708301782530423, 0.41031139718194026, 0.3923504045419395, 0.3952238048126067, 0.3697238436177334, 0.39175679461002194, 0.3699503536186724], "val_acc": [0.731, 0.8188333333333334, 0.861, 0.8766666666666667, 0.8866666666666667, 0.8953333333333334, 0.9008333333333334, 0.9093333333333333, 0.907, 0.9116666666666666], "instance_queries": [0, 100, 100, 100, 100, 100, 100, 100, 100, 100]}}