{"num_epochs": 20, "scenario": "PoolBaseSamplingScenario", "strategy": "random_sampling", "batch_size": 10, "query_size": 100, "seed_size": 100, "model": "LeNet", "stopping_criterion": "query_number", "stopping_criterion_value": 900, "dataset_name": "mnist", "metric_values": {"train_loss": [0.048049079813063146, 0.024807149544358253, 0.019156450126320123, 0.012497630517464131, 0.008967257393524051, 0.006724442611448467, 0.0050969634254995205, 0.004254447211133083, 0.0037251009560552322, 0.003214203569514211], "train_acc": [1.0, 1.0, 0.9966666666666666, 0.9974999999999999, 1.0, 1.0, 1.0, 1.0, 1.0, 1.0], "val_loss": [0.9116471653183301, 0.5796659104945138, 0.49455785520374773, 0.4561742492315049, 0.4047032207242834, 0.4129558797815116, 0.38236508846884437, 0.3414300134941004, 0.33162332408363, 0.31966360038461666], "val_acc": [0.7266666666666667, 0.8256666666666668, 0.8545, 0.8711666666666668, 0.8856666666666668, 0.8928333333333334, 0.9058333333333334, 0.9128333333333334, 0.9161666666666668, 0.9216666666666666], "instance_queries": [0, 100, 100, 100, 100, 100, 100, 100, 100, 100]}}