{"num_epochs": 20, "scenario": "PoolBaseSamplingScenario", "strategy": "random_sampling", "batch_size": 10, "query_size": 100, "seed_size": 100, "model": "LeNet", "stopping_criterion": "query_number", "stopping_criterion_value": 900, "dataset_name": "mnist", "metric_values": {"train_loss": [0.05369639843702316, 0.020961729809641838, 0.01055813574542602, 0.007795628655003384, 0.005815177476033568, 0.004906635093114649, 0.004332987736311874, 0.0035909598009311594, 0.0031714824953168216, 0.0026336856538546273], "train_acc": [1.0, 1.0, 1.0, 1.0, 1.0, 1.0, 1.0, 1.0, 1.0, 1.0], "val_loss": [0.8508940133576591, 0.5877083617045233, 0.5067663236459097, 0.47959751943320345, 0.4998602095191988, 0.44527618765093696, 0.3744303873470441, 0.3827845724384921, 0.3564432176288877, 0.3616789353166435], "val_acc": [0.7311666666666666, 0.8241666666666667, 0.8585, 0.8696666666666666, 0.8658333333333333, 0.8833333333333333, 0.8993333333333333, 0.9026666666666667, 0.9090000000000001, 0.9141666666666667], "instance_queries": [0, 100, 100, 100, 100, 100, 100, 100, 100, 100]}}