{"num_epochs": 20, "scenario": "PoolBaseSamplingScenario", "strategy": "random_sampling", "batch_size": 10, "query_size": 100, "seed_size": 100, "model": "LeNet", "stopping_criterion": "query_number", "stopping_criterion_value": 900, "dataset_name": "mnist", "metric_values": {"train_loss": [0.049714748933911326, 0.031064259679988028, 0.018317138915881513, 0.013819846289698035, 0.010680624293163419, 0.007240914731907347, 0.005916817783976772, 0.005092243118269835, 0.004246975658720152, 0.0032378453173441814], "train_acc": [1.0, 1.0, 1.0, 1.0, 1.0, 1.0, 1.0, 1.0, 1.0, 1.0], "val_loss": [0.8547778183221817, 0.5706766563948865, 0.4859540430859973, 0.48125222098547965, 0.4207566968764877, 0.38315801765575697, 0.36441146545441977, 0.3627960094231336, 0.36437567834208795, 0.34289050049788783], "val_acc": [0.7351666666666667, 0.8231666666666667, 0.8540000000000002, 0.8620000000000001, 0.8841666666666667, 0.8945000000000001, 0.905, 0.9065000000000002, 0.9088333333333335, 0.9146666666666666], "instance_queries": [0, 100, 100, 100, 100, 100, 100, 100, 100, 100]}}