{"num_epochs": 20, "scenario": "PoolBaseSamplingScenario", "strategy": "random_sampling", "batch_size": 10, "query_size": 100, "seed_size": 100, "model": "LeNet", "stopping_criterion": "query_number", "stopping_criterion_value": 900, "dataset_name": "mnist", "metric_values": {"train_loss": [0.05298246257007122, 0.023829226056113838, 0.01514318105764687, 0.009317986521637067, 0.006930337930098176, 0.005501033707211415, 0.004492692379946155, 0.004010138551529962, 0.0035251601114093018, 0.0033282138261711224], "train_acc": [1.0, 1.0, 1.0, 1.0, 1.0, 1.0, 1.0, 1.0, 1.0, 1.0], "val_loss": [0.9064769243573149, 0.601750273918733, 0.4708160784980282, 0.4327995794072437, 0.4142644344865888, 0.399882073677533, 0.38138282908766996, 0.3852924797491869, 0.3690493656186057, 0.3525234230637337], "val_acc": [0.7236666666666667, 0.824, 0.8648333333333335, 0.8831666666666668, 0.889, 0.8966666666666666, 0.9045000000000001, 0.9051666666666667, 0.9085000000000001, 0.9098333333333333], "instance_queries": [0, 100, 100, 100, 100, 100, 100, 100, 100, 100]}}