{"num_epochs": 20, "scenario": "PoolBaseSamplingScenario", "strategy": "random_sampling", "batch_size": 10, "query_size": 100, "seed_size": 100, "model": "LeNet", "stopping_criterion": "query_number", "stopping_criterion_value": 900, "dataset_name": "mnist", "metric_values": {"train_loss": [0.055939491093158725, 0.027707594726234675, 0.01806320318331321, 0.01201214898028411, 0.008341190470382571, 0.006041867355816066, 0.0048129577721868246, 0.004004593312129145, 0.00347963505385754, 0.003113735193037428], "train_acc": [1.0, 1.0, 1.0, 1.0, 1.0, 1.0, 1.0, 1.0, 1.0, 1.0], "val_loss": [0.9333941127732396, 0.6214415048466374, 0.5047568776233432, 0.45182549903945374, 0.4051342757647702, 0.3888067337335087, 0.3699420613219263, 0.38090381581316857, 0.3708152986994052, 0.34750117690186016], "val_acc": [0.718, 0.8153333333333334, 0.8486666666666668, 0.8743333333333334, 0.8908333333333334, 0.8956666666666666, 0.9036666666666667, 0.9051666666666666, 0.9086666666666667, 0.9154999999999999], "instance_queries": [0, 100, 100, 100, 100, 100, 100, 100, 100, 100]}}