{"num_epochs": 20, "scenario": "PoolBaseSamplingScenario", "strategy": "diverse_mini_batch", "batch_size": 10, "query_size": 1000, "seed_size": 1000, "model": "VggNet", "stopping_criterion": "query_number", "stopping_criterion_value": 9000, "dataset_name": "cifar10", "metric_values": {"train_loss": [2.0173296689987184, 1.9711134320497512, 1.9401315303643545, 1.8202975302934647, 1.628329490661621, 1.6705757353703181, 1.2801974867071424, 1.373685322701931, 1.120500763952732, 1.1897247953414918], "train_acc": [0.205, 0.2, 0.22033333333333333, 0.25475000000000003, 0.36619999999999997, 0.30616666666666664, 0.5134285714285715, 0.4628749999999999, 0.5917777777777778, 0.5677000000000001], "val_loss": [1.9388499250411988, 1.8925027146339417, 1.9270379164218903, 1.8574738380908966, 1.5327194793224335, 1.630407598733902, 1.347477805197239, 1.4068514304161073, 1.1257379902005196, 1.1382415913343429], "val_acc": [0.19820000000000002, 0.20560000000000003, 0.23800000000000002, 0.24639999999999998, 0.3946, 0.327, 0.5018, 0.4634, 0.5804, 0.575], "instance_queries": [0, 1000, 1000, 1000, 1000, 1000, 1000, 1000, 1000, 1000]}}