{"num_epochs": 20, "scenario": "PoolBaseSamplingScenario", "strategy": "diverse_mini_batch", "batch_size": 10, "query_size": 1000, "seed_size": 1000, "model": "VggNet", "stopping_criterion": "query_number", "stopping_criterion_value": 9000, "dataset_name": "cifar10", "metric_values": {"train_loss": [2.0041304087638854, 1.9592055034637452, 1.9233288498719534, 1.9116959023475646, 1.67870800948143, 1.5219665559132893, 1.4779619979006904, 1.4902240893989802, 0.974009286744727, 1.1655680210888386], "train_acc": [0.21, 0.20350000000000001, 0.22433333333333338, 0.24424999999999997, 0.335, 0.3905, 0.41285714285714287, 0.3875, 0.6488888888888888, 0.5470999999999999], "val_loss": [1.9806334190368653, 1.9345550408363343, 1.8803688061237336, 1.8631411781311036, 1.5696332004070281, 1.4760617462396621, 1.4382731322050095, 1.4697393262386322, 1.1180473154783248, 1.213505890071392], "val_acc": [0.195, 0.21980000000000002, 0.22560000000000002, 0.2586, 0.3664, 0.40159999999999996, 0.41, 0.4232, 0.609, 0.5312], "instance_queries": [0, 1000, 1000, 1000, 1000, 1000, 1000, 1000, 1000, 1000]}}