{"num_epochs": 20, "scenario": "PoolBaseSamplingScenario", "strategy": "diverse_mini_batch", "batch_size": 10, "query_size": 1000, "seed_size": 1000, "model": "VggNet", "stopping_criterion": "query_number", "stopping_criterion_value": 9000, "dataset_name": "cifar10", "metric_values": {"train_loss": [2.023771322965622, 1.9867577701807022, 1.9652811606725058, 1.8193281799554826, 1.7484283678531647, 1.859825987815857, 1.595257235765457, 1.456951294541359, 1.427716969980134, 1.241032021522522], "train_acc": [0.213, 0.21350000000000002, 0.24600000000000002, 0.2605, 0.2892, 0.23416666666666666, 0.3537142857142857, 0.443125, 0.43288888888888893, 0.5422], "val_loss": [1.9738927931785584, 2.0865881781578066, 1.9449694502353667, 1.6825947461128234, 1.674719558238983, 1.8262000923156738, 1.5709264711141586, 1.4113858221769333, 1.3654902957677841, 1.1920720123648643], "val_acc": [0.20000000000000004, 0.189, 0.24980000000000002, 0.292, 0.2968, 0.25920000000000004, 0.379, 0.47079999999999994, 0.4622, 0.541], "instance_queries": [0, 1000, 1000, 1000, 1000, 1000, 1000, 1000, 1000, 1000]}}