{"num_epochs": 20, "scenario": "PoolBaseSamplingScenario", "strategy": "diverse_mini_batch", "batch_size": 10, "query_size": 1000, "seed_size": 1000, "model": "VggNet", "stopping_criterion": "query_number", "stopping_criterion_value": 9000, "dataset_name": "cifar10", "metric_values": {"train_loss": [1.9933479142189026, 1.9875959485769272, 1.9259545191129048, 1.8206776773929596, 1.5826034259796142, 1.7201465640465419, 1.5899588000774383, 1.3951416815817357, 1.2596050759156545, 0.9169780883640051], "train_acc": [0.22499999999999998, 0.195, 0.21800000000000003, 0.25125, 0.36719999999999997, 0.27699999999999997, 0.367, 0.44787499999999997, 0.5181111111111111, 0.6673], "val_loss": [1.934436383485794, 1.9104005734920502, 1.8983505320549012, 1.7443205242156983, 1.5903969048261641, 1.6625055758953093, 1.5677571992874146, 1.3428795336484909, 1.254343468606472, 1.0348211086094379], "val_acc": [0.22319999999999998, 0.2106, 0.20460000000000003, 0.2542, 0.36619999999999997, 0.2826, 0.377, 0.4814, 0.5408, 0.63], "instance_queries": [0, 1000, 1000, 1000, 1000, 1000, 1000, 1000, 1000, 1000]}}