{"num_epochs": 20, "scenario": "PoolBaseSamplingScenario", "strategy": "diverse_mini_batch", "batch_size": 10, "query_size": 1000, "seed_size": 1000, "model": "VggNet", "stopping_criterion": "query_number", "stopping_criterion_value": 9000, "dataset_name": "cifar10", "metric_values": {"train_loss": [2.0050365257263185, 1.8832575976848602, 1.8566723211606344, 1.8088822519779206, 1.6598343477249144, 1.6528394319613775, 1.562826412320137, 1.3602390477061272, 1.1389523089594311, 0.9663403198122978], "train_acc": [0.17900000000000002, 0.23600000000000002, 0.23533333333333337, 0.2975, 0.3492, 0.32766666666666666, 0.38314285714285723, 0.48525000000000007, 0.5764444444444444, 0.6461999999999999], "val_loss": [1.912950469493866, 1.8245458467006683, 1.8447218058109283, 1.7544768295288087, 1.5939045583009719, 1.6530832817554475, 1.587304305434227, 1.2792513028383254, 1.2041351422667503, 1.0414139216840268], "val_acc": [0.20900000000000002, 0.26639999999999997, 0.2298, 0.30779999999999996, 0.3556, 0.31439999999999996, 0.38739999999999997, 0.49979999999999997, 0.5674000000000001, 0.6166], "instance_queries": [0, 1000, 1000, 1000, 1000, 1000, 1000, 1000, 1000, 1000]}}