{"num_epochs": 20, "scenario": "PoolBaseSamplingScenario", "strategy": "diverse_mini_batch", "batch_size": 10, "query_size": 1000, "seed_size": 1000, "model": "VggNet", "stopping_criterion": "query_number", "stopping_criterion_value": 9000, "dataset_name": "cifar10", "metric_values": {"train_loss": [2.1050887084007264, 1.924700425863266, 1.8796381441752117, 1.7471012869477272, 1.9030397357940674, 1.5180237424373626, 1.5698136555297033, 1.3292127303779124, 1.2466706334882312, 1.1322772000432015], "train_acc": [0.17800000000000005, 0.2275, 0.2363333333333333, 0.30450000000000005, 0.219, 0.3881666666666666, 0.3715714285714286, 0.47212499999999996, 0.5117777777777778, 0.5825999999999999], "val_loss": [1.9796409108638764, 1.8865974171161652, 1.8424234397411345, 1.6470742466449737, 1.8658874728679657, 1.4291165193319322, 1.609286243915558, 1.3576895524263382, 1.2947050260901452, 1.1429882164001466], "val_acc": [0.19219999999999998, 0.21680000000000002, 0.2302, 0.3342, 0.2262, 0.42279999999999995, 0.37460000000000004, 0.484, 0.5167999999999999, 0.571], "instance_queries": [0, 1000, 1000, 1000, 1000, 1000, 1000, 1000, 1000, 1000]}}