{"num_epochs": 20, "scenario": "PoolBaseSamplingScenario", "strategy": "diverse_mini_batch", "batch_size": 10, "query_size": 1000, "seed_size": 1000, "model": "VggNet", "stopping_criterion": "query_number", "stopping_criterion_value": 9000, "dataset_name": "cifar10", "metric_values": {"train_loss": [2.001763790845871, 1.8658101737499238, 1.9561249299844106, 1.876574051976204, 1.733638914823532, 1.5001770971218744, 1.382376852972167, 1.2761924665421247, 1.4049333916770088, 1.0556200623512269], "train_acc": [0.182, 0.23550000000000004, 0.19833333333333333, 0.22200000000000003, 0.30939999999999995, 0.4031666666666667, 0.46528571428571425, 0.51275, 0.4676666666666666, 0.6150999999999999], "val_loss": [1.9385621592998505, 1.883470813035965, 1.8871390862464905, 1.91276722407341, 1.8076485109329223, 1.48901709318161, 1.400393554210663, 1.386952169597149, 1.3708783450126647, 1.1680018527507783], "val_acc": [0.19440000000000004, 0.2228, 0.2014, 0.20980000000000001, 0.2988, 0.4032, 0.4578, 0.4792, 0.4756, 0.6023999999999999], "instance_queries": [0, 1000, 1000, 1000, 1000, 1000, 1000, 1000, 1000, 1000]}}