{"num_epochs": 20, "scenario": "PoolBaseSamplingScenario", "strategy": "diverse_mini_batch", "batch_size": 10, "query_size": 1000, "seed_size": 1000, "model": "VggNet", "stopping_criterion": "query_number", "stopping_criterion_value": 9000, "dataset_name": "cifar10", "metric_values": {"train_loss": [2.005765413045883, 2.001540268063545, 1.94649795571963, 1.7716114243865013, 1.6314570920467377, 1.3695938683549562, 1.5780010519708907, 1.2562177438288926, 1.293883843421936, 1.0560652088820934], "train_acc": [0.20000000000000004, 0.1935, 0.22833333333333333, 0.30325, 0.361, 0.4818333333333334, 0.36442857142857144, 0.5215, 0.5188888888888888, 0.6163], "val_loss": [1.9631751601696015, 1.922421104669571, 1.9372987124919891, 1.7090587809085847, 1.546740828514099, 1.3427342550754546, 1.5885728968381883, 1.2172526136636734, 1.2654556552767753, 1.1107085454463959], "val_acc": [0.199, 0.18780000000000002, 0.236, 0.32239999999999996, 0.3846, 0.49639999999999995, 0.37639999999999996, 0.5302, 0.5354, 0.5876], "instance_queries": [0, 1000, 1000, 1000, 1000, 1000, 1000, 1000, 1000, 1000]}}