{"num_epochs": 20, "scenario": "PoolBaseSamplingScenario", "strategy": "diverse_mini_batch", "batch_size": 10, "query_size": 1000, "seed_size": 1000, "model": "VggNet", "stopping_criterion": "query_number", "stopping_criterion_value": 9000, "dataset_name": "cifar10", "metric_values": {"train_loss": [2.0106544315814974, 1.919679216146469, 1.9631734760602315, 1.6509306478500365, 1.7537988011837005, 1.372290576696396, 1.2317534555707659, 1.4589402703940868, 1.1103963518804973, 0.9250944880396128], "train_acc": [0.1930000000000001, 0.235, 0.19699999999999998, 0.33775, 0.28520000000000006, 0.4553333333333332, 0.5285714285714286, 0.411625, 0.5817777777777777, 0.6661999999999999], "val_loss": [1.9637162935733796, 1.856345576286316, 1.8838877780437469, 1.6697582383155822, 1.709890989303589, 1.3961603380441665, 1.2571711579561233, 1.3458971757888794, 1.089510546505451, 1.0023446016311646], "val_acc": [0.2042, 0.25780000000000003, 0.20240000000000002, 0.32939999999999997, 0.30179999999999996, 0.4476, 0.534, 0.4632, 0.6132000000000001, 0.6536], "instance_queries": [0, 1000, 1000, 1000, 1000, 1000, 1000, 1000, 1000, 1000]}}