{"num_epochs": 20, "scenario": "PoolBaseSamplingScenario", "strategy": "diverse_mini_batch", "batch_size": 10, "query_size": 1000, "seed_size": 1000, "model": "VggNet", "stopping_criterion": "query_number", "stopping_criterion_value": 9000, "dataset_name": "cifar10", "metric_values": {"train_loss": [2.000308083295822, 1.8520068150758744, 1.9341914999485015, 1.846308951675892, 1.5456794202327728, 1.3647730466723442, 1.6528317422526224, 1.455564071536064, 1.197521257797877, 1.3630440291166306], "train_acc": [0.187, 0.275, 0.20733333333333331, 0.25525000000000003, 0.3994, 0.4711666666666666, 0.3482857142857143, 0.417375, 0.534, 0.46279999999999993], "val_loss": [1.9111826734542847, 1.810519649028778, 1.8675584602355957, 1.7987230401039123, 1.4571919419765473, 1.3794261728525161, 1.5197080295085907, 1.4338800251483916, 1.2294719850420952, 1.391940233707428], "val_acc": [0.20440000000000003, 0.287, 0.2024, 0.25780000000000003, 0.4254, 0.44939999999999997, 0.3654, 0.43820000000000003, 0.53, 0.4732], "instance_queries": [0, 1000, 1000, 1000, 1000, 1000, 1000, 1000, 1000, 1000]}}