{"num_epochs": 20, "scenario": "PoolBaseSamplingScenario", "strategy": "diverse_mini_batch", "batch_size": 10, "query_size": 1000, "seed_size": 1000, "model": "VggNet", "stopping_criterion": "query_number", "stopping_criterion_value": 9000, "dataset_name": "cifar10", "metric_values": {"train_loss": [2.0005203223228456, 1.9164749509096146, 1.964508049885432, 1.7528177627921104, 1.834018541574478, 1.301774857143561, 1.4405543056556156, 1.3210308269411326, 1.1036804653207462, 1.1349190093874932], "train_acc": [0.196, 0.245, 0.21800000000000003, 0.32549999999999996, 0.24960000000000002, 0.5205, 0.40900000000000003, 0.515, 0.6036666666666666, 0.5832999999999999], "val_loss": [1.9144055132865905, 1.8570507040023805, 1.9274501609802246, 1.7349020082950593, 1.841467875480652, 1.3260856583118439, 1.401576036453247, 1.3015469784140588, 1.137765457212925, 1.087638611316681], "val_acc": [0.19660000000000002, 0.25260000000000005, 0.24, 0.309, 0.2356, 0.5008, 0.434, 0.5212, 0.5776, 0.6075999999999999], "instance_queries": [0, 1000, 1000, 1000, 1000, 1000, 1000, 1000, 1000, 1000]}}