{"num_epochs": 20, "scenario": "PoolBaseSamplingScenario", "strategy": "diverse_mini_batch", "batch_size": 10, "query_size": 1000, "seed_size": 1000, "model": "VggNet", "stopping_criterion": "query_number", "stopping_criterion_value": 9000, "dataset_name": "cifar10", "metric_values": {"train_loss": [2.0033097064495085, 1.947138361930847, 1.9705889268716177, 1.8802510637044907, 1.8690966079235076, 1.5694013352195422, 1.5895971638815745, 1.4334710165858269, 1.2991530200176769, 1.2008966206014156], "train_acc": [0.19500000000000003, 0.20149999999999998, 0.19866666666666666, 0.24875000000000003, 0.2152, 0.38333333333333336, 0.35342857142857137, 0.4305, 0.5143333333333333, 0.5584], "val_loss": [1.9264455730915069, 1.9107348101139068, 1.9114980185031891, 1.7614588150978088, 1.8125733461380005, 1.4261633892059327, 1.5744503214359284, 1.4488928167819977, 1.247374263584614, 1.219830312013626], "val_acc": [0.2004, 0.19140000000000004, 0.2044, 0.27859999999999996, 0.246, 0.4412, 0.3932, 0.426, 0.536, 0.5688], "instance_queries": [0, 1000, 1000, 1000, 1000, 1000, 1000, 1000, 1000, 1000]}}