{"num_epochs": 20, "scenario": "PoolBaseSamplingScenario", "strategy": "diverse_mini_batch", "batch_size": 10, "query_size": 1000, "seed_size": 1000, "model": "VggNet", "stopping_criterion": "query_number", "stopping_criterion_value": 9000, "dataset_name": "cifar10", "metric_values": {"train_loss": [2.002318994998932, 1.97337746322155, 1.9566642089684805, 1.8212030071020127, 1.8837247772216796, 1.6342974722385406, 1.5265825996228626, 1.0985985235869884, 1.3158799346288046, 2.3026064944267275], "train_acc": [0.17200000000000004, 0.18700000000000003, 0.20633333333333334, 0.28600000000000003, 0.2508, 0.351, 0.3842857142857143, 0.5865, 0.5137777777777778, 0.0986], "val_loss": [1.921603331565857, 1.9485643351078032, 1.9537535235881804, 1.7344375388622284, 1.8124864544868469, 1.559900712132454, 1.4602163106203079, 1.2867941370010376, 1.2602450453042984, 2.303459277629852], "val_acc": [0.18580000000000002, 0.18340000000000004, 0.2004, 0.30879999999999996, 0.258, 0.3536, 0.41179999999999994, 0.5453999999999999, 0.5193999999999999, 0.094], "instance_queries": [0, 1000, 1000, 1000, 1000, 1000, 1000, 1000, 1000, 1000]}}