{"num_epochs": 20, "scenario": "PoolBaseSamplingScenario", "strategy": "diverse_mini_batch", "batch_size": 10, "query_size": 1000, "seed_size": 1000, "model": "VggNet", "stopping_criterion": "query_number", "stopping_criterion_value": 9000, "dataset_name": "cifar10", "metric_values": {"train_loss": [2.0312771570682524, 1.9570970493555069, 1.8797567534446715, 1.7742848965525626, 1.775387501001358, 1.6666302925348282, 1.607207393986838, 1.2727198004350067, 1.1120624853173893, 1.127347392976284], "train_acc": [0.198, 0.21200000000000002, 0.24833333333333332, 0.29525, 0.269, 0.35366666666666663, 0.3555714285714286, 0.522875, 0.5838888888888889, 0.585], "val_loss": [1.9072077367305755, 1.9033953974246978, 1.7969345595836639, 1.7321507585048677, 1.7624216005802154, 1.521190815091133, 1.5510019657611847, 1.2229377103447914, 1.1631684885025024, 1.2535967643857002], "val_acc": [0.20660000000000003, 0.207, 0.2928, 0.3196, 0.2626, 0.40120000000000006, 0.38639999999999997, 0.5526, 0.5844000000000001, 0.548], "instance_queries": [0, 1000, 1000, 1000, 1000, 1000, 1000, 1000, 1000, 1000]}}