{"num_epochs": 20, "scenario": "PoolBaseSamplingScenario", "strategy": "diverse_mini_batch", "batch_size": 10, "query_size": 1000, "seed_size": 1000, "model": "VggNet", "stopping_criterion": "query_number", "stopping_criterion_value": 9000, "dataset_name": "cifar10", "metric_values": {"train_loss": [2.009687758684158, 1.9291768169403076, 1.9801654624938965, 1.7608067390322686, 1.667346440076828, 1.622953185538451, 1.4829160302025932, 1.3890308862924576, 1.0970118645495839, 1.1125258482694627], "train_acc": [0.17300000000000001, 0.22200000000000003, 0.20166666666666666, 0.2925, 0.3344, 0.33616666666666667, 0.4015714285714286, 0.47150000000000003, 0.597, 0.5788999999999999], "val_loss": [1.9400528461933135, 1.8747059738636016, 1.9079679341316222, 1.675322226524353, 1.6204525920152664, 1.5720808120965957, 1.5169260828495026, 1.2959706126451491, 1.1829549930393697, 1.0963755446076393], "val_acc": [0.2044, 0.2622, 0.19760000000000003, 0.31420000000000003, 0.3402, 0.3624, 0.4124, 0.5164, 0.5741999999999999, 0.5873999999999999], "instance_queries": [0, 1000, 1000, 1000, 1000, 1000, 1000, 1000, 1000, 1000]}}