{"num_epochs": 20, "scenario": "PoolBaseSamplingScenario", "strategy": "diverse_mini_batch", "batch_size": 10, "query_size": 1000, "seed_size": 1000, "model": "VggNet", "stopping_criterion": "query_number", "stopping_criterion_value": 9000, "dataset_name": "cifar10", "metric_values": {"train_loss": [1.9825138533115387, 2.212551736831665, 1.8987992997964223, 1.9018844053149224, 1.6601170576810838, 1.8818545293807984, 1.2011355860318456, 1.2261381375417113, 1.4718693966997993, 1.1776603780090809], "train_acc": [0.20100000000000004, 0.1355, 0.21533333333333332, 0.19524999999999998, 0.3256, 0.21, 0.5577142857142857, 0.54275, 0.41555555555555557, 0.5742], "val_loss": [1.9700959570407868, 2.147898716211319, 1.8446211638450623, 1.8813674437999726, 1.5784989267587661, 1.8541128227710724, 1.2812512213587761, 1.2244067725539207, 1.3482342137098313, 1.1559291706085204], "val_acc": [0.198, 0.1582, 0.21520000000000003, 0.1946, 0.3476, 0.2426, 0.5327999999999999, 0.542, 0.4824, 0.5832], "instance_queries": [0, 1000, 1000, 1000, 1000, 1000, 1000, 1000, 1000, 1000]}}