{"num_epochs": 20, "scenario": "PoolBaseSamplingScenario", "strategy": "diverse_mini_batch", "batch_size": 10, "query_size": 1000, "seed_size": 1000, "model": "VggNet", "stopping_criterion": "query_number", "stopping_criterion_value": 9000, "dataset_name": "cifar10", "metric_values": {"train_loss": [2.0396685612201693, 1.9317976087331772, 1.88221821586291, 1.79579383790493, 1.9020322480201721, 1.5688235048453014, 1.5472242396218436, 1.1776343800500035, 1.1406393584940169, 1.085386283516884], "train_acc": [0.18799999999999997, 0.1875, 0.20533333333333334, 0.29100000000000004, 0.2226, 0.36616666666666664, 0.4060000000000001, 0.5778749999999999, 0.5836666666666667, 0.6062000000000001], "val_loss": [1.9529130136966706, 1.937257613658905, 1.8640554795265198, 1.7570210428237916, 1.848680792570114, 1.5397843881845474, 1.5410542829036713, 1.140500874221325, 1.1706476055383683, 1.0449381924569607], "val_acc": [0.1884, 0.209, 0.20600000000000002, 0.2686, 0.22379999999999997, 0.38639999999999997, 0.395, 0.5873999999999999, 0.556, 0.6187999999999999], "instance_queries": [0, 1000, 1000, 1000, 1000, 1000, 1000, 1000, 1000, 1000]}}