{"num_epochs": 20, "scenario": "PoolBaseSamplingScenario", "strategy": "diverse_mini_batch", "batch_size": 10, "query_size": 1000, "seed_size": 1000, "model": "VggNet", "stopping_criterion": "query_number", "stopping_criterion_value": 9000, "dataset_name": "cifar10", "metric_values": {"train_loss": [1.9938015031814575, 1.9404828387498856, 1.9170668005943299, 1.8348344233632088, 1.5908586444854735, 1.8202475035190582, 1.3915011088337217, 1.3035848953574896, 1.140452411936389, 1.2166310445666313], "train_acc": [0.20200000000000004, 0.21200000000000002, 0.23733333333333329, 0.2535, 0.379, 0.2633333333333333, 0.47314285714285714, 0.518, 0.5892222222222222, 0.5572], "val_loss": [2.0946466488838196, 1.9265848886966705, 1.8897107090950012, 1.7920789742469787, 1.555965847492218, 1.670047894716263, 1.3423354938030243, 1.2231258442401887, 1.0787743160128593, 1.1704245417118073], "val_acc": [0.20500000000000002, 0.20520000000000002, 0.22840000000000005, 0.30260000000000004, 0.3896, 0.3362, 0.4878, 0.5374, 0.6105999999999999, 0.5785999999999999], "instance_queries": [0, 1000, 1000, 1000, 1000, 1000, 1000, 1000, 1000, 1000]}}