{"num_epochs": 20, "scenario": "PoolBaseSamplingScenario", "strategy": "diverse_mini_batch", "batch_size": 10, "query_size": 1000, "seed_size": 1000, "model": "VggNet", "stopping_criterion": "query_number", "stopping_criterion_value": 9000, "dataset_name": "cifar10", "metric_values": {"train_loss": [1.9766855490207673, 1.9342764133214951, 1.9106152641773224, 1.8414014732837678, 1.6240180003643037, 1.6549781886736552, 1.2852810942275184, 1.302637335844338, 1.1758191421959134, 1.3238406713008881], "train_acc": [0.19, 0.21050000000000005, 0.2223333333333333, 0.23450000000000004, 0.3486, 0.3145, 0.505, 0.5115, 0.5756666666666665, 0.48860000000000003], "val_loss": [1.9483502063751221, 1.9378098182678223, 1.8614575591087341, 1.7832933456897735, 1.5474520214796066, 1.625812751531601, 1.2457889324426652, 1.3490844156742097, 1.1820791144371032, 1.29423247975111], "val_acc": [0.2002, 0.19440000000000004, 0.2404, 0.2348, 0.391, 0.3444, 0.532, 0.49660000000000004, 0.57, 0.5166000000000001], "instance_queries": [0, 1000, 1000, 1000, 1000, 1000, 1000, 1000, 1000, 1000]}}