{"num_epochs": 20, "scenario": "PoolBaseSamplingScenario", "strategy": "diverse_mini_batch", "batch_size": 10, "query_size": 1000, "seed_size": 1000, "model": "VggNet", "stopping_criterion": "query_number", "stopping_criterion_value": 9000, "dataset_name": "cifar10", "metric_values": {"train_loss": [2.0052529871463776, 1.926077293753624, 1.9035523784160615, 1.806098546087742, 1.5578109248876573, 1.7687450510263443, 1.5919218549558094, 1.2479024187475443, 1.1432504375444519, 1.0677402535676956], "train_acc": [0.19600000000000006, 0.215, 0.233, 0.28950000000000004, 0.377, 0.2911666666666667, 0.33514285714285713, 0.545125, 0.5745555555555555, 0.6035], "val_loss": [2.0914290969371794, 1.90689324593544, 1.8556611413955688, 1.7033565621376037, 1.473679690718651, 1.6319192435741425, 1.563150889635086, 1.2873326798677445, 1.1326275305747986, 1.1313108560442924], "val_acc": [0.18620000000000003, 0.2004, 0.24020000000000002, 0.309, 0.4046, 0.343, 0.366, 0.5355999999999999, 0.573, 0.5956], "instance_queries": [0, 1000, 1000, 1000, 1000, 1000, 1000, 1000, 1000, 1000]}}