{"num_epochs": 20, "scenario": "PoolBaseSamplingScenario", "strategy": "diverse_mini_batch", "batch_size": 10, "query_size": 100, "seed_size": 100, "model": "VggNet", "stopping_criterion": "query_number", "stopping_criterion_value": 900, "dataset_name": "mnist", "metric_values": {"train_loss": [1.6388853430747985, 1.9173162579536438, 1.4643566767374674, 1.1682371288537978, 1.4333234465122222, 1.3922926276922225, 1.535021012169974, 1.4856264285743237, 0.9697179324097104, 0.8258139336109162], "train_acc": [0.36, 0.23499999999999996, 0.3533333333333334, 0.5525, 0.38799999999999996, 0.4299999999999999, 0.3171428571428571, 0.37124999999999997, 0.6277777777777777, 0.7180000000000001], "val_loss": [1.7216450766722362, 1.808869105776151, 1.9062989419698715, 2.3017697295546533, 1.3924047379692395, 1.1639263788859049, 1.3554018479585648, 1.4027393346031507, 0.8227890315651893, 0.6009979760553688], "val_acc": [0.30483333333333335, 0.26866666666666666, 0.2575, 0.37516666666666665, 0.4675, 0.5061666666666667, 0.4021666666666667, 0.3848333333333333, 0.6808333333333333, 0.8175000000000001], "instance_queries": [0, 100, 100, 100, 100, 100, 100, 100, 100, 100]}}