{"num_epochs": 20, "scenario": "PoolBaseSamplingScenario", "strategy": "diverse_mini_batch", "batch_size": 10, "query_size": 100, "seed_size": 100, "model": "VggNet", "stopping_criterion": "query_number", "stopping_criterion_value": 900, "dataset_name": "mnist", "metric_values": {"train_loss": [1.628599798679352, 1.5247513055801392, 1.7634362777074177, 1.5901510298252106, 1.7414281582832336, 1.2663817842801413, 1.5138076680047172, 1.5333213314414025, 1.2480157626999748, 0.9845864245295525], "train_acc": [0.33999999999999997, 0.38, 0.2666666666666666, 0.3525, 0.29399999999999993, 0.46333333333333326, 0.3257142857142857, 0.3825, 0.46777777777777774, 0.6099999999999999], "val_loss": [1.981322490175565, 1.4763926024238267, 2.1188149040937425, 1.5200934087236722, 1.630454273422559, 1.1822048092881838, 1.510205115477244, 1.4158447587490082, 1.2665131416916848, 0.7499075789252917], "val_acc": [0.25333333333333335, 0.40199999999999997, 0.19816666666666669, 0.38316666666666666, 0.31583333333333335, 0.48599999999999993, 0.3426666666666667, 0.37599999999999995, 0.3973333333333333, 0.6686666666666666], "instance_queries": [0, 100, 100, 100, 100, 100, 100, 100, 100, 100]}}