{"num_epochs": 20, "scenario": "PoolBaseSamplingScenario", "strategy": "diverse_mini_batch", "batch_size": 10, "query_size": 100, "seed_size": 100, "model": "VggNet", "stopping_criterion": "query_number", "stopping_criterion_value": 900, "dataset_name": "mnist", "metric_values": {"train_loss": [1.9218246698379517, 1.4691761255264282, 1.8206082383791606, 1.8330692529678345, 1.4692018842697143, 1.6747893989086151, 1.2546513906547, 1.5262104615569114, 1.1477210919062297, 1.0513913708925247], "train_acc": [0.28, 0.45000000000000007, 0.2733333333333334, 0.2125, 0.31999999999999995, 0.32833333333333337, 0.5214285714285716, 0.38499999999999995, 0.5366666666666666, 0.6040000000000001], "val_loss": [1.9167770659923553, 1.5344381088018417, 1.9765115368366242, 1.7370702310403188, 1.3837914834419887, 1.6185154535373052, 1.1149151090780893, 2.061862132449945, 1.0698623351256054, 0.8129392824818691], "val_acc": [0.24966666666666668, 0.3906666666666666, 0.2085, 0.2215, 0.3848333333333333, 0.295, 0.5201666666666667, 0.296, 0.5925, 0.7251666666666666], "instance_queries": [0, 100, 100, 100, 100, 100, 100, 100, 100, 100]}}