{"num_epochs": 20, "scenario": "PoolBaseSamplingScenario", "strategy": "diverse_mini_batch", "batch_size": 10, "query_size": 100, "seed_size": 100, "model": "VggNet", "stopping_criterion": "query_number", "stopping_criterion_value": 900, "dataset_name": "mnist", "metric_values": {"train_loss": [2.0824918508529664, 1.83489071726799, 1.711896022160848, 1.6541093021631241, 1.38089395403862, 1.6615704695383708, 1.1145645643983568, 1.727220605313778, 1.315365312496821, 1.194968478679657], "train_acc": [0.25, 0.24000000000000005, 0.2966666666666667, 0.305, 0.412, 0.2883333333333334, 0.5214285714285715, 0.2925, 0.4766666666666666, 0.504], "val_loss": [2.0130289036035536, 1.8820887098709742, 1.7256442872683206, 1.4674155988295874, 1.446301788787047, 1.5882533723115921, 0.9136523016790549, 1.6608706549803416, 1.0973383085429669, 1.1744138969977698], "val_acc": [0.22466666666666668, 0.27099999999999996, 0.2685, 0.3475, 0.3935, 0.25366666666666665, 0.6353333333333332, 0.26683333333333337, 0.5283333333333333, 0.49166666666666664], "instance_queries": [0, 100, 100, 100, 100, 100, 100, 100, 100, 100]}}