{"num_epochs": 20, "scenario": "PoolBaseSamplingScenario", "strategy": "diverse_mini_batch", "batch_size": 10, "query_size": 100, "seed_size": 100, "model": "VggNet", "stopping_criterion": "query_number", "stopping_criterion_value": 900, "dataset_name": "mnist", "metric_values": {"train_loss": [1.880464458465576, 1.6379347920417786, 1.9494854092597962, 1.4173663467168809, 1.6160644102096557, 1.4890764544407527, 1.3672474128859384, 0.7734940744936466, 1.3831116358439128, 1.3821278047561645], "train_acc": [0.25000000000000006, 0.36500000000000005, 0.24000000000000002, 0.425, 0.35, 0.35666666666666663, 0.4642857142857143, 0.7262500000000001, 0.42333333333333334, 0.3960000000000001], "val_loss": [2.4433061611652374, 1.5376521947979926, 1.985854504108429, 2.373471401731173, 1.4196603741248448, 1.483860533038775, 1.3386083382368088, 0.7580936024089654, 1.1146827979882559, 1.3370172076423963], "val_acc": [0.17400000000000002, 0.35833333333333334, 0.21600000000000003, 0.3251666666666667, 0.394, 0.36283333333333334, 0.437, 0.7486666666666667, 0.5339999999999999, 0.4405], "instance_queries": [0, 100, 100, 100, 100, 100, 100, 100, 100, 100]}}