{"num_epochs": 20, "scenario": "PoolBaseSamplingScenario", "strategy": "diverse_mini_batch", "batch_size": 10, "query_size": 100, "seed_size": 100, "model": "VggNet", "stopping_criterion": "query_number", "stopping_criterion_value": 900, "dataset_name": "mnist", "metric_values": {"train_loss": [2.054720234870911, 1.8607309818267823, 1.582195782661438, 2.1148053377866747, 1.150028270483017, 1.610660429795583, 1.8051996231079102, 0.8534706169739366, 1.321217319700453, 1.4644991570711137], "train_acc": [0.32, 0.26499999999999996, 0.3, 0.23500000000000001, 0.582, 0.31166666666666665, 0.2928571428571428, 0.6900000000000001, 0.5044444444444444, 0.358], "val_loss": [2.2977627499898277, 1.8647411064306896, 1.6328328518072763, 2.020740282535553, 0.9935887797176838, 1.4783130312959354, 1.6026774003108342, 1.0825319460531075, 1.324952955842018, 1.4411142695943515], "val_acc": [0.16533333333333333, 0.20816666666666667, 0.28400000000000003, 0.21266666666666667, 0.6331666666666667, 0.374, 0.3256666666666666, 0.6466666666666666, 0.44850000000000007, 0.3878333333333333], "instance_queries": [0, 100, 100, 100, 100, 100, 100, 100, 100, 100]}}