{"num_epochs": 20, "scenario": "PoolBaseSamplingScenario", "strategy": "diverse_mini_batch", "batch_size": 10, "query_size": 100, "seed_size": 100, "model": "VggNet", "stopping_criterion": "query_number", "stopping_criterion_value": 900, "dataset_name": "mnist", "metric_values": {"train_loss": [2.1048460721969606, 1.9133800148963929, 1.8288747270901997, 1.8218707859516143, 1.5594235181808471, 1.6861693918704987, 1.5496053780828203, 1.140387726575136, 0.9961029195123249, 1.0443071550130845], "train_acc": [0.27, 0.23500000000000001, 0.30000000000000004, 0.2675, 0.3379999999999999, 0.27666666666666667, 0.32571428571428573, 0.58125, 0.6788888888888889, 0.5860000000000001], "val_loss": [2.0719162593285243, 1.9423357009887696, 1.617838968038559, 1.6666657096147537, 1.5008633160591125, 1.6050204747915269, 1.3739107768734296, 0.9726988259454569, 0.6778368589778742, 1.0769733456770578], "val_acc": [0.17883333333333334, 0.2793333333333334, 0.3418333333333333, 0.2728333333333333, 0.38966666666666666, 0.2835, 0.4033333333333333, 0.6453333333333333, 0.7895000000000001, 0.5475], "instance_queries": [0, 100, 100, 100, 100, 100, 100, 100, 100, 100]}}