{"num_epochs": 20, "scenario": "PoolBaseSamplingScenario", "strategy": "diverse_mini_batch", "batch_size": 10, "query_size": 100, "seed_size": 100, "model": "VggNet", "stopping_criterion": "query_number", "stopping_criterion_value": 900, "dataset_name": "mnist", "metric_values": {"train_loss": [2.118701088428497, 1.7189610958099366, 1.9461117466290792, 2.003265282511711, 1.6782097792625428, 1.4441390802462897, 1.501013720035553, 1.1960979610681535, 1.045925071173244, 1.1699336558580398], "train_acc": [0.26999999999999996, 0.35, 0.29333333333333333, 0.24250000000000002, 0.336, 0.44166666666666665, 0.39142857142857146, 0.48125, 0.6444444444444445, 0.5549999999999999], "val_loss": [2.0453937594095866, 2.039675364891688, 2.0211942821741102, 2.006644949913025, 1.5312103286385537, 1.4480220516522726, 1.6473460232218107, 1.1800278538962206, 0.9463425277421872, 0.9000937581559022], "val_acc": [0.215, 0.24100000000000005, 0.21200000000000002, 0.20666666666666667, 0.3228333333333333, 0.37399999999999994, 0.39266666666666666, 0.45349999999999996, 0.708, 0.6725], "instance_queries": [0, 100, 100, 100, 100, 100, 100, 100, 100, 100]}}