{"num_epochs": 20, "scenario": "PoolBaseSamplingScenario", "strategy": "diverse_mini_batch", "batch_size": 10, "query_size": 100, "seed_size": 100, "model": "VggNet", "stopping_criterion": "query_number", "stopping_criterion_value": 900, "dataset_name": "mnist", "metric_values": {"train_loss": [1.5388255715370178, 2.005745393037796, 1.807607082525889, 1.939476165175438, 1.8081361651420593, 1.1398316025733948, 1.3548301262514932, 0.7729843620210886, 0.9810728440682094, 0.58579376231879], "train_acc": [0.33999999999999997, 0.265, 0.22666666666666663, 0.24500000000000002, 0.256, 0.5233333333333333, 0.4114285714285713, 0.67125, 0.5977777777777777, 0.7920000000000001], "val_loss": [1.6488665976126988, 1.8710398590564727, 1.733343701561292, 1.8535763160387675, 1.7560930215318997, 1.0625905408461889, 1.3708751466870308, 0.6540653538455565, 0.8254406944910685, 0.44098200244363395], "val_acc": [0.32399999999999995, 0.25566666666666665, 0.25316666666666665, 0.2925, 0.2303333333333333, 0.57, 0.44383333333333336, 0.8133333333333334, 0.643, 0.8428333333333333], "instance_queries": [0, 100, 100, 100, 100, 100, 100, 100, 100, 100]}}