{"num_epochs": 20, "scenario": "PoolBaseSamplingScenario", "strategy": "diverse_mini_batch", "batch_size": 10, "query_size": 100, "seed_size": 100, "model": "VggNet", "stopping_criterion": "query_number", "stopping_criterion_value": 900, "dataset_name": "mnist", "metric_values": {"train_loss": [1.79864661693573, 1.5504383325576783, 1.7152489105860391, 1.9651648104190826, 1.4321746504306794, 1.6423953394095103, 1.4341520590441568, 1.1505339726805688, 1.3918432851632436, 0.7230651518702507], "train_acc": [0.28, 0.35, 0.30999999999999994, 0.255, 0.40800000000000003, 0.37499999999999994, 0.49571428571428566, 0.6112500000000001, 0.48000000000000004, 0.705], "val_loss": [1.7018261955181757, 1.5127224516868591, 1.7925824715693792, 1.897502569158872, 1.307493602335453, 1.5501713015635807, 1.156981530189514, 1.0794453901052474, 1.2755380419890086, 0.7382194735730688], "val_acc": [0.352, 0.3476666666666667, 0.24133333333333334, 0.2421666666666667, 0.46183333333333326, 0.40166666666666667, 0.5536666666666666, 0.6465, 0.48066666666666674, 0.7526666666666667], "instance_queries": [0, 100, 100, 100, 100, 100, 100, 100, 100, 100]}}