{"num_epochs": 20, "scenario": "PoolBaseSamplingScenario", "strategy": "diverse_mini_batch", "batch_size": 10, "query_size": 100, "seed_size": 100, "model": "VggNet", "stopping_criterion": "query_number", "stopping_criterion_value": 900, "dataset_name": "mnist", "metric_values": {"train_loss": [1.7068689346313477, 1.9725190281867981, 1.6842888275782266, 1.4863789975643158, 0.9548011267185211, 1.5605375508467356, 2.0151089651244027, 1.628370027989149, 1.3844223638375601, 1.0679694026708604], "train_acc": [0.3, 0.305, 0.32, 0.37750000000000006, 0.63, 0.2983333333333333, 0.21857142857142856, 0.335, 0.4188888888888889, 0.575], "val_loss": [1.8650730882088344, 1.924671383301417, 1.5344269959131878, 1.3732326458891233, 1.0474939583986997, 1.586673472424348, 2.0938215257724124, 1.7875622858603795, 1.1960778697331746, 0.9052216355502606], "val_acc": [0.2586666666666667, 0.26983333333333337, 0.3591666666666667, 0.39366666666666666, 0.6220000000000001, 0.3901666666666667, 0.19716666666666668, 0.26966666666666667, 0.4681666666666666, 0.6851666666666667], "instance_queries": [0, 100, 100, 100, 100, 100, 100, 100, 100, 100]}}