{"num_epochs": 20, "scenario": "PoolBaseSamplingScenario", "strategy": "diverse_mini_batch", "batch_size": 10, "query_size": 100, "seed_size": 100, "model": "VggNet", "stopping_criterion": "query_number", "stopping_criterion_value": 900, "dataset_name": "mnist", "metric_values": {"train_loss": [1.7697728276252747, 1.874195945262909, 1.8691962639490762, 1.8367202222347259, 1.5390229177474977, 1.4850559860467911, 1.1908724163259778, 1.1527356289327144, 1.019223251276546, 1.0954283246397971], "train_acc": [0.32999999999999996, 0.25, 0.25, 0.24, 0.354, 0.3933333333333334, 0.5542857142857142, 0.5599999999999999, 0.6044444444444445, 0.58], "val_loss": [3.5684111114343007, 1.8679266661405562, 1.9042036920785903, 1.7285693403085072, 1.3213670404752096, 1.2842155358195304, 0.9131053122878074, 0.7915012317399184, 0.9402917416890463, 0.7815701227386792], "val_acc": [0.20366666666666663, 0.21850000000000003, 0.221, 0.27166666666666667, 0.48899999999999993, 0.4445, 0.6735, 0.7851666666666667, 0.6573333333333333, 0.7895000000000001], "instance_queries": [0, 100, 100, 100, 100, 100, 100, 100, 100, 100]}}