{"num_epochs": 20, "scenario": "PoolBaseSamplingScenario", "strategy": "diverse_mini_batch", "batch_size": 10, "query_size": 100, "seed_size": 100, "model": "VggNet", "stopping_criterion": "query_number", "stopping_criterion_value": 900, "dataset_name": "mnist", "metric_values": {"train_loss": [2.1028325080871584, 1.7416232585906983, 1.7457125544548036, 1.6282240182161332, 1.5192825150489808, 1.387107829252879, 1.254838137115751, 1.419702023267746, 1.2581491377618579, 1.0158747345209123], "train_acc": [0.24, 0.275, 0.2966666666666667, 0.2875, 0.38, 0.4366666666666667, 0.43857142857142845, 0.40374999999999994, 0.45222222222222225, 0.611], "val_loss": [2.211932279467583, 1.6642308277885118, 1.6179578146338462, 1.5260678237676621, 1.4265989218155544, 1.2661617374420167, 1.2252600115537644, 1.3178137318293253, 1.1185507490237554, 0.8632394322256247], "val_acc": [0.17900000000000002, 0.3071666666666667, 0.3263333333333333, 0.28883333333333333, 0.3981666666666666, 0.5006666666666666, 0.515, 0.4375, 0.5106666666666666, 0.7045], "instance_queries": [0, 100, 100, 100, 100, 100, 100, 100, 100, 100]}}