{"num_epochs": 20, "scenario": "PoolBaseSamplingScenario", "strategy": "diverse_mini_batch", "batch_size": 10, "query_size": 100, "seed_size": 100, "model": "VggNet", "stopping_criterion": "query_number", "stopping_criterion_value": 900, "dataset_name": "mnist", "metric_values": {"train_loss": [1.637530469894409, 1.7707436561584473, 1.601185663541158, 1.7659957766532899, 1.7216096901893616, 1.6246459901332855, 0.8637833037546703, 0.983597270026803, 1.2205484284294976, 0.834542201012373], "train_acc": [0.38, 0.31999999999999995, 0.3433333333333334, 0.2725, 0.32199999999999995, 0.3266666666666666, 0.6442857142857142, 0.5725, 0.5144444444444444, 0.667], "val_loss": [1.6682844869295756, 1.7369290453195572, 1.6817473636070888, 1.6402051516373952, 1.8451256860295933, 1.6839611799518268, 0.7187805404514074, 0.9817188076674939, 1.065683575818936, 0.7338879435385267], "val_acc": [0.37833333333333335, 0.3258333333333333, 0.2785, 0.2886666666666666, 0.237, 0.27166666666666667, 0.7468333333333333, 0.5558333333333333, 0.5965, 0.7381666666666666], "instance_queries": [0, 100, 100, 100, 100, 100, 100, 100, 100, 100]}}