{"num_epochs": 20, "scenario": "PoolBaseSamplingScenario", "strategy": "diverse_mini_batch", "batch_size": 10, "query_size": 100, "seed_size": 100, "model": "VggNet", "stopping_criterion": "query_number", "stopping_criterion_value": 900, "dataset_name": "mnist", "metric_values": {"train_loss": [1.9022723197937013, 1.7516860663890839, 1.7849325935045879, 1.7775568842887879, 1.508725219964981, 1.1514516562223434, 1.2720413616725377, 0.9890277072787285, 0.9651542272832658, 1.167418191432953], "train_acc": [0.26, 0.29000000000000004, 0.29000000000000004, 0.255, 0.426, 0.5449999999999999, 0.4971428571428571, 0.6299999999999999, 0.6477777777777778, 0.527], "val_loss": [2.0752510062853493, 1.6196402181188265, 1.6455124853054683, 1.71059521595637, 1.5555990913510322, 1.0471230174104373, 1.0178859583536783, 0.8733664122720559, 0.9661220949143171, 1.1294347409407297], "val_acc": [0.25616666666666665, 0.30733333333333335, 0.2943333333333334, 0.2828333333333333, 0.3776666666666666, 0.5633333333333332, 0.5646666666666667, 0.6491666666666667, 0.6246666666666666, 0.558], "instance_queries": [0, 100, 100, 100, 100, 100, 100, 100, 100, 100]}}