{"num_epochs": 20, "scenario": "PoolBaseSamplingScenario", "strategy": "diverse_mini_batch", "batch_size": 10, "query_size": 100, "seed_size": 100, "model": "VggNet", "stopping_criterion": "query_number", "stopping_criterion_value": 900, "dataset_name": "mnist", "metric_values": {"train_loss": [2.000594067573547, 1.8503102123737336, 1.8046486854553223, 1.7051863193511962, 1.3434919130802154, 1.6726790726184846, 1.2285885129656111, 1.2778903730213642, 1.0003748291068606, 0.9459477058053016], "train_acc": [0.3, 0.17, 0.23666666666666666, 0.3, 0.45199999999999996, 0.2633333333333333, 0.4828571428571428, 0.50875, 0.6122222222222222, 0.6339999999999999], "val_loss": [2.0874584915240604, 1.7488768418629965, 1.8350776880979538, 1.864717427889506, 1.337871883660555, 1.5533823587497075, 1.3887916730841001, 1.4509670378267765, 0.8906706774731478, 0.8613643110791842], "val_acc": [0.224, 0.23850000000000005, 0.26716666666666666, 0.2396666666666667, 0.4548333333333333, 0.31866666666666665, 0.5195000000000001, 0.4711666666666666, 0.6171666666666666, 0.6358333333333334], "instance_queries": [0, 100, 100, 100, 100, 100, 100, 100, 100, 100]}}