{"num_epochs": 20, "scenario": "PoolBaseSamplingScenario", "strategy": "diverse_mini_batch", "batch_size": 10, "query_size": 100, "seed_size": 100, "model": "VggNet", "stopping_criterion": "query_number", "stopping_criterion_value": 900, "dataset_name": "mnist", "metric_values": {"train_loss": [2.0461211442947387, 1.8928568422794343, 1.4407237688700358, 1.4458860367536546, 1.5931823801994325, 1.6221449534098307, 1.2381154222147805, 1.052412348613143, 1.4065282159381443, 0.9115835455060005], "train_acc": [0.25999999999999995, 0.23499999999999996, 0.4233333333333332, 0.385, 0.29400000000000004, 0.3116666666666666, 0.542857142857143, 0.5974999999999999, 0.40888888888888886, 0.661], "val_loss": [1.9815548839171728, 1.7811735447247823, 1.3344554236531259, 1.3626180397470793, 1.482596234679222, 1.464758834640185, 1.2882892938454946, 0.9019006046156088, 1.3750308790802956, 1.461737261041999], "val_acc": [0.2626666666666667, 0.28850000000000003, 0.5175, 0.415, 0.31349999999999995, 0.391, 0.5419999999999999, 0.671, 0.3795, 0.5656666666666667], "instance_queries": [0, 100, 100, 100, 100, 100, 100, 100, 100, 100]}}