{"num_epochs": 20, "scenario": "PoolBaseSamplingScenario", "strategy": "diverse_mini_batch", "batch_size": 10, "query_size": 100, "seed_size": 100, "model": "VggNet", "stopping_criterion": "query_number", "stopping_criterion_value": 900, "dataset_name": "mnist", "metric_values": {"train_loss": [1.6902631759643554, 1.7962350070476532, 2.112680653731028, 1.7072448492050172, 1.8462195658683778, 1.685016636053721, 0.9474028302090508, 1.2153993390500546, 1.4294506231943767, 0.8059659197926521], "train_acc": [0.3, 0.24, 0.21333333333333332, 0.30500000000000005, 0.24600000000000002, 0.3283333333333333, 0.6342857142857141, 0.505, 0.41, 0.73], "val_loss": [1.829342821141084, 1.865603237748146, 2.2903179023663203, 1.654649535616239, 1.6472550896803537, 1.4933274768789608, 0.6945601264139016, 0.9989576265712579, 1.2378550637761752, 0.5917909711350997], "val_acc": [0.28983333333333333, 0.20600000000000002, 0.1435, 0.3106666666666667, 0.3406666666666666, 0.3953333333333333, 0.7866666666666666, 0.5966666666666667, 0.5701666666666667, 0.7825], "instance_queries": [0, 100, 100, 100, 100, 100, 100, 100, 100, 100]}}