{"num_epochs": 20, "scenario": "PoolBaseSamplingScenario", "strategy": "diverse_mini_batch", "batch_size": 10, "query_size": 100, "seed_size": 100, "model": "VggNet", "stopping_criterion": "query_number", "stopping_criterion_value": 900, "dataset_name": "mnist", "metric_values": {"train_loss": [1.6063431262969972, 1.8660832643508911, 1.8225311756134033, 1.6153607964515686, 1.4290539669990538, 1.2517518113056818, 1.3905755634818757, 1.2026917725801467, 1.1189322663678063, 0.929921567440033], "train_acc": [0.42000000000000004, 0.23499999999999996, 0.28666666666666674, 0.34750000000000003, 0.46399999999999997, 0.49166666666666675, 0.45999999999999996, 0.54125, 0.5844444444444444, 0.6480000000000001], "val_loss": [1.7679214056332906, 1.8396274997790654, 1.8890000468492507, 1.585064279437065, 1.1296947107712427, 1.073318569858869, 1.4599522109826406, 0.8766447942952315, 1.0135725393891335, 0.7568316102027893], "val_acc": [0.37866666666666665, 0.26199999999999996, 0.2595, 0.2976666666666667, 0.5453333333333334, 0.5028333333333334, 0.43633333333333335, 0.5906666666666667, 0.625, 0.699], "instance_queries": [0, 100, 100, 100, 100, 100, 100, 100, 100, 100]}}