{"num_epochs": 20, "scenario": "PoolBaseSamplingScenario", "strategy": "diverse_mini_batch", "batch_size": 10, "query_size": 100, "seed_size": 100, "model": "VggNet", "stopping_criterion": "query_number", "stopping_criterion_value": 900, "dataset_name": "mnist", "metric_values": {"train_loss": [1.6979915499687195, 1.46926851272583, 2.04270015557607, 1.6885635644197463, 1.4930914199352265, 1.2324185848236084, 1.2266932828085764, 1.1642621017992496, 1.3053405967023637, 1.3231331050395965], "train_acc": [0.26, 0.45999999999999996, 0.25000000000000006, 0.315, 0.3500000000000001, 0.5316666666666666, 0.53, 0.545, 0.43111111111111117, 0.43799999999999994], "val_loss": [1.8751338509718578, 1.3976603292673826, 2.03111158768336, 1.680520686308543, 1.2698060365517934, 1.0418687383830547, 1.0472373799979686, 1.8559925335645675, 1.2820824276407559, 1.2173580348491668], "val_acc": [0.2608333333333333, 0.4585, 0.22483333333333333, 0.2976666666666667, 0.4348333333333333, 0.5656666666666667, 0.5743333333333334, 0.44066666666666665, 0.426, 0.4795], "instance_queries": [0, 100, 100, 100, 100, 100, 100, 100, 100, 100]}}