{"num_epochs": 20, "scenario": "PoolBaseSamplingScenario", "strategy": "entropy_sampling", "batch_size": 10, "query_size": 1000, "seed_size": 1000, "model": "VggNet", "stopping_criterion": "query_number", "stopping_criterion_value": 9000, "dataset_name": "cifar10", "metric_values": {"train_loss": [2.009855670928955, 1.9436159938573838, 1.9606375086307526, 1.608135758638382, 1.7413057081699372, 1.4864824787775675, 1.48491571026189, 1.2468410632386804, 1.189107703367869, 1.023045728236437], "train_acc": [0.196, 0.204, 0.22333333333333333, 0.37625, 0.31339999999999996, 0.413, 0.4241428571428572, 0.541125, 0.5532222222222222, 0.6383], "val_loss": [1.9342401480674745, 1.9198845756053924, 1.8898174493312836, 1.5529363362789155, 1.6625782959461213, 1.4946704486012459, 1.4052057807445526, 1.1928273304104804, 1.2599864176511764, 1.057219239205122], "val_acc": [0.20120000000000002, 0.19860000000000003, 0.21, 0.36960000000000004, 0.3286, 0.419, 0.46020000000000005, 0.565, 0.5184, 0.6266], "instance_queries": [0, 1000, 1000, 1000, 1000, 1000, 1000, 1000, 1000, 1000]}}