{"num_epochs": 20, "scenario": "PoolBaseSamplingScenario", "strategy": "entropy_sampling", "batch_size": 10, "query_size": 1000, "seed_size": 1000, "model": "VggNet", "stopping_criterion": "query_number", "stopping_criterion_value": 9000, "dataset_name": "cifar10", "metric_values": {"train_loss": [2.0106151628494264, 1.926191599369049, 1.904118947982788, 1.7157857406139374, 1.711182250738144, 1.587189929286639, 1.4540794141803468, 1.3569510875642299, 1.2262516428364647, 1.076080141454935], "train_acc": [0.18600000000000003, 0.22450000000000003, 0.23666666666666666, 0.31000000000000005, 0.31, 0.36016666666666663, 0.4174285714285714, 0.469375, 0.5529999999999999, 0.6088], "val_loss": [1.9401444852352143, 1.8824348237514497, 1.9253403661251067, 1.6779306837320327, 1.632494857788086, 1.6418353582620622, 1.4262426176071168, 1.298767635524273, 1.2201771772503853, 1.0642950767576695], "val_acc": [0.194, 0.2378, 0.204, 0.328, 0.33479999999999993, 0.37860000000000005, 0.4152, 0.5018, 0.5412, 0.6065999999999999], "instance_queries": [0, 1000, 1000, 1000, 1000, 1000, 1000, 1000, 1000, 1000]}}