{"num_epochs": 20, "scenario": "PoolBaseSamplingScenario", "strategy": "entropy_sampling", "batch_size": 10, "query_size": 1000, "seed_size": 1000, "model": "VggNet", "stopping_criterion": "query_number", "stopping_criterion_value": 9000, "dataset_name": "cifar10", "metric_values": {"train_loss": [1.9906794929504394, 1.9403867995738984, 1.8901793555418651, 1.8057731667160988, 1.6434458255767823, 1.4730706398685773, 1.61847908445767, 1.413354691118002, 1.2422667309972975, 1.2013966040611268], "train_acc": [0.198, 0.228, 0.2213333333333333, 0.2755, 0.347, 0.43166666666666664, 0.3497142857142857, 0.46862499999999996, 0.5293333333333333, 0.5556], "val_loss": [1.9427980620861054, 1.9178415336608887, 1.8737894303798674, 1.736229989051819, 1.593155289888382, 1.4765444560050964, 1.577830491065979, 1.3907521346807479, 1.2851620557904244, 1.1967687699496745], "val_acc": [0.20820000000000002, 0.2188, 0.20220000000000002, 0.2936, 0.3542, 0.412, 0.35220000000000007, 0.4604, 0.5222, 0.5646], "instance_queries": [0, 1000, 1000, 1000, 1000, 1000, 1000, 1000, 1000, 1000]}}