{"num_epochs": 20, "scenario": "PoolBaseSamplingScenario", "strategy": "entropy_sampling", "batch_size": 10, "query_size": 1000, "seed_size": 1000, "model": "VggNet", "stopping_criterion": "query_number", "stopping_criterion_value": 9000, "dataset_name": "cifar10", "metric_values": {"train_loss": [1.9803709197044372, 1.9419841718673707, 1.9355644619464873, 1.7101830977201462, 1.731206916809082, 1.567718296845754, 1.4399298646620342, 1.278240352794528, 1.2364868701166576, 0.9801381079480052], "train_acc": [0.20000000000000004, 0.205, 0.21700000000000003, 0.34450000000000003, 0.32380000000000003, 0.37266666666666665, 0.4382857142857142, 0.517875, 0.5207777777777778, 0.6515], "val_loss": [2.0284092316627502, 1.9247370893955231, 1.8686998832225798, 1.6262550072669983, 1.6762710963487626, 1.5186431086063386, 1.4360872987508775, 1.2458781086206436, 1.3025578065514565, 1.1028871615231037], "val_acc": [0.185, 0.2058, 0.23760000000000003, 0.375, 0.3364, 0.3946, 0.44239999999999996, 0.5236000000000001, 0.5046, 0.6023999999999998], "instance_queries": [0, 1000, 1000, 1000, 1000, 1000, 1000, 1000, 1000, 1000]}}