{"num_epochs": 20, "scenario": "PoolBaseSamplingScenario", "strategy": "entropy_sampling", "batch_size": 10, "query_size": 1000, "seed_size": 1000, "model": "VggNet", "stopping_criterion": "query_number", "stopping_criterion_value": 9000, "dataset_name": "cifar10", "metric_values": {"train_loss": [2.03151780128479, 1.9710363531112671, 1.9318808476130167, 1.8129574483633042, 1.7200560104846954, 1.5506917009751002, 1.5190802039418903, 1.4890895237773656, 0.9888185201419725, 0.9699916498661041], "train_acc": [0.19299999999999998, 0.17900000000000002, 0.19233333333333336, 0.259, 0.31460000000000005, 0.38699999999999996, 0.404, 0.41112499999999996, 0.6547777777777777, 0.6565], "val_loss": [1.9326860046386718, 2.0417253921031953, 1.8721842541694642, 1.7522053580284118, 1.6593289301395415, 1.4760218501091003, 1.5471111376285553, 1.493755012154579, 1.0822590535879135, 1.093860954195261], "val_acc": [0.202, 0.18480000000000002, 0.23000000000000004, 0.28820000000000007, 0.33, 0.403, 0.37960000000000005, 0.41359999999999997, 0.6216, 0.6122000000000001], "instance_queries": [0, 1000, 1000, 1000, 1000, 1000, 1000, 1000, 1000, 1000]}}