{"num_epochs": 20, "scenario": "PoolBaseSamplingScenario", "strategy": "entropy_sampling", "batch_size": 10, "query_size": 1000, "seed_size": 1000, "model": "VggNet", "stopping_criterion": "query_number", "stopping_criterion_value": 9000, "dataset_name": "cifar10", "metric_values": {"train_loss": [2.009424452781677, 1.9426897549629212, 1.8774629060427348, 1.8039532977342605, 1.779816041469574, 1.3883391951521238, 1.339288033076695, 1.2435429963842035, 1.1324020011557474, 1.0272530537843705], "train_acc": [0.20400000000000001, 0.20650000000000002, 0.22333333333333333, 0.26925, 0.276, 0.4605, 0.49542857142857144, 0.55475, 0.5758888888888888, 0.6281], "val_loss": [1.9953635699748993, 1.9236941459178925, 1.843990244626999, 1.7674986622333526, 1.7409016485214233, 1.3706112524271012, 1.305128680586815, 1.263041919887066, 1.1078917940258979, 1.0213760827183724], "val_acc": [0.1952, 0.179, 0.21459999999999999, 0.25920000000000004, 0.2874, 0.48479999999999995, 0.5014000000000001, 0.5508, 0.5893999999999999, 0.6245999999999999], "instance_queries": [0, 1000, 1000, 1000, 1000, 1000, 1000, 1000, 1000, 1000]}}