{"num_epochs": 20, "scenario": "PoolBaseSamplingScenario", "strategy": "entropy_sampling", "batch_size": 10, "query_size": 1000, "seed_size": 1000, "model": "VggNet", "stopping_criterion": "query_number", "stopping_criterion_value": 9000, "dataset_name": "cifar10", "metric_values": {"train_loss": [2.0156278026103975, 1.9327748596668244, 1.9249750912189483, 1.6537012115120888, 1.8038872134685517, 1.5650369557738304, 1.5938557633331845, 1.2018143915012478, 1.0676698039968808, 1.0639004907608032], "train_acc": [0.20800000000000002, 0.22399999999999998, 0.20733333333333334, 0.33099999999999996, 0.27420000000000005, 0.37600000000000006, 0.35657142857142854, 0.556, 0.615, 0.6192], "val_loss": [1.9181916275024413, 1.920859996318817, 1.8775903646945953, 1.649716108560562, 1.848755532503128, 1.4745371094942092, 1.6310311943292617, 1.229571764111519, 1.1656513370871544, 1.1207204698324202], "val_acc": [0.1942, 0.1986, 0.22040000000000004, 0.3474, 0.2266, 0.39339999999999997, 0.37439999999999996, 0.5432, 0.579, 0.6028], "instance_queries": [0, 1000, 1000, 1000, 1000, 1000, 1000, 1000, 1000, 1000]}}