{"num_epochs": 20, "scenario": "PoolBaseSamplingScenario", "strategy": "entropy_sampling", "batch_size": 10, "query_size": 1000, "seed_size": 1000, "model": "VggNet", "stopping_criterion": "query_number", "stopping_criterion_value": 9000, "dataset_name": "cifar10", "metric_values": {"train_loss": [2.0156603026390076, 1.9554185205698014, 1.9536513110001883, 1.8149956491589547, 1.853192681312561, 1.479198400080204, 1.6305302832807813, 1.3068826180696487, 1.0894366994169022, 1.1678567219376563], "train_acc": [0.20800000000000002, 0.21900000000000003, 0.2076666666666667, 0.27899999999999997, 0.2238, 0.4181666666666667, 0.3514285714285714, 0.512375, 0.6052222222222223, 0.5819], "val_loss": [1.9766551520824431, 1.8966207156181336, 1.8627258553504944, 1.7735282199382782, 1.8344522938728332, 1.505449456691742, 1.6005724793672562, 1.24250487190485, 1.1946816397905349, 1.1062445828020573], "val_acc": [0.18960000000000002, 0.22060000000000002, 0.1974, 0.29719999999999996, 0.21580000000000002, 0.4038, 0.35940000000000005, 0.5336, 0.5824, 0.5856], "instance_queries": [0, 1000, 1000, 1000, 1000, 1000, 1000, 1000, 1000, 1000]}}