{"num_epochs": 20, "scenario": "PoolBaseSamplingScenario", "strategy": "entropy_sampling", "batch_size": 10, "query_size": 1000, "seed_size": 1000, "model": "VggNet", "stopping_criterion": "query_number", "stopping_criterion_value": 9000, "dataset_name": "cifar10", "metric_values": {"train_loss": [1.989805029630661, 1.9624456483125687, 1.9156345224380493, 1.783714993596077, 1.8235090203285218, 1.5798141583800316, 1.3113165267876217, 1.0310687374696135, 1.3299527199400796, 1.0495632273554802], "train_acc": [0.21599999999999997, 0.1885, 0.23633333333333334, 0.27675, 0.24780000000000002, 0.36433333333333334, 0.5102857142857142, 0.62375, 0.49533333333333335, 0.6212], "val_loss": [1.9421010818481446, 1.9982301363945008, 1.93889177775383, 1.725451961517334, 1.6882432732582093, 1.4938959156274796, 1.2774142216444015, 1.1467710628509522, 1.258843767940998, 1.2327853277921677], "val_acc": [0.2014, 0.18020000000000003, 0.215, 0.3162, 0.3182, 0.4, 0.5234000000000001, 0.5933999999999999, 0.5062000000000001, 0.5634], "instance_queries": [0, 1000, 1000, 1000, 1000, 1000, 1000, 1000, 1000, 1000]}}