{"num_epochs": 20, "scenario": "PoolBaseSamplingScenario", "strategy": "entropy_sampling", "batch_size": 10, "query_size": 1000, "seed_size": 1000, "model": "VggNet", "stopping_criterion": "query_number", "stopping_criterion_value": 9000, "dataset_name": "cifar10", "metric_values": {"train_loss": [2.020728299617767, 1.938547469973564, 1.9063119932015737, 1.8138723111152648, 1.466881448507309, 1.849580981930097, 1.5379165618760244, 1.1548113211244344, 1.310039604637358, 1.1192850298285484], "train_acc": [0.18300000000000005, 0.231, 0.23, 0.2565, 0.4128, 0.28300000000000003, 0.38314285714285723, 0.578375, 0.4806666666666667, 0.5916], "val_loss": [1.931687427997589, 1.8919889557361602, 1.8837655453681945, 1.7219860684871673, 1.4380126924514771, 1.807639726638794, 1.4843579814434051, 1.2711274927556515, 1.3050624774694444, 1.1362082043588162], "val_acc": [0.19080000000000003, 0.21919999999999998, 0.237, 0.282, 0.4394, 0.288, 0.391, 0.5608, 0.5, 0.5788], "instance_queries": [0, 1000, 1000, 1000, 1000, 1000, 1000, 1000, 1000, 1000]}}