{"num_epochs": 20, "scenario": "PoolBaseSamplingScenario", "strategy": "entropy_sampling", "batch_size": 10, "query_size": 1000, "seed_size": 1000, "model": "VggNet", "stopping_criterion": "query_number", "stopping_criterion_value": 9000, "dataset_name": "cifar10", "metric_values": {"train_loss": [1.971784415245056, 1.9835437154769897, 1.8085702085494995, 1.9290580633282661, 1.677011901140213, 1.6034305797020594, 1.536096715075629, 1.4162492925673724, 1.2793587411112255, 1.2110474323630334], "train_acc": [0.198, 0.20600000000000002, 0.26466666666666666, 0.19524999999999998, 0.3226, 0.352, 0.3998571428571428, 0.45299999999999996, 0.5226666666666666, 0.5522], "val_loss": [2.050714418888092, 1.9180585052967072, 1.7806103422641755, 1.8828888370990753, 1.6117915844917297, 1.4953466882705688, 1.6034711655378342, 1.38659435069561, 1.2765017808675767, 1.3277282847762109], "val_acc": [0.2, 0.2284, 0.272, 0.20220000000000005, 0.3368, 0.3708, 0.3898, 0.46, 0.5184, 0.5302], "instance_queries": [0, 1000, 1000, 1000, 1000, 1000, 1000, 1000, 1000, 1000]}}