{"num_epochs": 20, "scenario": "PoolBaseSamplingScenario", "strategy": "entropy_sampling", "batch_size": 10, "query_size": 1000, "seed_size": 1000, "model": "VggNet", "stopping_criterion": "query_number", "stopping_criterion_value": 9000, "dataset_name": "cifar10", "metric_values": {"train_loss": [1.978168408870697, 1.948251667022705, 1.9716973181565602, 1.7665081745386124, 1.8596556508541107, 1.444007885257403, 1.5095670000995909, 1.3681579738855363, 1.2532350383202235, 1.002910029143095], "train_acc": [0.21500000000000008, 0.19750000000000004, 0.21033333333333337, 0.28825, 0.23920000000000002, 0.4428333333333333, 0.40114285714285713, 0.4715, 0.538, 0.6361999999999999], "val_loss": [1.9211406624317169, 1.8978702142238617, 1.8670259130001068, 1.699713387966156, 1.8391617612838744, 1.418902106523514, 1.42825539624691, 1.2671005049943924, 1.3917598245739937, 1.1117176381051541], "val_acc": [0.21580000000000002, 0.2078, 0.2122, 0.32820000000000005, 0.22619999999999998, 0.44939999999999997, 0.422, 0.5231999999999999, 0.4712, 0.615], "instance_queries": [0, 1000, 1000, 1000, 1000, 1000, 1000, 1000, 1000, 1000]}}