{"num_epochs": 20, "scenario": "PoolBaseSamplingScenario", "strategy": "entropy_sampling", "batch_size": 10, "query_size": 1000, "seed_size": 1000, "model": "VggNet", "stopping_criterion": "query_number", "stopping_criterion_value": 9000, "dataset_name": "cifar10", "metric_values": {"train_loss": [1.9885762023925782, 1.9284029293060303, 1.922140440940857, 1.814666773378849, 1.8277056951522828, 1.5684980936845143, 1.4693136153050832, 1.2706165052950382, 1.549257949392001, 1.100063827753067], "train_acc": [0.20200000000000004, 0.2415, 0.22133333333333335, 0.26975, 0.24819999999999998, 0.36066666666666664, 0.4362857142857143, 0.518125, 0.3803333333333333, 0.587], "val_loss": [1.9414017515182496, 1.9157197678089142, 1.8636789855957032, 1.783753576517105, 1.771929949760437, 1.5459237098693848, 1.394589246034622, 1.2779120191335678, 1.480034702181816, 1.0661197431981564], "val_acc": [0.188, 0.239, 0.22760000000000002, 0.29, 0.26880000000000004, 0.361, 0.464, 0.514, 0.4118, 0.6093999999999998], "instance_queries": [0, 1000, 1000, 1000, 1000, 1000, 1000, 1000, 1000, 1000]}}