{"num_epochs": 20, "scenario": "PoolBaseSamplingScenario", "strategy": "entropy_sampling", "batch_size": 10, "query_size": 1000, "seed_size": 1000, "model": "VggNet", "stopping_criterion": "query_number", "stopping_criterion_value": 9000, "dataset_name": "cifar10", "metric_values": {"train_loss": [2.0004222071170807, 1.960567376613617, 1.856300293604533, 1.8830274572968484, 1.5842485752105713, 1.8652761993805567, 1.4701554585354668, 1.4389210949093103, 1.3607702816857232, 1.0117928769886493], "train_acc": [0.19200000000000003, 0.1955, 0.21866666666666665, 0.2175, 0.376, 0.21150000000000002, 0.4218571428571428, 0.43575, 0.4732222222222222, 0.6365999999999999], "val_loss": [1.9817822206020355, 1.915908977508545, 1.860710733652115, 1.8469612815380096, 1.5112546614408493, 1.826840674161911, 1.4807652926445007, 1.3752595554590226, 1.3040528966188432, 1.0834631754755975], "val_acc": [0.1998, 0.1992, 0.2308, 0.2146, 0.3942, 0.235, 0.411, 0.4702, 0.49879999999999997, 0.6237999999999999], "instance_queries": [0, 1000, 1000, 1000, 1000, 1000, 1000, 1000, 1000, 1000]}}