{"num_epochs": 20, "scenario": "PoolBaseSamplingScenario", "strategy": "entropy_sampling", "batch_size": 10, "query_size": 1000, "seed_size": 1000, "model": "VggNet", "stopping_criterion": "query_number", "stopping_criterion_value": 9000, "dataset_name": "cifar10", "metric_values": {"train_loss": [2.0074388086795807, 1.923455685377121, 1.9227221699555714, 1.7538956719636918, 1.7843358602523804, 1.5744370372096697, 1.462778964127813, 1.45011445812881, 1.2524714982178475, 1.4035420241355896], "train_acc": [0.19400000000000003, 0.20700000000000002, 0.20933333333333332, 0.30075, 0.3004, 0.38083333333333336, 0.44442857142857145, 0.44212500000000005, 0.5366666666666666, 0.443], "val_loss": [1.9217326548099518, 1.94233740234375, 2.0957168610095978, 1.7370129313468934, 1.6821946914196015, 1.5168109389543534, 1.362786593914032, 1.4044340053796769, 1.3330359721183778, 1.4059966329932212], "val_acc": [0.203, 0.2202, 0.18980000000000002, 0.3178, 0.30340000000000006, 0.4084, 0.4788, 0.472, 0.487, 0.446], "instance_queries": [0, 1000, 1000, 1000, 1000, 1000, 1000, 1000, 1000, 1000]}}