{"num_epochs": 20, "scenario": "PoolBaseSamplingScenario", "strategy": "entropy_sampling", "batch_size": 10, "query_size": 1000, "seed_size": 1000, "model": "VggNet", "stopping_criterion": "query_number", "stopping_criterion_value": 9000, "dataset_name": "cifar10", "metric_values": {"train_loss": [2.0033175420761107, 1.9266861295700073, 1.9255703783035278, 1.7603327631950378, 1.7544524025917054, 1.568188653488954, 1.3700304065431868, 1.3216132435947656, 1.2849192098114226, 1.0107158339321614], "train_acc": [0.198, 0.22, 0.19366666666666668, 0.28425, 0.2734, 0.376, 0.49642857142857144, 0.49424999999999997, 0.5193333333333333, 0.6380999999999999], "val_loss": [1.9398578052520752, 1.9121242394447326, 1.8855150215625762, 1.7670419952869416, 1.7684870339632035, 1.507477859735489, 1.3402495019435883, 1.2602971748113632, 1.2568345945477486, 1.1537547424137593], "val_acc": [0.1902, 0.2278, 0.1984, 0.2864, 0.262, 0.3778, 0.5034000000000001, 0.5254, 0.556, 0.5972000000000001], "instance_queries": [0, 1000, 1000, 1000, 1000, 1000, 1000, 1000, 1000, 1000]}}