{"num_epochs": 20, "scenario": "PoolBaseSamplingScenario", "strategy": "entropy_sampling", "batch_size": 10, "query_size": 1000, "seed_size": 1000, "model": "VggNet", "stopping_criterion": "query_number", "stopping_criterion_value": 9000, "dataset_name": "cifar10", "metric_values": {"train_loss": [2.02024365067482, 1.854111140370369, 1.844720014333725, 1.7605754563212395, 1.6405467188358307, 1.7192297291755676, 1.655264161995479, 1.321196636930108, 1.4420349768797556, 1.1392291031479835], "train_acc": [0.19199999999999995, 0.2695, 0.28233333333333327, 0.29675, 0.3558, 0.31149999999999994, 0.3364285714285714, 0.49162500000000003, 0.4345555555555556, 0.5775999999999999], "val_loss": [1.9495968072414398, 2.002265105009079, 1.790110536813736, 1.6975689916610717, 1.5677887213230133, 1.75924289393425, 1.5376156613826752, 1.3452541023492812, 1.3923449727296828, 1.1490006111264228], "val_acc": [0.19900000000000004, 0.232, 0.275, 0.3052, 0.37760000000000005, 0.3088, 0.36319999999999997, 0.4732, 0.4574, 0.579], "instance_queries": [0, 1000, 1000, 1000, 1000, 1000, 1000, 1000, 1000, 1000]}}