{"num_epochs": 20, "scenario": "PoolBaseSamplingScenario", "strategy": "entropy_sampling", "batch_size": 10, "query_size": 1000, "seed_size": 1000, "model": "VggNet", "stopping_criterion": "query_number", "stopping_criterion_value": 9000, "dataset_name": "cifar10", "metric_values": {"train_loss": [1.983694589138031, 1.9718711227178574, 1.7838161754608155, 1.7884834292531013, 1.6643621566295623, 1.5389304904143015, 1.5700479645388468, 1.3655531708151103, 1.2232783983813391, 0.9259380362182855], "train_acc": [0.20000000000000004, 0.2175, 0.28966666666666663, 0.27725, 0.32719999999999994, 0.38333333333333336, 0.36742857142857144, 0.474875, 0.5458888888888889, 0.6597000000000001], "val_loss": [1.9332392675876617, 1.9364773473739625, 1.7804842176437379, 1.7395447490215301, 1.5814761040210723, 1.4745161473751067, 1.5075785742998122, 1.3161909275054933, 1.1767492188811302, 1.0256971882879733], "val_acc": [0.2142, 0.22240000000000004, 0.283, 0.325, 0.345, 0.413, 0.38680000000000003, 0.5084, 0.5735999999999999, 0.6426000000000001], "instance_queries": [0, 1000, 1000, 1000, 1000, 1000, 1000, 1000, 1000, 1000]}}