{"num_epochs": 20, "scenario": "PoolBaseSamplingScenario", "strategy": "entropy_sampling", "batch_size": 10, "query_size": 1000, "seed_size": 1000, "model": "VggNet", "stopping_criterion": "query_number", "stopping_criterion_value": 9000, "dataset_name": "cifar10", "metric_values": {"train_loss": [1.9890536630153657, 1.9435694509744643, 1.93172177473704, 1.7897039476037024, 1.8570656504631042, 1.7475101401408513, 1.5750587771620068, 1.4153973845392465, 1.2529342142078612, 1.1273392369449138], "train_acc": [0.193, 0.19200000000000003, 0.20733333333333334, 0.276, 0.2024, 0.2915, 0.37357142857142855, 0.451125, 0.535, 0.5832999999999999], "val_loss": [1.9557617173194886, 1.8891049060821534, 1.8731270971298217, 1.7270202786922455, 1.8392821457386017, 1.6738799457550049, 1.5448661756515503, 1.3180472062826156, 1.2997503693699837, 1.1657775554060936], "val_acc": [0.20260000000000003, 0.2204, 0.21340000000000003, 0.3048, 0.1998, 0.30639999999999995, 0.38780000000000003, 0.4981999999999999, 0.5266, 0.5704], "instance_queries": [0, 1000, 1000, 1000, 1000, 1000, 1000, 1000, 1000, 1000]}}