{"num_epochs": 20, "scenario": "PoolBaseSamplingScenario", "strategy": "entropy_sampling", "batch_size": 10, "query_size": 1000, "seed_size": 1000, "model": "VggNet", "stopping_criterion": "query_number", "stopping_criterion_value": 9000, "dataset_name": "cifar10", "metric_values": {"train_loss": [1.9741517782211304, 1.8972348177433014, 1.9058062954743704, 1.7663991612195968, 1.7736451938152313, 1.5078535883625348, 1.3627182579892023, 1.2282932375371456, 1.3768734942542182, 1.0721744784116745], "train_acc": [0.21500000000000002, 0.205, 0.22366666666666665, 0.28575, 0.2724, 0.4058333333333333, 0.4685714285714286, 0.555875, 0.47811111111111104, 0.6119], "val_loss": [1.927004068851471, 1.8698648803234101, 1.8860032448768616, 1.6915147099494934, 1.7370674564838409, 1.503411442875862, 1.3183935557603836, 1.2830483595132827, 1.4202327251434326, 1.116161012262106], "val_acc": [0.205, 0.22660000000000002, 0.2252, 0.2878, 0.26680000000000004, 0.3992, 0.5022, 0.5442, 0.4766, 0.5966], "instance_queries": [0, 1000, 1000, 1000, 1000, 1000, 1000, 1000, 1000, 1000]}}