{"num_epochs": 20, "scenario": "PoolBaseSamplingScenario", "strategy": "diverse_mini_batch", "batch_size": 10, "query_size": 100, "seed_size": 100, "model": "LeNet", "stopping_criterion": "query_number", "stopping_criterion_value": 900, "dataset_name": "mnist", "metric_values": {"train_loss": [0.05802881680428982, 0.024821038264781235, 0.013554074335843325, 0.010336858022492379, 0.007965576956048609, 0.006393913090384255, 0.005160215642536059, 0.0042157272662734615, 0.003913866985951447, 0.0030353049939731134], "train_acc": [1.0, 1.0, 1.0, 1.0, 1.0, 1.0, 1.0, 1.0, 1.0, 1.0], "val_loss": [0.892987364710619, 0.6649369853983322, 0.5152483174220348, 0.46597383830851563, 0.4034316826375046, 0.3800409434863832, 0.37300317659392024, 0.3438508934145405, 0.3375299886824602, 0.3380162534997119], "val_acc": [0.7268333333333333, 0.8075, 0.8588333333333334, 0.881, 0.8945000000000001, 0.8990000000000001, 0.9045000000000001, 0.9106666666666668, 0.9166666666666666, 0.9175], "instance_queries": [0, 100, 100, 100, 100, 100, 100, 100, 100, 100]}}