{"num_epochs": 20, "scenario": "PoolBaseSamplingScenario", "strategy": "diverse_mini_batch", "batch_size": 10, "query_size": 100, "seed_size": 100, "model": "LeNet", "stopping_criterion": "query_number", "stopping_criterion_value": 900, "dataset_name": "mnist", "metric_values": {"train_loss": [0.04935684278607368, 0.018262138403952122, 0.010356140385071436, 0.007836771162692458, 0.0066894171247258785, 0.005463309345456461, 0.004967099674312132, 0.004166447147872532, 0.0033324370044283567, 0.0030057058134116232], "train_acc": [1.0, 1.0, 1.0, 1.0, 1.0, 1.0, 1.0, 1.0, 1.0, 1.0], "val_loss": [0.8792697882900635, 0.6424723607883789, 0.5789005821151659, 0.4569002859511723, 0.3957050036318833, 0.37796398947694493, 0.36465750627617427, 0.34624526933281835, 0.341216448583776, 0.32558616314582955], "val_acc": [0.7331666666666666, 0.8145000000000001, 0.8346666666666667, 0.8743333333333335, 0.8940000000000001, 0.9003333333333334, 0.9041666666666667, 0.9116666666666668, 0.9129999999999999, 0.9190000000000002], "instance_queries": [0, 100, 100, 100, 100, 100, 100, 100, 100, 100]}}