{"num_epochs": 20, "scenario": "PoolBaseSamplingScenario", "strategy": "diverse_mini_batch", "batch_size": 10, "query_size": 100, "seed_size": 100, "model": "LeNet", "stopping_criterion": "query_number", "stopping_criterion_value": 900, "dataset_name": "mnist", "metric_values": {"train_loss": [0.048249982111155984, 0.030166678503155707, 0.01702351726902028, 0.010617806331720204, 0.007210148498415947, 0.0052485621980546664, 0.004698677750171295, 0.004255560757883359, 0.0036661148769780993, 0.002950460569409188], "train_acc": [1.0, 1.0, 1.0, 1.0, 1.0, 1.0, 1.0, 1.0, 1.0, 1.0], "val_loss": [0.8923119493946433, 0.6398000073060394, 0.5318376590986736, 0.5099309032115464, 0.4546235312395341, 0.3843603186898205, 0.37571002561773637, 0.3494655772691476, 0.32329147375557415, 0.31625049666821725], "val_acc": [0.7228333333333333, 0.8098333333333333, 0.8513333333333335, 0.864, 0.8833333333333333, 0.8991666666666667, 0.9023333333333334, 0.9083333333333333, 0.9133333333333333, 0.9188333333333333], "instance_queries": [0, 100, 100, 100, 100, 100, 100, 100, 100, 100]}}