{"num_epochs": 20, "scenario": "PoolBaseSamplingScenario", "strategy": "diverse_mini_batch", "batch_size": 10, "query_size": 100, "seed_size": 100, "model": "LeNet", "stopping_criterion": "query_number", "stopping_criterion_value": 900, "dataset_name": "mnist", "metric_values": {"train_loss": [0.0516141165047884, 0.01866358006373048, 0.012062463738645116, 0.008885220042429864, 0.007299393131397665, 0.006125520600471645, 0.005261896553981517, 0.004303910068847472, 0.003693875345763647, 0.0032386626803781837], "train_acc": [1.0, 1.0, 1.0, 1.0, 1.0, 1.0, 1.0, 1.0, 1.0, 1.0], "val_loss": [0.8522471836209298, 0.7220696540642529, 0.47588258496951313, 0.4283436086230601, 0.4320785564742982, 0.38690158811281433, 0.36336618181385955, 0.36022633412794675, 0.3424965669272933, 0.31294455038917174], "val_acc": [0.73, 0.7885000000000001, 0.8629999999999999, 0.8831666666666667, 0.8836666666666667, 0.8998333333333333, 0.9075, 0.9105, 0.9173333333333334, 0.9223333333333334], "instance_queries": [0, 100, 100, 100, 100, 100, 100, 100, 100, 100]}}