{"num_epochs": 20, "scenario": "PoolBaseSamplingScenario", "strategy": "diverse_mini_batch", "batch_size": 10, "query_size": 100, "seed_size": 100, "model": "LeNet", "stopping_criterion": "query_number", "stopping_criterion_value": 900, "dataset_name": "mnist", "metric_values": {"train_loss": [0.04922316409647465, 0.018066436471417546, 0.01209307216728727, 0.007855861476855353, 0.005958613536786288, 0.005438505684530052, 0.00485985831058185, 0.003996275931422133, 0.0034391503742275138, 0.003197699079755694], "train_acc": [1.0, 1.0, 1.0, 1.0, 1.0, 1.0, 1.0, 1.0, 1.0, 1.0], "val_loss": [0.862566845305264, 0.5896780941208514, 0.4326507727468076, 0.4251501901696126, 0.42808606376328195, 0.39543459556123706, 0.3969045201073944, 0.36079358299039693, 0.34913396453591605, 0.3165133125964591], "val_acc": [0.7373333333333333, 0.8291666666666667, 0.8803333333333334, 0.885, 0.8898333333333335, 0.9001666666666667, 0.9025000000000002, 0.9079999999999999, 0.912, 0.9189999999999999], "instance_queries": [0, 100, 100, 100, 100, 100, 100, 100, 100, 100]}}