{"num_epochs": 20, "scenario": "PoolBaseSamplingScenario", "strategy": "margin_sampling", "batch_size": 10, "query_size": 100, "seed_size": 100, "model": "LeNet", "stopping_criterion": "query_number", "stopping_criterion_value": 900, "dataset_name": "mnist", "metric_values": {"train_loss": [0.06698479130864143, 0.02388879950158298, 0.01555079035460949, 0.010980902006849647, 0.009006442558020354, 0.0067230382817797365, 0.004977166496350297, 0.004170288461318705, 0.0035974035201232052, 0.0030607763078296557], "train_acc": [1.0, 1.0, 1.0, 1.0, 1.0, 1.0, 1.0, 1.0, 1.0, 1.0], "val_loss": [0.8952932472899556, 0.6786665406730026, 0.5721914519074683, 0.43493332631575565, 0.39734225800299705, 0.38458470061731836, 0.3684911378661248, 0.3521694646429387, 0.3291919555236139, 0.3308478914909453], "val_acc": [0.7203333333333334, 0.7935, 0.8383333333333334, 0.8783333333333333, 0.8933333333333335, 0.8983333333333333, 0.905, 0.91, 0.9173333333333333, 0.9188333333333333], "instance_queries": [0, 100, 100, 100, 100, 100, 100, 100, 100, 100]}}