{"num_epochs": 20, "scenario": "PoolBaseSamplingScenario", "strategy": "margin_sampling", "batch_size": 10, "query_size": 100, "seed_size": 100, "model": "LeNet", "stopping_criterion": "query_number", "stopping_criterion_value": 900, "dataset_name": "mnist", "metric_values": {"train_loss": [0.05488013885915279, 0.024117820709943772, 0.01246169068229695, 0.009749672561883926, 0.007419834218453616, 0.005841345854181176, 0.0045801641186699275, 0.004171954184857896, 0.0035857568986506928, 0.00299890363967279], "train_acc": [1.0, 1.0, 1.0, 1.0, 1.0, 1.0, 1.0, 1.0, 1.0, 1.0], "val_loss": [0.8514291157697638, 0.5696623193162182, 0.5059635235796062, 0.40749891395292553, 0.39980477036869466, 0.3564286193897715, 0.35634750703854173, 0.3418484803776179, 0.3374045002924201, 0.34317337589061936], "val_acc": [0.74, 0.8270000000000001, 0.8506666666666667, 0.8871666666666665, 0.8925, 0.905, 0.9048333333333335, 0.911, 0.9133333333333333, 0.9125], "instance_queries": [0, 100, 100, 100, 100, 100, 100, 100, 100, 100]}}