{"num_epochs": 20, "scenario": "PoolBaseSamplingScenario", "strategy": "margin_sampling", "batch_size": 10, "query_size": 100, "seed_size": 100, "model": "LeNet", "stopping_criterion": "query_number", "stopping_criterion_value": 900, "dataset_name": "mnist", "metric_values": {"train_loss": [0.04751499034464359, 0.017455770960077645, 0.011721174884587526, 0.011332209169631824, 0.007176123824901879, 0.005472866344886521, 0.004436489339319191, 0.003845453502435703, 0.003277760031374378, 0.002852549136732705], "train_acc": [1.0, 1.0, 1.0, 1.0, 1.0, 1.0, 1.0, 1.0, 1.0, 1.0], "val_loss": [0.907883639037609, 0.6152469024931391, 0.5188382514317831, 0.435000600781835, 0.38825430448205833, 0.3678919291191657, 0.34476459659374087, 0.3303815097390907, 0.3266859154282429, 0.3321663167490624], "val_acc": [0.7318333333333333, 0.8201666666666667, 0.8588333333333334, 0.8821666666666665, 0.8961666666666668, 0.901, 0.9078333333333334, 0.917, 0.9188333333333333, 0.9188333333333335], "instance_queries": [0, 100, 100, 100, 100, 100, 100, 100, 100, 100]}}