{"num_epochs": 20, "scenario": "PoolBaseSamplingScenario", "strategy": "margin_sampling", "batch_size": 10, "query_size": 100, "seed_size": 100, "model": "LeNet", "stopping_criterion": "query_number", "stopping_criterion_value": 900, "dataset_name": "mnist", "metric_values": {"train_loss": [0.055124927684664725, 0.022863997519016264, 0.01326797742707034, 0.009101530158659443, 0.007656301259994507, 0.00637322038722535, 0.005107469194834786, 0.004283047429635189, 0.003963031602324918, 0.0034163175110006705], "train_acc": [1.0, 1.0, 1.0, 1.0, 1.0, 1.0, 1.0, 1.0, 1.0, 1.0], "val_loss": [0.9315343281316261, 0.58973638708548, 0.5023304945455553, 0.42061424455139784, 0.37968363462248816, 0.36084398754755964, 0.3529979031271068, 0.34339464602312847, 0.33214476103069807, 0.3129973017911349], "val_acc": [0.7225, 0.8193333333333334, 0.8523333333333333, 0.8841666666666667, 0.8966666666666666, 0.9048333333333335, 0.9093333333333332, 0.9143333333333336, 0.9163333333333334, 0.9208333333333333], "instance_queries": [0, 100, 100, 100, 100, 100, 100, 100, 100, 100]}}