{"num_epochs": 20, "scenario": "PoolBaseSamplingScenario", "strategy": "margin_sampling", "batch_size": 10, "query_size": 100, "seed_size": 100, "model": "LeNet", "stopping_criterion": "query_number", "stopping_criterion_value": 900, "dataset_name": "mnist", "metric_values": {"train_loss": [0.05783464349806309, 0.020624752854928374, 0.01144115226343274, 0.009034861670807004, 0.008297033687122167, 0.006352340484348436, 0.006087025394663215, 0.004747964326816146, 0.0041846159438136965, 0.0033338244329206646], "train_acc": [1.0, 1.0, 1.0, 1.0, 1.0, 1.0, 1.0, 1.0, 1.0, 1.0], "val_loss": [0.8584187188123663, 0.5858845003508031, 0.4929342464047174, 0.47006416678118207, 0.4075830189012534, 0.3747593379158449, 0.3482325848232722, 0.35133250049635534, 0.3225051414981135, 0.3160174639899924], "val_acc": [0.7363333333333334, 0.8235, 0.8596666666666668, 0.8708333333333333, 0.8903333333333334, 0.901, 0.9083333333333333, 0.9078333333333334, 0.9135000000000001, 0.9191666666666667], "instance_queries": [0, 100, 100, 100, 100, 100, 100, 100, 100, 100]}}