{"num_epochs": 20, "scenario": "PoolBaseSamplingScenario", "strategy": "margin_sampling", "batch_size": 10, "query_size": 100, "seed_size": 100, "model": "LeNet", "stopping_criterion": "query_number", "stopping_criterion_value": 900, "dataset_name": "mnist", "metric_values": {"train_loss": [0.0457333080470562, 0.01836738330312073, 0.012327747341866294, 0.008109144173795357, 0.006007537187542766, 0.005070577666629106, 0.003958734400137993, 0.003475875098229153, 0.002876164390343345, 0.0026674456859473138], "train_acc": [1.0, 1.0, 1.0, 1.0, 1.0, 1.0, 1.0, 1.0, 1.0, 1.0], "val_loss": [0.8993949124589562, 0.604439622812594, 0.5086470289877616, 0.44284260341043896, 0.3838552273930206, 0.3834144833883814, 0.34521674481075026, 0.33540609282111594, 0.3444295879047907, 0.33316230801850905], "val_acc": [0.7195, 0.8156666666666668, 0.8526666666666667, 0.8791666666666667, 0.8925, 0.8938333333333333, 0.9081666666666668, 0.9111666666666668, 0.9128333333333334, 0.9158333333333334], "instance_queries": [0, 100, 100, 100, 100, 100, 100, 100, 100, 100]}}