{"num_epochs": 20, "scenario": "PoolBaseSamplingScenario", "strategy": "margin_sampling", "batch_size": 10, "query_size": 100, "seed_size": 100, "model": "LeNet", "stopping_criterion": "query_number", "stopping_criterion_value": 900, "dataset_name": "mnist", "metric_values": {"train_loss": [0.06480988003313541, 0.022527280310168863, 0.014632092602550984, 0.01099767746636644, 0.00753469716757536, 0.00543498774835219, 0.004558669122135533, 0.003962747594778193, 0.003552507202968829, 0.003582712453790009], "train_acc": [1.0, 1.0, 1.0, 1.0, 1.0, 1.0, 1.0, 1.0, 1.0, 1.0], "val_loss": [0.8687333453198274, 0.7093115866354978, 0.5347365270539497, 0.4586155028586897, 0.4327544009671935, 0.3843834060135608, 0.3907492135556337, 0.38259191906584117, 0.3737828869536558, 0.33944076586616573], "val_acc": [0.735, 0.7891666666666667, 0.8435, 0.8690000000000001, 0.8806666666666668, 0.8958333333333334, 0.8984999999999999, 0.9038333333333335, 0.9081666666666668, 0.9126666666666667], "instance_queries": [0, 100, 100, 100, 100, 100, 100, 100, 100, 100]}}