{"num_epochs": 20, "scenario": "PoolBaseSamplingScenario", "strategy": "margin_sampling", "batch_size": 10, "query_size": 100, "seed_size": 100, "model": "LeNet", "stopping_criterion": "query_number", "stopping_criterion_value": 900, "dataset_name": "mnist", "metric_values": {"train_loss": [0.05108047015964985, 0.020114143658429385, 0.011774138128384948, 0.007837474934058264, 0.006185915376991033, 0.005479607907667135, 0.005305638856121472, 0.004365265244268812, 0.003781682865357854, 0.003044327300740406], "train_acc": [1.0, 1.0, 1.0, 1.0, 1.0, 1.0, 1.0, 1.0, 1.0, 1.0], "val_loss": [0.9339252208794157, 0.5939845357105756, 0.49140807875742515, 0.4657654415125338, 0.4209018352678201, 0.3747563133549799, 0.35479001023457385, 0.3323296306794509, 0.3172148497599604, 0.2930929565734793], "val_acc": [0.7201666666666667, 0.8245000000000001, 0.8630000000000001, 0.8725, 0.8851666666666665, 0.8995000000000001, 0.9051666666666666, 0.9143333333333333, 0.9190000000000002, 0.9261666666666667], "instance_queries": [0, 100, 100, 100, 100, 100, 100, 100, 100, 100]}}