{"num_epochs": 20, "scenario": "PoolBaseSamplingScenario", "strategy": "margin_sampling", "batch_size": 10, "query_size": 100, "seed_size": 100, "model": "LeNet", "stopping_criterion": "query_number", "stopping_criterion_value": 900, "dataset_name": "mnist", "metric_values": {"train_loss": [0.05798632986843586, 0.02440242520533502, 0.01331131737679243, 0.009140424412908032, 0.007118802615441382, 0.005707266808409865, 0.004718794617136674, 0.003721268584195059, 0.0034519072780514965, 0.003315539881004952], "train_acc": [1.0, 1.0, 1.0, 1.0, 1.0, 1.0, 1.0, 1.0, 1.0, 1.0], "val_loss": [0.8600025566170613, 0.618290641225564, 0.49764037642317516, 0.46160859941504895, 0.4282252708725476, 0.3739392243300487, 0.3515533558969037, 0.3392504517641889, 0.3398911915824283, 0.3294389423082854], "val_acc": [0.735, 0.8148333333333334, 0.8546666666666666, 0.8708333333333333, 0.8856666666666668, 0.8993333333333335, 0.907, 0.9113333333333332, 0.9125, 0.9179999999999999], "instance_queries": [0, 100, 100, 100, 100, 100, 100, 100, 100, 100]}}