{"num_epochs": 20, "scenario": "PoolBaseSamplingScenario", "strategy": "margin_sampling", "batch_size": 10, "query_size": 100, "seed_size": 100, "model": "LeNet", "stopping_criterion": "query_number", "stopping_criterion_value": 900, "dataset_name": "mnist", "metric_values": {"train_loss": [0.04512194525450468, 0.022855601366609336, 0.013951680203899742, 0.010493214131565764, 0.008371364418417215, 0.006747186284822722, 0.004944153038585293, 0.004346164976595901, 0.003413415045037659, 0.0029913372232113033], "train_acc": [1.0, 1.0, 1.0, 1.0, 1.0, 1.0, 1.0, 1.0, 1.0, 1.0], "val_loss": [0.9100129609430829, 0.5920905375744526, 0.5412210927267248, 0.4800147893213822, 0.46598324785164247, 0.4265391566932279, 0.41547419552962916, 0.37763125727903873, 0.36969088736960354, 0.3454632927728138], "val_acc": [0.7233333333333334, 0.8180000000000001, 0.8414999999999999, 0.8678333333333335, 0.8815000000000002, 0.8911666666666668, 0.8963333333333332, 0.9039999999999999, 0.9065000000000002, 0.9135000000000001], "instance_queries": [0, 100, 100, 100, 100, 100, 100, 100, 100, 100]}}