{"num_epochs": 20, "scenario": "PoolBaseSamplingScenario", "strategy": "margin_sampling", "batch_size": 10, "query_size": 100, "seed_size": 100, "model": "LeNet", "stopping_criterion": "query_number", "stopping_criterion_value": 900, "dataset_name": "mnist", "metric_values": {"train_loss": [0.05305955968797207, 0.021666080178692936, 0.012566747236996889, 0.008252114069182425, 0.006557562067173422, 0.00593260155680279, 0.0045842811282325, 0.003688901373971021, 0.0030528829044972855, 0.0026196426141541452], "train_acc": [1.0, 1.0, 1.0, 1.0, 1.0, 1.0, 1.0, 1.0, 1.0, 1.0], "val_loss": [0.8786755505328377, 0.5489035239225875, 0.5507314870863532, 0.48838935367025743, 0.4270762143965112, 0.3901422746683238, 0.3747258472910229, 0.3635131538113152, 0.3558684483638111, 0.35451189273177686], "val_acc": [0.7298333333333333, 0.8341666666666666, 0.8498333333333333, 0.8698333333333335, 0.8856666666666668, 0.8953333333333334, 0.9029999999999999, 0.9075, 0.9093333333333333, 0.9116666666666666], "instance_queries": [0, 100, 100, 100, 100, 100, 100, 100, 100, 100]}}