{"num_epochs": 20, "scenario": "PoolBaseSamplingScenario", "strategy": "margin_sampling", "batch_size": 10, "query_size": 100, "seed_size": 100, "model": "LeNet", "stopping_criterion": "query_number", "stopping_criterion_value": 900, "dataset_name": "mnist", "metric_values": {"train_loss": [0.05581142157316208, 0.02210539849475026, 0.01206219003846248, 0.00890716863796115, 0.006540886966977268, 0.005981022224295885, 0.006047008284700236, 0.004950294565060176, 0.004563975753262639, 0.0035903446923475713], "train_acc": [1.0, 1.0, 1.0, 1.0, 1.0, 1.0, 1.0, 1.0, 1.0, 1.0], "val_loss": [0.8654940381211539, 0.6054969225730747, 0.5137750643778903, 0.4163671992571714, 0.38964278769349525, 0.36582106177869717, 0.3581078933183259, 0.3588515130081214, 0.33214382405402526, 0.29908735623476485], "val_acc": [0.7338333333333333, 0.8193333333333334, 0.8510000000000001, 0.8858333333333334, 0.894, 0.9035000000000001, 0.9058333333333334, 0.9058333333333334, 0.9126666666666667, 0.9188333333333333], "instance_queries": [0, 100, 100, 100, 100, 100, 100, 100, 100, 100]}}