{"num_epochs": 20, "scenario": "PoolBaseSamplingScenario", "strategy": "margin_sampling", "batch_size": 10, "query_size": 100, "seed_size": 100, "model": "LeNet", "stopping_criterion": "query_number", "stopping_criterion_value": 900, "dataset_name": "mnist", "metric_values": {"train_loss": [0.057541409879922865, 0.02915643728338182, 0.016795181048413117, 0.011771374510135501, 0.00909020211547613, 0.0071383127205384275, 0.005499186814163944, 0.004516442789463326, 0.004136218098250942, 0.0033939202909823506], "train_acc": [1.0, 1.0, 1.0, 1.0, 1.0, 1.0, 1.0, 1.0, 1.0, 1.0], "val_loss": [0.9374713246213893, 0.5726320802684253, 0.4813823056477122, 0.44617273086526743, 0.4033945345548758, 0.37453365489821105, 0.37517956011133113, 0.3491209356863207, 0.3265312499202264, 0.3166143916189321], "val_acc": [0.7136666666666668, 0.8261666666666667, 0.8640000000000001, 0.8806666666666668, 0.8943333333333335, 0.9045000000000001, 0.9041666666666669, 0.9106666666666666, 0.9186666666666667, 0.9221666666666668], "instance_queries": [0, 100, 100, 100, 100, 100, 100, 100, 100, 100]}}