{"num_epochs": 20, "scenario": "PoolBaseSamplingScenario", "strategy": "margin_sampling", "batch_size": 10, "query_size": 100, "seed_size": 100, "model": "LeNet", "stopping_criterion": "query_number", "stopping_criterion_value": 900, "dataset_name": "mnist", "metric_values": {"train_loss": [0.05622908100485802, 0.01999353989958763, 0.010835520659262935, 0.007356253283796832, 0.006044666296802461, 0.005217634799191728, 0.004313000410495858, 0.003881383877887856, 0.0033747195686575854, 0.003043471495620906], "train_acc": [1.0, 1.0, 1.0, 1.0, 1.0, 1.0, 1.0, 1.0, 1.0, 1.0], "val_loss": [0.8679314912234743, 0.581245966469869, 0.5219983583541277, 0.43394726196847233, 0.39858612352419487, 0.374819934683037, 0.3481557930342387, 0.3245721772498412, 0.31011576399740687, 0.30443203195745205], "val_acc": [0.7351666666666667, 0.8293333333333334, 0.8575, 0.8820000000000001, 0.8923333333333335, 0.9038333333333335, 0.912, 0.9166666666666666, 0.9218333333333334, 0.9218333333333334], "instance_queries": [0, 100, 100, 100, 100, 100, 100, 100, 100, 100]}}