{"num_epochs": 20, "scenario": "PoolBaseSamplingScenario", "strategy": "margin_sampling", "batch_size": 10, "query_size": 100, "seed_size": 100, "model": "LeNet", "stopping_criterion": "query_number", "stopping_criterion_value": 900, "dataset_name": "mnist", "metric_values": {"train_loss": [0.052801260352134706, 0.020690041547641157, 0.012051912443712353, 0.009199462697142734, 0.0070781262870877985, 0.006223318407622477, 0.005016829732007214, 0.004178951372159645, 0.0037033674139012067, 0.0031646141840610655], "train_acc": [1.0, 1.0, 1.0, 1.0, 1.0, 1.0, 1.0, 1.0, 1.0, 1.0], "val_loss": [0.9007582746942838, 0.5997105263390888, 0.4898302199241395, 0.46774161293559396, 0.4353306484625985, 0.41856229605463646, 0.3977970350327087, 0.3872331242011084, 0.36460350191016916, 0.36834931084051886], "val_acc": [0.7246666666666666, 0.8145, 0.8581666666666669, 0.8701666666666668, 0.8835000000000002, 0.8866666666666667, 0.8981666666666668, 0.9048333333333335, 0.9073333333333334, 0.9096666666666666], "instance_queries": [0, 100, 100, 100, 100, 100, 100, 100, 100, 100]}}