{"num_epochs": 20, "scenario": "PoolBaseSamplingScenario", "strategy": "margin_sampling", "batch_size": 10, "query_size": 100, "seed_size": 100, "model": "LeNet", "stopping_criterion": "query_number", "stopping_criterion_value": 900, "dataset_name": "mnist", "metric_values": {"train_loss": [0.055206310003995895, 0.024237156892195345, 0.01364907876898845, 0.009200531314127148, 0.006744028623215854, 0.0048798475239891555, 0.004119609419389495, 0.0034350731410086157, 0.003354011679119948, 0.003200168242910877], "train_acc": [1.0, 1.0, 1.0, 1.0, 1.0, 1.0, 1.0, 1.0, 1.0, 1.0], "val_loss": [0.9438420407970747, 0.5546712238155306, 0.4309386107403164, 0.3918248943247212, 0.3848034983539643, 0.3644085819958127, 0.3772158166841837, 0.38357978536611576, 0.36753873333431936, 0.34938083419799415], "val_acc": [0.7121666666666666, 0.835, 0.8745, 0.8881666666666667, 0.8891666666666667, 0.9011666666666668, 0.8986666666666667, 0.9026666666666668, 0.9081666666666668, 0.915], "instance_queries": [0, 100, 100, 100, 100, 100, 100, 100, 100, 100]}}