{"num_epochs": 20, "scenario": "PoolBaseSamplingScenario", "strategy": "margin_sampling", "batch_size": 10, "query_size": 100, "seed_size": 100, "model": "LeNet", "stopping_criterion": "query_number", "stopping_criterion_value": 900, "dataset_name": "mnist", "metric_values": {"train_loss": [0.04738787338137627, 0.022268138453364374, 0.012966429876784483, 0.009225361968856306, 0.007353512011468411, 0.005703909489481399, 0.004486946072263111, 0.0037068323079438416, 0.0031374922921208457, 0.0026217953345621936], "train_acc": [1.0, 1.0, 1.0, 1.0, 1.0, 1.0, 1.0, 1.0, 1.0, 1.0], "val_loss": [0.8740955798265835, 0.5967849214747548, 0.4900819739094004, 0.483601157675342, 0.40461534128543764, 0.3898061738840382, 0.37098172183459005, 0.37126320072896, 0.3541442078571708, 0.3576741537358127], "val_acc": [0.7303333333333333, 0.8195000000000001, 0.861, 0.8729999999999999, 0.8921666666666666, 0.8979999999999999, 0.9038333333333333, 0.9091666666666669, 0.9110000000000003, 0.9128333333333334], "instance_queries": [0, 100, 100, 100, 100, 100, 100, 100, 100, 100]}}