{"num_epochs": 20, "scenario": "PoolBaseSamplingScenario", "strategy": "margin_sampling", "batch_size": 10, "query_size": 100, "seed_size": 100, "model": "LeNet", "stopping_criterion": "query_number", "stopping_criterion_value": 900, "dataset_name": "mnist", "metric_values": {"train_loss": [0.0529372800141573, 0.021103798085823654, 0.011977021163329483, 0.008856529946206138, 0.0064254445396363736, 0.005165592662524432, 0.004104965852041329, 0.003548231581953587, 0.0031644776987377553, 0.0026987757452297955], "train_acc": [1.0, 1.0, 1.0, 1.0, 1.0, 1.0, 1.0, 1.0, 1.0, 1.0], "val_loss": [0.904577512871474, 0.5806863454232614, 0.4953056087523388, 0.42198950487499437, 0.3843556972798736, 0.3687721227798223, 0.3434733705218726, 0.3289744259845854, 0.3330235755413499, 0.331105609407338], "val_acc": [0.7245, 0.8251666666666667, 0.8543333333333334, 0.8805000000000001, 0.8955, 0.9031666666666668, 0.9073333333333334, 0.9148333333333335, 0.9165, 0.9181666666666666], "instance_queries": [0, 100, 100, 100, 100, 100, 100, 100, 100, 100]}}