{"num_epochs": 20, "scenario": "PoolBaseSamplingScenario", "strategy": "margin_sampling", "batch_size": 10, "query_size": 100, "seed_size": 100, "model": "LeNet", "stopping_criterion": "query_number", "stopping_criterion_value": 900, "dataset_name": "mnist", "metric_values": {"train_loss": [0.04966787770390511, 0.027397172665223478, 0.016292864363640545, 0.011919963813852519, 0.008513374426402152, 0.006512252734197924, 0.005107138886316014, 0.004414480153354816, 0.0037649650159033224, 0.003200581178534776], "train_acc": [1.0, 1.0, 1.0, 1.0, 1.0, 1.0, 1.0, 1.0, 1.0, 1.0], "val_loss": [0.8440537536144257, 0.6255706232987965, 0.49958904733415693, 0.44144785022363064, 0.42656129712917995, 0.4079724190818767, 0.3898971714960256, 0.3633469625422731, 0.3425102723047409, 0.3336768568550663], "val_acc": [0.7356666666666666, 0.8163333333333334, 0.8546666666666668, 0.8776666666666667, 0.8865000000000002, 0.8936666666666667, 0.8988333333333333, 0.9086666666666665, 0.912, 0.9161666666666668], "instance_queries": [0, 100, 100, 100, 100, 100, 100, 100, 100, 100]}}