{"num_epochs": 20, "scenario": "PoolBaseSamplingScenario", "strategy": "margin_sampling", "batch_size": 10, "query_size": 100, "seed_size": 100, "model": "LeNet", "stopping_criterion": "query_number", "stopping_criterion_value": 900, "dataset_name": "mnist", "metric_values": {"train_loss": [0.048253369703888896, 0.017535719787701964, 0.009645325628419717, 0.006393804831895977, 0.005091614616103471, 0.004704761252893755, 0.0037981551597892705, 0.0034034934149531184, 0.00305090686888434, 0.002734764616470784], "train_acc": [1.0, 1.0, 1.0, 1.0, 1.0, 1.0, 1.0, 1.0, 1.0, 1.0], "val_loss": [0.8913599628830949, 0.5691785314974065, 0.4891382093246405, 0.4427263260267985, 0.4110466108440111, 0.3882644735959669, 0.3876362228343108, 0.3531754781701602, 0.3240936815935614, 0.3342711612999847], "val_acc": [0.73, 0.8286666666666668, 0.8608333333333333, 0.8803333333333334, 0.891, 0.9006666666666668, 0.9013333333333334, 0.9088333333333335, 0.9173333333333334, 0.9171666666666666], "instance_queries": [0, 100, 100, 100, 100, 100, 100, 100, 100, 100]}}