{"num_epochs": 20, "scenario": "PoolBaseSamplingScenario", "strategy": "least_confidence", "batch_size": 10, "query_size": 100, "seed_size": 100, "model": "LeNet", "stopping_criterion": "query_number", "stopping_criterion_value": 900, "dataset_name": "cifar10", "metric_values": {"train_loss": [0.41652540266513827, 0.3460889749228954, 0.4459032287200292, 0.3740782592445612, 0.43085131764411927, 0.4441374296943347, 0.46116346738168174, 0.4617561997845769, 0.435186182293627, 0.3547879983484745], "train_acc": [0.9400000000000001, 0.945, 0.9499999999999997, 0.9425000000000001, 0.9199999999999998, 0.9066666666666666, 0.9042857142857142, 0.9024999999999999, 0.9122222222222223, 0.9370000000000002], "val_loss": [2.7506673731803892, 2.5346350071430206, 2.4623134999275207, 2.535028214931488, 2.4391432131528856, 2.427469300866127, 2.3486765332221986, 2.3327204205989838, 2.32160051214695, 2.3636548520326612], "val_acc": [0.22460000000000002, 0.2672, 0.2786, 0.3004, 0.314, 0.32880000000000004, 0.3448, 0.3502, 0.342, 0.35359999999999997], "instance_queries": [0, 100, 100, 100, 100, 100, 100, 100, 100, 100]}}