{"num_epochs": 20, "scenario": "PoolBaseSamplingScenario", "strategy": "least_confidence", "batch_size": 10, "query_size": 100, "seed_size": 100, "model": "LeNet", "stopping_criterion": "query_number", "stopping_criterion_value": 900, "dataset_name": "cifar10", "metric_values": {"train_loss": [0.35927809178829195, 0.42003272026777266, 0.5040740132331848, 0.4325751803815365, 0.46834929287433624, 0.5300575479865074, 0.4185541495680809, 0.453890129737556, 0.44467365990082425, 0.45476522520184515], "train_acc": [0.96, 0.9199999999999999, 0.89, 0.9125, 0.9, 0.8666666666666667, 0.9128571428571429, 0.8850000000000001, 0.9011111111111112, 0.8790000000000002], "val_loss": [2.6673448040485384, 2.597645226240158, 2.5236253514289855, 2.4402065346240995, 2.420196473836899, 2.306621108174324, 2.3884951560497285, 2.404240585565567, 2.399443709850311, 2.390321819424629], "val_acc": [0.228, 0.27059999999999995, 0.28020000000000006, 0.30939999999999995, 0.31639999999999996, 0.3314, 0.3362, 0.33859999999999996, 0.33039999999999997, 0.34220000000000006], "instance_queries": [0, 100, 100, 100, 100, 100, 100, 100, 100, 100]}}