{"num_epochs": 20, "scenario": "PoolBaseSamplingScenario", "strategy": "least_confidence", "batch_size": 10, "query_size": 100, "seed_size": 100, "model": "LeNet", "stopping_criterion": "query_number", "stopping_criterion_value": 900, "dataset_name": "cifar10", "metric_values": {"train_loss": [0.3439960449934006, 0.2176472194492817, 0.29095583309729894, 0.4258151691406965, 0.44794845521450044, 0.4920285214980443, 0.49912717917135785, 0.49963565077632666, 0.4453584649496608, 0.4023941744863987], "train_acc": [0.96, 0.9949999999999999, 0.9633333333333333, 0.9, 0.914, 0.8949999999999999, 0.887142857142857, 0.8775000000000001, 0.9033333333333334, 0.9180000000000003], "val_loss": [2.851661404371262, 2.812230092048645, 2.9028352022171022, 2.581001091003418, 2.545980930328369, 2.5245617265701292, 2.459222812533379, 2.4331557315588, 2.465205658555031, 2.4353663897514344], "val_acc": [0.22600000000000003, 0.264, 0.2628000000000001, 0.2866, 0.30260000000000004, 0.30419999999999997, 0.313, 0.32, 0.3236, 0.33920000000000006], "instance_queries": [0, 100, 100, 100, 100, 100, 100, 100, 100, 100]}}