{"num_epochs": 20, "scenario": "PoolBaseSamplingScenario", "strategy": "least_confidence", "batch_size": 10, "query_size": 100, "seed_size": 100, "model": "LeNet", "stopping_criterion": "query_number", "stopping_criterion_value": 900, "dataset_name": "cifar10", "metric_values": {"train_loss": [0.35029505640268327, 0.32093607932329177, 0.4109585041801135, 0.44727900847792623, 0.4674190878868103, 0.4581726079185804, 0.4958155857665198, 0.4179643323644996, 0.41344908409648473, 0.36111113615334034], "train_acc": [0.96, 0.97, 0.9366666666666664, 0.9199999999999999, 0.8959999999999999, 0.8900000000000001, 0.8828571428571429, 0.9100000000000001, 0.9066666666666666, 0.9180000000000003], "val_loss": [2.755975928068161, 2.6272248694896696, 2.542341398715973, 2.371870822429657, 2.362014728784561, 2.413964636921883, 2.3337146401405335, 2.32264864718914, 2.3264107335805893, 2.3667282729148864], "val_acc": [0.23460000000000003, 0.25060000000000004, 0.27820000000000006, 0.31939999999999996, 0.32739999999999997, 0.3228, 0.3262, 0.34320000000000006, 0.3434, 0.3468], "instance_queries": [0, 100, 100, 100, 100, 100, 100, 100, 100, 100]}}