{"num_epochs": 20, "scenario": "PoolBaseSamplingScenario", "strategy": "least_confidence", "batch_size": 10, "query_size": 100, "seed_size": 100, "model": "LeNet", "stopping_criterion": "query_number", "stopping_criterion_value": 900, "dataset_name": "cifar10", "metric_values": {"train_loss": [0.2994331866502762, 0.4200607366859913, 0.4833741048971812, 0.4918976865708828, 0.4242750135064125, 0.4328879068295161, 0.4924850223319871, 0.4327584462240338, 0.36049808710813525, 0.34390725642442704], "train_acc": [0.96, 0.9199999999999999, 0.9133333333333333, 0.8975, 0.93, 0.9149999999999998, 0.8785714285714283, 0.8975000000000002, 0.9366666666666668, 0.929], "val_loss": [2.9113997349739074, 2.7892903633117676, 2.5970711743831636, 2.4986553676128387, 2.4482072715759275, 2.4241530067920687, 2.368779899358749, 2.328583812355995, 2.366395251393318, 2.3742889516353607], "val_acc": [0.22240000000000001, 0.23260000000000006, 0.26239999999999997, 0.2736, 0.3114, 0.3232, 0.3276, 0.3382, 0.3614, 0.35340000000000005], "instance_queries": [0, 100, 100, 100, 100, 100, 100, 100, 100, 100]}}