{"num_epochs": 20, "scenario": "PoolBaseSamplingScenario", "strategy": "least_confidence", "batch_size": 10, "query_size": 100, "seed_size": 100, "model": "LeNet", "stopping_criterion": "query_number", "stopping_criterion_value": 900, "dataset_name": "cifar10", "metric_values": {"train_loss": [0.3379759073257446, 0.2925774160772562, 0.48657154738903047, 0.43551215417683126, 0.5782559508085251, 0.5912979677319526, 0.5732633690748896, 0.5569767331704497, 0.5187804078062376, 0.5139129553735257], "train_acc": [0.9700000000000001, 0.97, 0.9066666666666665, 0.9225000000000001, 0.85, 0.8600000000000001, 0.8285714285714285, 0.8612500000000001, 0.868888888888889, 0.8640000000000002], "val_loss": [2.7153663938045502, 2.726412537574768, 2.5227052676677704, 2.5249623973369597, 2.4422742393016814, 2.3702845817804334, 2.343008439660072, 2.407216512918472, 2.382423542022705, 2.361009929418564], "val_acc": [0.2398, 0.2746, 0.28520000000000006, 0.2981999999999999, 0.308, 0.3216, 0.32580000000000003, 0.329, 0.32720000000000005, 0.3422], "instance_queries": [0, 100, 100, 100, 100, 100, 100, 100, 100, 100]}}