{"num_epochs": 20, "scenario": "PoolBaseSamplingScenario", "strategy": "least_confidence", "batch_size": 10, "query_size": 100, "seed_size": 100, "model": "LeNet", "stopping_criterion": "query_number", "stopping_criterion_value": 900, "dataset_name": "cifar10", "metric_values": {"train_loss": [0.3275649666786194, 0.2515212118625641, 0.32562188307444256, 0.3538548544049263, 0.39169174924492833, 0.36828042243917786, 0.33683614390236993, 0.37121174968779086, 0.3383126657870081, 0.39660067528486254], "train_acc": [0.95, 0.985, 0.9699999999999999, 0.9524999999999999, 0.9239999999999999, 0.9333333333333332, 0.9414285714285715, 0.9212500000000002, 0.9311111111111112, 0.9110000000000003], "val_loss": [2.8302875986099245, 2.768263089179993, 2.591784704685211, 2.5967788808345795, 2.500636585831642, 2.4602184315919877, 2.51152221930027, 2.5391622684001924, 2.4828520703315733, 2.4814651700258255], "val_acc": [0.23060000000000003, 0.26959999999999995, 0.2776, 0.27459999999999996, 0.29779999999999995, 0.29660000000000003, 0.3128, 0.3196, 0.32839999999999997, 0.3346], "instance_queries": [0, 100, 100, 100, 100, 100, 100, 100, 100, 100]}}