{"num_epochs": 20, "scenario": "PoolBaseSamplingScenario", "strategy": "least_confidence", "batch_size": 10, "query_size": 100, "seed_size": 100, "model": "LeNet", "stopping_criterion": "query_number", "stopping_criterion_value": 900, "dataset_name": "cifar10", "metric_values": {"train_loss": [0.44713094234466555, 0.3684356316924095, 0.32871047407388687, 0.4325338490307331, 0.4371813639998436, 0.41621209010481836, 0.3538364459361349, 0.38849558476358653, 0.33501125251253444, 0.3844170959293842], "train_acc": [0.9099999999999999, 0.96, 0.9599999999999999, 0.9375, 0.9179999999999999, 0.9216666666666666, 0.92, 0.9137500000000001, 0.9322222222222224, 0.9150000000000001], "val_loss": [2.682522386074066, 2.5795189604759217, 2.667817485332489, 2.505797208070755, 2.3644847792387007, 2.321631195306778, 2.3534728701114656, 2.2796765122413634, 2.3653183680772782, 2.3100069683790205], "val_acc": [0.22360000000000002, 0.2382, 0.2556, 0.29359999999999997, 0.2984, 0.31160000000000004, 0.33620000000000005, 0.344, 0.3472, 0.3382], "instance_queries": [0, 100, 100, 100, 100, 100, 100, 100, 100, 100]}}