{"num_epochs": 20, "scenario": "PoolBaseSamplingScenario", "strategy": "least_confidence", "batch_size": 10, "query_size": 100, "seed_size": 100, "model": "LeNet", "stopping_criterion": "query_number", "stopping_criterion_value": 900, "dataset_name": "cifar10", "metric_values": {"train_loss": [0.40148953795433046, 0.3898243919014931, 0.41729894032080966, 0.5069145485758781, 0.5717173361778259, 0.60251577993234, 0.6455446077244622, 0.6181932855397463, 0.5206629287865426, 0.5211806862056255], "train_acc": [0.93, 0.9399999999999998, 0.9333333333333331, 0.885, 0.8539999999999999, 0.8533333333333333, 0.8300000000000001, 0.8425, 0.8855555555555558, 0.8730000000000002], "val_loss": [2.785350820302963, 2.777043065428734, 2.6642140288352967, 2.5021748700141906, 2.3973413771390915, 2.368461888074875, 2.3219850850105286, 2.3029743378162384, 2.259419121384621, 2.2949048713445666], "val_acc": [0.2212, 0.243, 0.2602, 0.28440000000000004, 0.2954, 0.3094, 0.30519999999999997, 0.3162, 0.3354, 0.337], "instance_queries": [0, 100, 100, 100, 100, 100, 100, 100, 100, 100]}}