{"num_epochs": 20, "scenario": "PoolBaseSamplingScenario", "strategy": "least_confidence", "batch_size": 10, "query_size": 100, "seed_size": 100, "model": "LeNet", "stopping_criterion": "query_number", "stopping_criterion_value": 900, "dataset_name": "cifar10", "metric_values": {"train_loss": [0.40392318814992906, 0.40443008244037626, 0.329874990383784, 0.42691210135817526, 0.3211002865433693, 0.3752267062664032, 0.3754823218498911, 0.40718730110675094, 0.39171376037928796, 0.4269390657544136], "train_acc": [0.93, 0.95, 0.9633333333333332, 0.9100000000000001, 0.958, 0.9233333333333333, 0.9314285714285715, 0.915, 0.9188888888888889, 0.8970000000000004], "val_loss": [2.7293689308166504, 2.631311594605446, 2.615389091849327, 2.5315756266117098, 2.5801676499843595, 2.5249009482860565, 2.4396528627872467, 2.434917136192322, 2.4270543323755263, 2.30198217356205], "val_acc": [0.219, 0.24880000000000002, 0.25739999999999996, 0.2736, 0.2884, 0.30360000000000004, 0.32839999999999997, 0.317, 0.3352, 0.34379999999999994], "instance_queries": [0, 100, 100, 100, 100, 100, 100, 100, 100, 100]}}