{"num_epochs": 20, "scenario": "PoolBaseSamplingScenario", "strategy": "least_confidence", "batch_size": 10, "query_size": 100, "seed_size": 100, "model": "LeNet", "stopping_criterion": "query_number", "stopping_criterion_value": 900, "dataset_name": "cifar10", "metric_values": {"train_loss": [0.30721254646778107, 0.4554003864526749, 0.4905885567267736, 0.6421215102076531, 0.5284221518039703, 0.5294762792686621, 0.4624705733997481, 0.45061025228351353, 0.3639698031875822, 0.3726407764852047], "train_acc": [0.99, 0.93, 0.8866666666666664, 0.8425, 0.868, 0.865, 0.8885714285714285, 0.8975000000000002, 0.9300000000000002, 0.9200000000000002], "val_loss": [2.787591618537903, 2.6021744468212127, 2.505569151163101, 2.4033765375614164, 2.4002350450754166, 2.4857507342100145, 2.426931914806366, 2.4085329444408416, 2.4158157641887663, 2.474463955640793], "val_acc": [0.22240000000000004, 0.25780000000000003, 0.273, 0.285, 0.30939999999999995, 0.30820000000000003, 0.3232, 0.326, 0.3468, 0.34179999999999994], "instance_queries": [0, 100, 100, 100, 100, 100, 100, 100, 100, 100]}}