{"num_epochs": 20, "scenario": "PoolBaseSamplingScenario", "strategy": "least_confidence", "batch_size": 10, "query_size": 100, "seed_size": 100, "model": "LeNet", "stopping_criterion": "query_number", "stopping_criterion_value": 900, "dataset_name": "cifar10", "metric_values": {"train_loss": [0.2706848233938217, 0.3406401053071022, 0.36237028787533443, 0.36475265622138975, 0.3560722014307976, 0.3436163963129123, 0.33993154082979476, 0.30416644932702186, 0.29047804449995357, 0.32225120849907396], "train_acc": [0.9800000000000001, 0.9549999999999997, 0.9233333333333333, 0.9275, 0.938, 0.9349999999999999, 0.9342857142857144, 0.94625, 0.9511111111111112, 0.943], "val_loss": [2.9058885235786436, 2.685098224401474, 2.6196474714279177, 2.575433024644852, 2.5648432116508486, 2.55980958378315, 2.452955366849899, 2.4750829852819445, 2.4265246551036834, 2.3869145702123644], "val_acc": [0.229, 0.25160000000000005, 0.2756, 0.3014, 0.305, 0.307, 0.318, 0.33820000000000006, 0.349, 0.34620000000000006], "instance_queries": [0, 100, 100, 100, 100, 100, 100, 100, 100, 100]}}