{"num_epochs": 20, "scenario": "PoolBaseSamplingScenario", "strategy": "least_confidence", "batch_size": 10, "query_size": 100, "seed_size": 100, "model": "LeNet", "stopping_criterion": "query_number", "stopping_criterion_value": 900, "dataset_name": "cifar10", "metric_values": {"train_loss": [0.3134317442774773, 0.30582461729645727, 0.2927381868163745, 0.33225044533610343, 0.3413752342760563, 0.4142272618909677, 0.4345751606992313, 0.38046040274202825, 0.36710389422045814, 0.37154638290405273], "train_acc": [0.99, 0.9549999999999998, 0.9566666666666666, 0.9525, 0.954, 0.9033333333333334, 0.8957142857142856, 0.9287500000000002, 0.9233333333333332, 0.9270000000000002], "val_loss": [2.810893535375595, 2.74111914396286, 2.633716228723526, 2.5718846259117125, 2.561715945124626, 2.4636422727108003, 2.5006842271089553, 2.508996822834015, 2.507064049601555, 2.4682423961162567], "val_acc": [0.2202, 0.261, 0.2788, 0.2884, 0.2932, 0.31860000000000005, 0.3098, 0.324, 0.32439999999999997, 0.3318], "instance_queries": [0, 100, 100, 100, 100, 100, 100, 100, 100, 100]}}