{"num_epochs": 20, "scenario": "PoolBaseSamplingScenario", "strategy": "least_confidence", "batch_size": 10, "query_size": 100, "seed_size": 100, "model": "LeNet", "stopping_criterion": "query_number", "stopping_criterion_value": 900, "dataset_name": "cifar10", "metric_values": {"train_loss": [0.325829966366291, 0.24231564924120902, 0.3536905770500501, 0.45584021843969824, 0.3840033310651779, 0.3951009420057138, 0.43336310258933475, 0.4896399756893516, 0.43780857589509753, 0.46111742183566096], "train_acc": [0.9700000000000001, 0.985, 0.9633333333333333, 0.8875, 0.9179999999999999, 0.9266666666666665, 0.8957142857142857, 0.8699999999999999, 0.8933333333333334, 0.8890000000000002], "val_loss": [2.770551852464676, 2.777312070608139, 2.6665366652011873, 2.5875641915798187, 2.522378483057022, 2.434715163588524, 2.4137870930433274, 2.3435578635931016, 2.3167555977106096, 2.321119129061699], "val_acc": [0.23220000000000002, 0.26979999999999993, 0.28459999999999996, 0.28840000000000005, 0.3014, 0.33119999999999994, 0.317, 0.3372, 0.3518, 0.34520000000000006], "instance_queries": [0, 100, 100, 100, 100, 100, 100, 100, 100, 100]}}