{"num_epochs": 20, "scenario": "PoolBaseSamplingScenario", "strategy": "least_confidence", "batch_size": 10, "query_size": 100, "seed_size": 100, "model": "LeNet", "stopping_criterion": "query_number", "stopping_criterion_value": 900, "dataset_name": "cifar10", "metric_values": {"train_loss": [0.31028507500886915, 0.4500832691788673, 0.4213920955856641, 0.645312511920929, 0.5705151385068894, 0.6596971248586972, 0.6620541985545839, 0.5753854993730784, 0.5701016190979216, 0.5021739862859249], "train_acc": [0.96, 0.925, 0.9166666666666664, 0.8300000000000001, 0.866, 0.8266666666666668, 0.8114285714285713, 0.8350000000000002, 0.8411111111111111, 0.8690000000000001], "val_loss": [2.737362371683121, 2.6088979632854463, 2.6026062602996825, 2.410470999002457, 2.4230724687576295, 2.3252997161149978, 2.279026291966438, 2.334232273578644, 2.3439207545518874, 2.4033034852743147], "val_acc": [0.22440000000000004, 0.247, 0.25560000000000005, 0.277, 0.27879999999999994, 0.315, 0.3216, 0.3294, 0.3278, 0.321], "instance_queries": [0, 100, 100, 100, 100, 100, 100, 100, 100, 100]}}