{"num_epochs": 20, "scenario": "PoolBaseSamplingScenario", "strategy": "least_confidence", "batch_size": 10, "query_size": 100, "seed_size": 100, "model": "LeNet", "stopping_criterion": "query_number", "stopping_criterion_value": 900, "dataset_name": "cifar10", "metric_values": {"train_loss": [0.41501682698726655, 0.36109313145279887, 0.39300305396318436, 0.4183762416243553, 0.42590476691722867, 0.3644861926635106, 0.39158159238951545, 0.4082812536507845, 0.3881459065609508, 0.38625047117471695], "train_acc": [0.93, 0.95, 0.9166666666666666, 0.9075, 0.92, 0.9433333333333334, 0.9128571428571427, 0.9150000000000003, 0.9133333333333336, 0.9120000000000001], "val_loss": [2.726086936712265, 2.6208207817077636, 2.589907993555069, 2.531193197965622, 2.439261097788811, 2.5284874128103256, 2.4544912003278734, 2.4767227213382723, 2.4639999216794966, 2.392701803088188], "val_acc": [0.23460000000000003, 0.26539999999999997, 0.2748, 0.29740000000000005, 0.3038, 0.31139999999999995, 0.3202, 0.3112, 0.3194, 0.346], "instance_queries": [0, 100, 100, 100, 100, 100, 100, 100, 100, 100]}}