{"num_epochs": 20, "scenario": "PoolBaseSamplingScenario", "strategy": "least_confidence", "batch_size": 10, "query_size": 100, "seed_size": 100, "model": "LeNet", "stopping_criterion": "query_number", "stopping_criterion_value": 900, "dataset_name": "cifar10", "metric_values": {"train_loss": [0.2433162212371826, 0.32083791829645636, 0.32279418408870697, 0.2900599520653486, 0.31075247704982756, 0.33757672434051833, 0.3424677129302706, 0.3179569633677602, 0.30923909404211575, 0.3625840526819229], "train_acc": [0.9800000000000001, 0.9649999999999999, 0.9566666666666667, 0.9675, 0.9519999999999998, 0.9433333333333332, 0.9428571428571428, 0.9512499999999999, 0.9433333333333334, 0.9280000000000003], "val_loss": [2.7817723519802096, 2.7256281942129137, 2.646709734082222, 2.570721739649773, 2.5212622861862184, 2.5312460038661957, 2.4351484628915787, 2.430479930281639, 2.47592168533802, 2.399560946702957], "val_acc": [0.2326, 0.2626, 0.269, 0.28120000000000006, 0.29940000000000005, 0.30839999999999995, 0.31760000000000005, 0.31859999999999994, 0.32139999999999996, 0.33179999999999993], "instance_queries": [0, 100, 100, 100, 100, 100, 100, 100, 100, 100]}}