{"num_epochs": 20, "scenario": "PoolBaseSamplingScenario", "strategy": "least_confidence", "batch_size": 10, "query_size": 100, "seed_size": 100, "model": "LeNet", "stopping_criterion": "query_number", "stopping_criterion_value": 900, "dataset_name": "cifar10", "metric_values": {"train_loss": [0.29757732450962066, 0.3374171547591686, 0.3840871473153432, 0.425210315734148, 0.4209648910164833, 0.44673221309979755, 0.4350691454751151, 0.40263245459645985, 0.343258328239123, 0.2982295123487711], "train_acc": [0.97, 0.9549999999999998, 0.9333333333333331, 0.9125, 0.9219999999999999, 0.9166666666666666, 0.8957142857142856, 0.91375, 0.9455555555555557, 0.9450000000000002], "val_loss": [2.8045026993751527, 2.6099538056850435, 2.6713016431331633, 2.6198022547960282, 2.497132233738899, 2.4086177177429198, 2.3579620666503907, 2.3867663905620575, 2.4173835484981536, 2.389757570505142], "val_acc": [0.23220000000000002, 0.2666, 0.268, 0.29240000000000005, 0.3108, 0.3176, 0.325, 0.3272, 0.334, 0.35579999999999995], "instance_queries": [0, 100, 100, 100, 100, 100, 100, 100, 100, 100]}}