{"num_epochs": 20, "scenario": "PoolBaseSamplingScenario", "strategy": "least_confidence", "batch_size": 10, "query_size": 100, "seed_size": 100, "model": "LeNet", "stopping_criterion": "query_number", "stopping_criterion_value": 900, "dataset_name": "cifar10", "metric_values": {"train_loss": [0.3177148014307022, 0.27266102358698846, 0.31321579217910767, 0.3272353526204824, 0.3226096138358116, 0.3451475702226162, 0.3438735608543668, 0.36518787695094945, 0.3352617583341069, 0.35417203478515147], "train_acc": [0.96, 0.97, 0.9566666666666666, 0.9475, 0.9560000000000001, 0.935, 0.9314285714285715, 0.9237500000000001, 0.9277777777777778, 0.9280000000000003], "val_loss": [2.8631681487560274, 2.8943470849990844, 2.705841898560524, 2.6115613186359408, 2.543132094860077, 2.486102021694183, 2.4218133425712587, 2.3582203385829925, 2.3923753893375395, 2.3643278204202653], "val_acc": [0.22119999999999998, 0.24640000000000004, 0.27079999999999993, 0.2948, 0.3054, 0.30639999999999995, 0.32939999999999997, 0.346, 0.3344, 0.35660000000000003], "instance_queries": [0, 100, 100, 100, 100, 100, 100, 100, 100, 100]}}