{"num_epochs": 20, "scenario": "PoolBaseSamplingScenario", "strategy": "least_confidence", "batch_size": 10, "query_size": 100, "seed_size": 100, "model": "LeNet", "stopping_criterion": "query_number", "stopping_criterion_value": 900, "dataset_name": "cifar10", "metric_values": {"train_loss": [0.2618529051542282, 0.23282079510390757, 0.2596363380551338, 0.345896952226758, 0.38690912127494814, 0.43664730836947757, 0.3592472106218338, 0.33354956209659575, 0.34729257259103985, 0.34872659139335155], "train_acc": [1.0, 0.99, 0.98, 0.9349999999999999, 0.9279999999999999, 0.9, 0.9442857142857144, 0.9400000000000001, 0.9355555555555557, 0.9220000000000002], "val_loss": [2.8596581318378447, 2.715181337118149, 2.7937456455230714, 2.6602257746458053, 2.5984774857759474, 2.4320686477422715, 2.527753039717674, 2.4637446904182436, 2.4281657975316047, 2.3940835279226302], "val_acc": [0.22960000000000003, 0.271, 0.269, 0.2866, 0.30460000000000004, 0.3176, 0.32120000000000004, 0.3416, 0.34879999999999994, 0.3432], "instance_queries": [0, 100, 100, 100, 100, 100, 100, 100, 100, 100]}}