{"num_epochs": 20, "scenario": "PoolBaseSamplingScenario", "strategy": "margin_sampling", "batch_size": 10, "query_size": 100, "seed_size": 100, "model": "VggNet", "stopping_criterion": "query_number", "stopping_criterion_value": 900, "dataset_name": "mnist", "metric_values": {"train_loss": [1.9234213948249816, 1.8488702058792115, 1.9617543935775756, 1.8795047223567962, 1.6492496013641358, 1.4316895296176275, 1.0294418113572257, 1.122996959090233, 1.3336586879359351, 1.0036183059215547], "train_acc": [0.28, 0.27, 0.3066666666666667, 0.25, 0.306, 0.41666666666666663, 0.5785714285714286, 0.56625, 0.4933333333333333, 0.5920000000000001], "val_loss": [1.9782906915744145, 1.9130340029795965, 1.9530546285708745, 1.8783560927708944, 1.6611389980713527, 1.3384544505675633, 1.1890184790889422, 1.0009839816391468, 1.0682896965493758, 0.8834177032858134], "val_acc": [0.22666666666666666, 0.24233333333333335, 0.25016666666666665, 0.23833333333333334, 0.2828333333333333, 0.44883333333333325, 0.4845000000000001, 0.5886666666666668, 0.6053333333333333, 0.6819999999999999], "instance_queries": [0, 100, 100, 100, 100, 100, 100, 100, 100, 100]}}