{"num_epochs": 20, "scenario": "PoolBaseSamplingScenario", "strategy": "margin_sampling", "batch_size": 10, "query_size": 100, "seed_size": 100, "model": "VggNet", "stopping_criterion": "query_number", "stopping_criterion_value": 900, "dataset_name": "mnist", "metric_values": {"train_loss": [1.6279011428356172, 1.6791024029254913, 1.7252236445744833, 1.9128972321748734, 1.6167121481895448, 1.5201923251152039, 1.3598878622055053, 2.051855170726776, 1.0293197804027134, 0.89726164072752], "train_acc": [0.37, 0.28, 0.26666666666666666, 0.18, 0.348, 0.3383333333333333, 0.43857142857142856, 0.18624999999999997, 0.6433333333333333, 0.661], "val_loss": [1.892943029999733, 1.632229529718558, 1.809286297361056, 1.8497684492667517, 1.5985989728569985, 1.4091772511601448, 1.2922973495721817, 1.9101127696037292, 0.7731539646784464, 0.7457420352722207], "val_acc": [0.31183333333333335, 0.3501666666666667, 0.22050000000000003, 0.19950000000000004, 0.34400000000000003, 0.32316666666666666, 0.44166666666666665, 0.2151666666666667, 0.7326666666666667, 0.7311666666666666], "instance_queries": [0, 100, 100, 100, 100, 100, 100, 100, 100, 100]}}