{"num_epochs": 20, "scenario": "PoolBaseSamplingScenario", "strategy": "margin_sampling", "batch_size": 10, "query_size": 100, "seed_size": 100, "model": "VggNet", "stopping_criterion": "query_number", "stopping_criterion_value": 900, "dataset_name": "mnist", "metric_values": {"train_loss": [1.5446145176887511, 1.5964403688907622, 2.011644105116526, 1.676286506652832, 1.5291602468490602, 1.473237693309784, 1.4873696020671299, 1.1289921917021275, 0.8420887251694997, 1.000238009095192], "train_acc": [0.35, 0.395, 0.16, 0.3075, 0.3460000000000001, 0.3433333333333334, 0.30571428571428577, 0.55375, 0.7333333333333332, 0.6519999999999999], "val_loss": [1.7457906927665074, 1.7197777105371157, 1.9180602180957793, 1.57206449230512, 2.0669157338142394, 1.2687505742907523, 1.3753467546900113, 1.1832116569081943, 0.5239731488997738, 1.071318941960732], "val_acc": [0.3, 0.3525, 0.2151666666666667, 0.28, 0.299, 0.48583333333333334, 0.38066666666666665, 0.5155, 0.8628333333333335, 0.6208333333333333], "instance_queries": [0, 100, 100, 100, 100, 100, 100, 100, 100, 100]}}