{"num_epochs": 20, "scenario": "PoolBaseSamplingScenario", "strategy": "margin_sampling", "batch_size": 10, "query_size": 100, "seed_size": 100, "model": "VggNet", "stopping_criterion": "query_number", "stopping_criterion_value": 900, "dataset_name": "mnist", "metric_values": {"train_loss": [1.592672622203827, 1.7816835522651673, 1.710673975944519, 1.5019914120435716, 1.4685862481594085, 1.3888609866301218, 1.4536962943417686, 1.5160390459001065, 0.7525531498922242, 0.9195176941156388], "train_acc": [0.35, 0.295, 0.35333333333333333, 0.4, 0.38800000000000007, 0.4416666666666666, 0.43857142857142856, 0.375, 0.7144444444444445, 0.586], "val_loss": [1.9489154364665349, 1.8544030106067657, 1.7765453207492827, 1.4873326390981674, 1.478875916302204, 1.3166953515013058, 1.542866358458996, 1.3511886654297511, 0.80423847929885, 1.0708179952700934], "val_acc": [0.2255, 0.30366666666666664, 0.30783333333333335, 0.4031666666666666, 0.3818333333333333, 0.4526666666666666, 0.3721666666666667, 0.4295, 0.7028333333333333, 0.5913333333333333], "instance_queries": [0, 100, 100, 100, 100, 100, 100, 100, 100, 100]}}