{"num_epochs": 20, "scenario": "PoolBaseSamplingScenario", "strategy": "margin_sampling", "batch_size": 10, "query_size": 100, "seed_size": 100, "model": "VggNet", "stopping_criterion": "query_number", "stopping_criterion_value": 900, "dataset_name": "mnist", "metric_values": {"train_loss": [1.912785494327545, 2.0898383796215056, 1.4172625879446665, 1.359182545542717, 1.5172210240364075, 1.12484459678332, 1.5747281840869358, 1.5532019153237342, 1.1648169888390436, 0.9255853202939034], "train_acc": [0.24, 0.20999999999999996, 0.44, 0.45999999999999996, 0.37, 0.5966666666666668, 0.32, 0.37, 0.5822222222222221, 0.65], "val_loss": [1.9835015139977137, 2.4130334464708962, 1.5461617410182953, 1.1305334048469862, 1.3763257138927778, 0.978295897146066, 1.4920243277152379, 1.2164729630947113, 1.1063851983845234, 0.7505462403595448], "val_acc": [0.18583333333333332, 0.11433333333333333, 0.42033333333333334, 0.5636666666666666, 0.3671666666666667, 0.6198333333333333, 0.3283333333333333, 0.4813333333333333, 0.6096666666666667, 0.6675], "instance_queries": [0, 100, 100, 100, 100, 100, 100, 100, 100, 100]}}