{"num_epochs": 20, "scenario": "PoolBaseSamplingScenario", "strategy": "margin_sampling", "batch_size": 10, "query_size": 100, "seed_size": 100, "model": "VggNet", "stopping_criterion": "query_number", "stopping_criterion_value": 900, "dataset_name": "mnist", "metric_values": {"train_loss": [1.6538519144058228, 2.0495485842227934, 1.8190197149912517, 2.0159875392913817, 1.9019295644760132, 1.5127540747324626, 1.6215889590127128, 0.9577923063188791, 0.9567787720097436, 0.7877087959647179], "train_acc": [0.38, 0.20999999999999996, 0.24999999999999994, 0.21000000000000002, 0.262, 0.3899999999999999, 0.33, 0.6137499999999999, 0.6122222222222222, 0.727], "val_loss": [1.6849971995751063, 2.3852265719572703, 1.68199380616347, 1.946332633694013, 1.7637656124432881, 1.3658268546064696, 1.4708856948216755, 0.8274046984066565, 0.8989459566275279, 0.646842285618186], "val_acc": [0.35033333333333333, 0.12666666666666668, 0.28733333333333333, 0.21566666666666667, 0.2743333333333334, 0.42350000000000004, 0.3566666666666667, 0.6831666666666666, 0.6478333333333333, 0.7603333333333333], "instance_queries": [0, 100, 100, 100, 100, 100, 100, 100, 100, 100]}}