{"num_epochs": 20, "scenario": "PoolBaseSamplingScenario", "strategy": "margin_sampling", "batch_size": 10, "query_size": 100, "seed_size": 100, "model": "VggNet", "stopping_criterion": "query_number", "stopping_criterion_value": 900, "dataset_name": "mnist", "metric_values": {"train_loss": [1.8232685565948485, 2.1493058621883394, 1.8944003423055014, 1.853959745168686, 1.4524987637996674, 1.4819302181402842, 1.5209773242473603, 1.3823088571429252, 1.3361398326026068, 1.6089676809310913], "train_acc": [0.31999999999999995, 0.205, 0.20666666666666667, 0.25250000000000006, 0.374, 0.35833333333333334, 0.3557142857142858, 0.4800000000000001, 0.45, 0.31800000000000006], "val_loss": [1.9126348465681076, 2.4098134926954904, 2.1998240661621096, 1.8285993681351345, 1.754203334649404, 1.2143906398614248, 1.3692049906651178, 1.2448887700835864, 1.2066376926501592, 1.3938223510980605], "val_acc": [0.25016666666666665, 0.11433333333333333, 0.13849999999999998, 0.191, 0.3596666666666667, 0.47383333333333333, 0.38633333333333336, 0.5719999999999998, 0.46633333333333327, 0.42599999999999993], "instance_queries": [0, 100, 100, 100, 100, 100, 100, 100, 100, 100]}}