{"num_epochs": 20, "scenario": "PoolBaseSamplingScenario", "strategy": "margin_sampling", "batch_size": 10, "query_size": 100, "seed_size": 100, "model": "VggNet", "stopping_criterion": "query_number", "stopping_criterion_value": 900, "dataset_name": "mnist", "metric_values": {"train_loss": [1.8361128449440003, 1.9064769089221953, 1.5813531080881755, 1.8719621032476426, 1.1811039209365846, 1.406465482711792, 0.9211653811591012, 1.3887829832732677, 1.096459847026401, 0.8024145989120006], "train_acc": [0.25999999999999995, 0.22999999999999998, 0.37000000000000005, 0.26999999999999996, 0.512, 0.43000000000000005, 0.6714285714285715, 0.39749999999999996, 0.5055555555555554, 0.7580000000000001], "val_loss": [1.7698345963160198, 1.839492031534513, 1.5714833364884058, 1.8459675633907318, 1.211060708016157, 1.1327193049589792, 0.7629590606937806, 1.3257686293125153, 0.9666398936510086, 0.6272776996220152], "val_acc": [0.262, 0.23733333333333334, 0.33016666666666666, 0.25, 0.536, 0.5111666666666667, 0.7433333333333333, 0.40266666666666673, 0.5501666666666667, 0.8304999999999999], "instance_queries": [0, 100, 100, 100, 100, 100, 100, 100, 100, 100]}}