{"num_epochs": 20, "scenario": "PoolBaseSamplingScenario", "strategy": "margin_sampling", "batch_size": 10, "query_size": 100, "seed_size": 100, "model": "VggNet", "stopping_criterion": "query_number", "stopping_criterion_value": 900, "dataset_name": "mnist", "metric_values": {"train_loss": [1.8778266429901123, 1.9495707333087922, 1.95195529460907, 1.8017966538667678, 1.3924164986610412, 1.5496724933385848, 1.420354540007455, 1.0785973746329547, 1.360250132613712, 0.981300276517868], "train_acc": [0.26999999999999996, 0.275, 0.22666666666666666, 0.33, 0.424, 0.36833333333333335, 0.40285714285714286, 0.6449999999999999, 0.40777777777777774, 0.654], "val_loss": [2.032454005877177, 1.9745460790395737, 1.9290282420317333, 1.7351149320602417, 1.1967506667474905, 1.6163077598810196, 1.1726899538437525, 0.6923827231427033, 1.2896608664592106, 0.7218803948163987], "val_acc": [0.22583333333333333, 0.2253333333333333, 0.25583333333333336, 0.29533333333333334, 0.5581666666666666, 0.3318333333333333, 0.5416666666666666, 0.8041666666666667, 0.4531666666666666, 0.7825000000000001], "instance_queries": [0, 100, 100, 100, 100, 100, 100, 100, 100, 100]}}