{"num_epochs": 20, "scenario": "PoolBaseSamplingScenario", "strategy": "margin_sampling", "batch_size": 10, "query_size": 100, "seed_size": 100, "model": "VggNet", "stopping_criterion": "query_number", "stopping_criterion_value": 900, "dataset_name": "mnist", "metric_values": {"train_loss": [1.4364747524261474, 1.6612130224704742, 1.841000791390737, 1.3791468128561974, 1.6704417848587036, 1.2253794382015863, 1.5556683693613325, 1.328674854338169, 0.6583009489708477, 0.7701111036539078], "train_acc": [0.41, 0.29, 0.22666666666666666, 0.4574999999999999, 0.3379999999999999, 0.5266666666666667, 0.3371428571428572, 0.43000000000000005, 0.7833333333333333, 0.7380000000000001], "val_loss": [1.6291036000847816, 1.8457905131578445, 1.9290980300307274, 1.5228541173537573, 1.5616729000210763, 1.0729535574217637, 1.4230997170011201, 1.281751521229744, 0.440318328741317, 0.48706659839178124], "val_acc": [0.362, 0.2763333333333334, 0.22966666666666669, 0.35466666666666663, 0.355, 0.526, 0.3516666666666667, 0.43166666666666664, 0.8563333333333335, 0.82], "instance_queries": [0, 100, 100, 100, 100, 100, 100, 100, 100, 100]}}