{"num_epochs": 20, "scenario": "PoolBaseSamplingScenario", "strategy": "margin_sampling", "batch_size": 10, "query_size": 100, "seed_size": 100, "model": "VggNet", "stopping_criterion": "query_number", "stopping_criterion_value": 900, "dataset_name": "mnist", "metric_values": {"train_loss": [1.5973757028579711, 1.6184455692768096, 1.6214925010999044, 1.505017301440239, 1.5212954545021058, 1.8844297885894776, 1.5712207198143004, 1.1526309866458178, 1.1663917210366992, 1.0070552363991738], "train_acc": [0.31, 0.39, 0.31666666666666665, 0.38999999999999996, 0.3899999999999999, 0.24333333333333335, 0.3414285714285714, 0.615, 0.5655555555555556, 0.596], "val_loss": [1.6602022927999496, 2.003445851405462, 1.7412048321962357, 1.4641691562533379, 1.5604602027932803, 1.801928607026736, 1.3440304730335872, 2.6463824726641176, 0.855392281115055, 0.8338358345876138], "val_acc": [0.32966666666666666, 0.34650000000000003, 0.2768333333333334, 0.4056666666666667, 0.41533333333333333, 0.25433333333333336, 0.4576666666666666, 0.49383333333333335, 0.7001666666666666, 0.6555], "instance_queries": [0, 100, 100, 100, 100, 100, 100, 100, 100, 100]}}