{"num_epochs": 20, "scenario": "PoolBaseSamplingScenario", "strategy": "margin_sampling", "batch_size": 10, "query_size": 100, "seed_size": 100, "model": "VggNet", "stopping_criterion": "query_number", "stopping_criterion_value": 900, "dataset_name": "mnist", "metric_values": {"train_loss": [1.751650905609131, 1.5682195365428924, 1.745345377922058, 1.8976860731840133, 1.72341285943985, 1.6202316999435424, 1.190669471876962, 1.1999406658113003, 1.0624824113316007, 0.7113273428380489], "train_acc": [0.2899999999999999, 0.375, 0.36000000000000004, 0.2625, 0.332, 0.32333333333333336, 0.59, 0.5475, 0.5955555555555556, 0.757], "val_loss": [1.954655257066091, 1.666058042893807, 1.7550719610850016, 2.002966642181079, 1.6303227718671163, 1.502394226193428, 1.661051424642404, 1.0434344660242398, 0.8022481155395508, 0.825394048007826], "val_acc": [0.24100000000000005, 0.4375, 0.3, 0.18283333333333335, 0.36849999999999994, 0.36283333333333334, 0.5541666666666667, 0.5433333333333333, 0.7398333333333333, 0.756], "instance_queries": [0, 100, 100, 100, 100, 100, 100, 100, 100, 100]}}