{"num_epochs": 20, "scenario": "PoolBaseSamplingScenario", "strategy": "margin_sampling", "batch_size": 10, "query_size": 100, "seed_size": 100, "model": "VggNet", "stopping_criterion": "query_number", "stopping_criterion_value": 900, "dataset_name": "mnist", "metric_values": {"train_loss": [1.893474817276001, 1.6081861317157746, 1.8702540437380473, 1.834935763478279, 1.4010643720626832, 1.34015640715758, 1.2205022318022591, 0.896939792111516, 1.2782051894399855, 0.5750527025014162], "train_acc": [0.29000000000000004, 0.36000000000000004, 0.29, 0.24250000000000002, 0.426, 0.45166666666666655, 0.49285714285714277, 0.67625, 0.4799999999999999, 0.8230000000000001], "val_loss": [1.860743601123492, 1.6347828169663747, 1.8867773789167404, 1.8755724573135375, 1.2595826735099156, 1.0547537272175154, 1.3076980433861414, 0.9437487880637249, 1.3746905620892842, 0.5507489336840808], "val_acc": [0.2946666666666667, 0.30349999999999994, 0.21833333333333332, 0.20650000000000002, 0.5643333333333334, 0.6128333333333335, 0.4376666666666667, 0.6578333333333334, 0.45649999999999996, 0.8291666666666667], "instance_queries": [0, 100, 100, 100, 100, 100, 100, 100, 100, 100]}}