{"num_epochs": 20, "scenario": "PoolBaseSamplingScenario", "strategy": "margin_sampling", "batch_size": 10, "query_size": 100, "seed_size": 100, "model": "VggNet", "stopping_criterion": "query_number", "stopping_criterion_value": 900, "dataset_name": "mnist", "metric_values": {"train_loss": [1.671511471271515, 1.752852064371109, 1.840044625600179, 1.778208574652672, 1.1499116826057434, 1.680361380179723, 1.4152344950607845, 0.6755390197038651, 1.3624250981542798, 1.224182489514351], "train_acc": [0.32999999999999996, 0.295, 0.28, 0.2575, 0.5880000000000001, 0.335, 0.38857142857142857, 0.76875, 0.4333333333333334, 0.46699999999999997], "val_loss": [1.6792856766780218, 1.8446880918741226, 1.8530374775330225, 2.00699078420798, 0.8270062170922756, 1.5624339952071509, 1.2801210463047028, 0.449154636785388, 1.193397431075573, 0.946646922826767], "val_acc": [0.306, 0.24550000000000002, 0.2401666666666667, 0.2505, 0.6875, 0.36683333333333334, 0.4736666666666666, 0.8373333333333333, 0.4598333333333333, 0.5975], "instance_queries": [0, 100, 100, 100, 100, 100, 100, 100, 100, 100]}}