{"num_epochs": 20, "scenario": "PoolBaseSamplingScenario", "strategy": "margin_sampling", "batch_size": 10, "query_size": 100, "seed_size": 100, "model": "VggNet", "stopping_criterion": "query_number", "stopping_criterion_value": 900, "dataset_name": "mnist", "metric_values": {"train_loss": [1.6125132203102113, 1.9767080783843993, 1.861392851670583, 1.2985565692186356, 1.4612777590751649, 1.3694386512041092, 1.5712938598224095, 1.6055042549967766, 0.9196930670075947, 1.250463837981224], "train_acc": [0.37999999999999995, 0.28, 0.26999999999999996, 0.4325, 0.37599999999999995, 0.5216666666666667, 0.34, 0.33374999999999994, 0.6866666666666665, 0.518], "val_loss": [1.738576314051946, 2.004175792535146, 1.819091811577479, 1.41814825852712, 1.310721531609694, 1.0833844719827175, 1.4632574200630188, 1.5013425530989966, 0.8405023837958773, 0.9162373096247514], "val_acc": [0.3293333333333333, 0.215, 0.2421666666666667, 0.4813333333333333, 0.4326666666666666, 0.6154999999999999, 0.35033333333333333, 0.31066666666666665, 0.6985, 0.6656666666666666], "instance_queries": [0, 100, 100, 100, 100, 100, 100, 100, 100, 100]}}