{"num_epochs": 20, "scenario": "PoolBaseSamplingScenario", "strategy": "margin_sampling", "batch_size": 10, "query_size": 100, "seed_size": 100, "model": "VggNet", "stopping_criterion": "query_number", "stopping_criterion_value": 900, "dataset_name": "mnist", "metric_values": {"train_loss": [1.6235828876495362, 1.8612012445926667, 1.7467253009478252, 1.0969356387853622, 1.5696555590629577, 1.360840724905332, 1.291252029793603, 1.5262149319052696, 0.7876104407840305, 1.1794659167528152], "train_acc": [0.27999999999999997, 0.29, 0.29, 0.5824999999999999, 0.36, 0.4116666666666667, 0.5271428571428571, 0.325, 0.7066666666666667, 0.524], "val_loss": [1.6749744973580043, 1.8247554488976796, 1.647022039393584, 1.115414497156938, 1.4418987050652503, 1.2929549060265224, 1.347195071776708, 1.4929485861460368, 0.5118465708444516, 1.1313453878959019], "val_acc": [0.315, 0.2843333333333333, 0.33166666666666667, 0.5910000000000001, 0.39449999999999996, 0.3878333333333333, 0.45133333333333325, 0.30366666666666664, 0.8731666666666669, 0.5404999999999999], "instance_queries": [0, 100, 100, 100, 100, 100, 100, 100, 100, 100]}}