{"num_epochs": 20, "scenario": "PoolBaseSamplingScenario", "strategy": "margin_sampling", "batch_size": 10, "query_size": 100, "seed_size": 100, "model": "VggNet", "stopping_criterion": "query_number", "stopping_criterion_value": 900, "dataset_name": "mnist", "metric_values": {"train_loss": [2.1325398683547974, 1.4978613764047624, 1.879765009880066, 1.7744678020477296, 1.7642810893058778, 2.1822215278943378, 1.441257689680372, 1.2384877376258374, 1.1828376624319288, 1.1319395834207535], "train_acc": [0.29999999999999993, 0.33499999999999996, 0.21333333333333332, 0.325, 0.282, 0.16833333333333333, 0.3642857142857143, 0.4575, 0.5411111111111111, 0.543], "val_loss": [2.0124279820919035, 1.695745024085045, 1.8296721144517263, 1.6323059622446696, 1.6763397284348807, 2.2009261135260263, 1.3257371879617372, 1.266734512845675, 1.0096109036107859, 0.9082981038590272], "val_acc": [0.23616666666666664, 0.3196666666666667, 0.20383333333333334, 0.333, 0.2758333333333333, 0.18116666666666667, 0.4216666666666667, 0.4376666666666667, 0.5901666666666666, 0.6048333333333333], "instance_queries": [0, 100, 100, 100, 100, 100, 100, 100, 100, 100]}}