{"num_epochs": 20, "scenario": "PoolBaseSamplingScenario", "strategy": "margin_sampling", "batch_size": 10, "query_size": 100, "seed_size": 100, "model": "VggNet", "stopping_criterion": "query_number", "stopping_criterion_value": 900, "dataset_name": "mnist", "metric_values": {"train_loss": [2.0439576387405394, 1.7079121232032777, 1.8143112937609354, 1.7050982803106307, 1.5091801619529723, 1.3114714791377386, 1.779886496067047, 1.278659214824438, 1.4834038184748755, 1.3763701599836349], "train_acc": [0.18, 0.25, 0.23666666666666666, 0.30250000000000005, 0.424, 0.4033333333333333, 0.25142857142857145, 0.45625, 0.3655555555555555, 0.458], "val_loss": [2.6737450037399926, 1.6270813208818435, 1.7766132787863413, 1.5903090922037761, 1.3884003170331318, 1.2474082016944885, 1.6865145655473073, 1.0420803102850913, 1.4056459418932596, 1.0926687998572986], "val_acc": [0.189, 0.2773333333333334, 0.22783333333333336, 0.30916666666666665, 0.466, 0.42916666666666664, 0.25983333333333336, 0.5228333333333334, 0.378, 0.5781666666666666], "instance_queries": [0, 100, 100, 100, 100, 100, 100, 100, 100, 100]}}