{"num_epochs": 20, "scenario": "PoolBaseSamplingScenario", "strategy": "margin_sampling", "batch_size": 10, "query_size": 100, "seed_size": 100, "model": "VggNet", "stopping_criterion": "query_number", "stopping_criterion_value": 900, "dataset_name": "mnist", "metric_values": {"train_loss": [1.6952812194824218, 1.8657737731933595, 1.6574002623558044, 1.7815392941236496, 1.367818021774292, 1.6872701028982797, 1.454125096968242, 1.296483799815178, 1.1088428258895875, 1.1864769583940507], "train_acc": [0.25999999999999995, 0.32, 0.3633333333333334, 0.25, 0.4739999999999999, 0.30166666666666664, 0.3585714285714285, 0.46624999999999994, 0.54, 0.5230000000000001], "val_loss": [1.7602122747898101, 1.8319861485560736, 1.7054330244660378, 1.6149058272441228, 1.1012369857231776, 1.4025777378678321, 1.3072215080261231, 1.14465650126338, 0.9889206245541573, 1.0642086213330428], "val_acc": [0.2753333333333333, 0.23799999999999996, 0.3635, 0.285, 0.5436666666666666, 0.477, 0.3928333333333333, 0.47100000000000003, 0.5818333333333334, 0.6756666666666666], "instance_queries": [0, 100, 100, 100, 100, 100, 100, 100, 100, 100]}}