{"num_epochs": 20, "scenario": "PoolBaseSamplingScenario", "strategy": "margin_sampling", "batch_size": 10, "query_size": 100, "seed_size": 100, "model": "VggNet", "stopping_criterion": "query_number", "stopping_criterion_value": 900, "dataset_name": "mnist", "metric_values": {"train_loss": [2.0489383816719053, 1.8863827526569366, 1.6131250858306885, 1.9900216549634933, 1.7073744702339173, 1.1475763450066248, 1.5954364580767495, 1.0214824020862578, 1.2048022422525617, 0.8214324550330638], "train_acc": [0.30000000000000004, 0.28500000000000003, 0.34, 0.25, 0.31000000000000005, 0.5483333333333333, 0.3514285714285714, 0.54875, 0.5077777777777778, 0.6930000000000001], "val_loss": [2.0369451457262038, 1.851138398249944, 1.6035021736224493, 1.9620125436782836, 1.5416726532578469, 1.0700472814838091, 1.3553512638807297, 1.0802811547120412, 1.2187093764543533, 0.8305143064446747], "val_acc": [0.21550000000000002, 0.281, 0.3045, 0.22283333333333336, 0.3853333333333333, 0.5678333333333332, 0.41833333333333333, 0.5531666666666666, 0.45866666666666667, 0.7193333333333334], "instance_queries": [0, 100, 100, 100, 100, 100, 100, 100, 100, 100]}}