{"num_epochs": 20, "scenario": "PoolBaseSamplingScenario", "strategy": "margin_sampling", "batch_size": 10, "query_size": 1000, "seed_size": 1000, "model": "VggNet", "stopping_criterion": "query_number", "stopping_criterion_value": 9000, "dataset_name": "cifar10", "metric_values": {"train_loss": [2.024051375389099, 1.931886675953865, 1.948698680003484, 1.7034742680191994, 1.7663878338336945, 1.618455580274264, 1.420369868363653, 1.36634893193841, 1.1889316539963086, 1.2846723974049092], "train_acc": [0.18000000000000005, 0.21899999999999997, 0.20933333333333334, 0.32299999999999995, 0.2812, 0.346, 0.4668571428571428, 0.468125, 0.5591111111111111, 0.5091], "val_loss": [1.925767823934555, 1.9161707739830016, 1.9497290139198302, 1.8369008936882019, 1.7370448145866395, 1.7474978476762772, 1.3886965502500535, 1.3215832643508911, 1.1518955559432507, 1.243143448650837], "val_acc": [0.19300000000000003, 0.2048, 0.20980000000000001, 0.3018, 0.3028, 0.2994, 0.4648, 0.5102, 0.5798, 0.5307999999999999], "instance_queries": [0, 1000, 1000, 1000, 1000, 1000, 1000, 1000, 1000, 1000]}}