{"num_epochs": 20, "scenario": "PoolBaseSamplingScenario", "strategy": "margin_sampling", "batch_size": 10, "query_size": 1000, "seed_size": 1000, "model": "VggNet", "stopping_criterion": "query_number", "stopping_criterion_value": 9000, "dataset_name": "cifar10", "metric_values": {"train_loss": [1.9940420734882354, 1.9476977378129958, 1.9179728500048319, 1.8125221699476242, 1.696021564245224, 1.7794347629944482, 1.4182058661324637, 1.317027705013752, 1.2629314688179227, 1.1309936471879483], "train_acc": [0.19699999999999995, 0.20450000000000002, 0.22199999999999998, 0.262, 0.32480000000000003, 0.2876666666666667, 0.4437142857142857, 0.495, 0.5196666666666667, 0.5787], "val_loss": [1.9024962213039398, 2.004995880842209, 1.9017141799926758, 1.7591090319156646, 1.6593975565433503, 1.6393712289333344, 1.405452343583107, 1.2685364733934403, 1.2022674433588982, 1.1248151909708977], "val_acc": [0.223, 0.17160000000000003, 0.2014, 0.286, 0.34179999999999994, 0.33, 0.4642, 0.5216000000000001, 0.5388, 0.5804000000000001], "instance_queries": [0, 1000, 1000, 1000, 1000, 1000, 1000, 1000, 1000, 1000]}}