{"num_epochs": 20, "scenario": "PoolBaseSamplingScenario", "strategy": "margin_sampling", "batch_size": 10, "query_size": 1000, "seed_size": 1000, "model": "VggNet", "stopping_criterion": "query_number", "stopping_criterion_value": 9000, "dataset_name": "cifar10", "metric_values": {"train_loss": [1.9850741863250732, 1.9351327723264695, 1.901025859117508, 1.8418772387504578, 1.8214652607440949, 1.7765061716238657, 1.590552407503128, 1.147394207343459, 1.3667402710517247, 1.3481578185558318], "train_acc": [0.17600000000000005, 0.19700000000000004, 0.21166666666666667, 0.23225, 0.25980000000000003, 0.2826666666666667, 0.33714285714285713, 0.5798749999999999, 0.4886666666666667, 0.4836999999999999], "val_loss": [1.9020945463180543, 1.9218929815292358, 1.8703777735233307, 1.7851799025535584, 1.6872740535736084, 1.7780989000797272, 1.5605103025436402, 1.171989440381527, 1.3152582165002822, 1.2877246730327607], "val_acc": [0.2044, 0.19720000000000001, 0.2354, 0.2626, 0.31660000000000005, 0.2772, 0.3608, 0.5654, 0.5088, 0.523], "instance_queries": [0, 1000, 1000, 1000, 1000, 1000, 1000, 1000, 1000, 1000]}}