{"num_epochs": 20, "scenario": "PoolBaseSamplingScenario", "strategy": "margin_sampling", "batch_size": 10, "query_size": 1000, "seed_size": 1000, "model": "VggNet", "stopping_criterion": "query_number", "stopping_criterion_value": 9000, "dataset_name": "cifar10", "metric_values": {"train_loss": [2.023768290281296, 1.9638657623529434, 1.9564756520589193, 1.887036954164505, 1.7823039870262145, 1.7087066733837128, 1.522349278160504, 1.3197732714563608, 1.2834544468588298, 1.2109089151918888], "train_acc": [0.18400000000000002, 0.20950000000000002, 0.20166666666666666, 0.22899999999999998, 0.2726, 0.322, 0.38757142857142857, 0.49674999999999997, 0.5171111111111111, 0.5502999999999999], "val_loss": [1.8938202571868896, 1.9535692884922027, 1.897405243396759, 1.7897962563037872, 1.6964207577705384, 1.6150323040485381, 1.429909797668457, 1.2954003404974936, 1.2344533614516258, 1.1948196223378182], "val_acc": [0.1966, 0.199, 0.2106, 0.2778, 0.30639999999999995, 0.333, 0.41919999999999996, 0.5227999999999999, 0.5358, 0.5462], "instance_queries": [0, 1000, 1000, 1000, 1000, 1000, 1000, 1000, 1000, 1000]}}