{"num_epochs": 20, "scenario": "PoolBaseSamplingScenario", "strategy": "margin_sampling", "batch_size": 10, "query_size": 1000, "seed_size": 1000, "model": "VggNet", "stopping_criterion": "query_number", "stopping_criterion_value": 9000, "dataset_name": "cifar10", "metric_values": {"train_loss": [2.0063736379146575, 1.9246135395765305, 1.8675865224997203, 1.774018659889698, 1.8178319132328034, 1.604020002981027, 1.5133128375666483, 1.3559811159223318, 1.3048814631170698, 1.1237693536281586], "train_acc": [0.2, 0.20600000000000002, 0.23600000000000004, 0.28475, 0.249, 0.341, 0.3774285714285714, 0.47275, 0.5033333333333333, 0.5769000000000001], "val_loss": [2.0243737428188324, 1.9023834104537964, 1.9297162911891936, 1.7826719706058503, 1.8218611233234405, 1.5651974376440048, 1.5183154679536819, 1.3133197047710419, 1.3403046935796739, 1.222820112168789], "val_acc": [0.1998, 0.208, 0.22640000000000002, 0.27280000000000004, 0.258, 0.35279999999999995, 0.4084, 0.4804, 0.4906, 0.5578000000000001], "instance_queries": [0, 1000, 1000, 1000, 1000, 1000, 1000, 1000, 1000, 1000]}}