{"num_epochs": 20, "scenario": "PoolBaseSamplingScenario", "strategy": "margin_sampling", "batch_size": 10, "query_size": 1000, "seed_size": 1000, "model": "VggNet", "stopping_criterion": "query_number", "stopping_criterion_value": 9000, "dataset_name": "cifar10", "metric_values": {"train_loss": [2.019813619852066, 1.9404992061853408, 1.973662322362264, 1.8714865681529045, 1.6515958273410798, 1.4568726454178493, 1.763190665074757, 1.5058607827872037, 1.0867904676662552, 1.0622993195056916], "train_acc": [0.19699999999999998, 0.199, 0.21466666666666667, 0.22225, 0.3418, 0.4376666666666666, 0.27385714285714285, 0.381125, 0.5943333333333333, 0.6127], "val_loss": [1.9499646797180177, 1.925351707458496, 1.9888082485198975, 1.937093775510788, 1.626560608625412, 1.3955715259313584, 1.6614248178005218, 1.4381360086202621, 1.2400249188542367, 1.0995206668376922], "val_acc": [0.194, 0.18680000000000002, 0.18740000000000004, 0.2088, 0.34620000000000006, 0.45880000000000004, 0.327, 0.426, 0.5592, 0.6088000000000001], "instance_queries": [0, 1000, 1000, 1000, 1000, 1000, 1000, 1000, 1000, 1000]}}