{"num_epochs": 20, "scenario": "PoolBaseSamplingScenario", "strategy": "margin_sampling", "batch_size": 10, "query_size": 1000, "seed_size": 1000, "model": "VggNet", "stopping_criterion": "query_number", "stopping_criterion_value": 9000, "dataset_name": "cifar10", "metric_values": {"train_loss": [2.00028143286705, 1.9222561484575271, 1.878231822649638, 1.8637129992246628, 1.6512064552307129, 1.4425830106933912, 1.37998272725514, 1.4709846587479114, 0.9857354991965823, 1.154000245243311], "train_acc": [0.17700000000000002, 0.205, 0.19933333333333333, 0.2525, 0.33979999999999994, 0.4175, 0.46814285714285714, 0.433, 0.6489999999999999, 0.5852999999999999], "val_loss": [1.9430076479911804, 2.0511685194969176, 1.9280216012001037, 1.8143642091751098, 1.579289893269539, 1.5014928516149522, 1.366572845697403, 1.4854753829240799, 1.1473184113800525, 1.1189475927352905], "val_acc": [0.19540000000000005, 0.19119999999999998, 0.19700000000000004, 0.2518, 0.3634, 0.4002, 0.4788, 0.4176, 0.601, 0.5836], "instance_queries": [0, 1000, 1000, 1000, 1000, 1000, 1000, 1000, 1000, 1000]}}