{"num_epochs": 20, "scenario": "PoolBaseSamplingScenario", "strategy": "margin_sampling", "batch_size": 10, "query_size": 1000, "seed_size": 1000, "model": "VggNet", "stopping_criterion": "query_number", "stopping_criterion_value": 9000, "dataset_name": "cifar10", "metric_values": {"train_loss": [1.9830750739574432, 1.9551826673746109, 1.9462210913499196, 1.7462494772672654, 1.6423384771347045, 1.433034227490425, 1.4247190402235304, 1.2770598648488523, 1.4022837256060707, 0.9858477419614792], "train_acc": [0.199, 0.17450000000000002, 0.20133333333333334, 0.31675000000000003, 0.34679999999999994, 0.44116666666666665, 0.45785714285714285, 0.525875, 0.4443333333333333, 0.6527000000000001], "val_loss": [1.9093899693489074, 1.9475022959709167, 1.888622844696045, 1.6711691195964813, 1.6467320202589035, 1.399058461546898, 1.39381978058815, 1.2210526554584502, 1.350755892276764, 1.0417215966582298], "val_acc": [0.19400000000000003, 0.20160000000000003, 0.217, 0.3386, 0.32980000000000004, 0.47820000000000007, 0.478, 0.5365999999999999, 0.4666, 0.6304], "instance_queries": [0, 1000, 1000, 1000, 1000, 1000, 1000, 1000, 1000, 1000]}}