{"num_epochs": 20, "scenario": "PoolBaseSamplingScenario", "strategy": "margin_sampling", "batch_size": 10, "query_size": 1000, "seed_size": 1000, "model": "VggNet", "stopping_criterion": "query_number", "stopping_criterion_value": 9000, "dataset_name": "cifar10", "metric_values": {"train_loss": [1.995006731748581, 1.9628927993774414, 1.9248019965489704, 1.8728043594956398, 1.8483785815238953, 1.4831386563181876, 1.628844863176346, 1.3646990889310837, 1.2846318245596355, 1.0857062799036503], "train_acc": [0.20800000000000002, 0.2025, 0.205, 0.22425, 0.2374, 0.4323333333333333, 0.32171428571428573, 0.47462499999999996, 0.5258888888888889, 0.6015999999999999], "val_loss": [1.906944627046585, 1.9041204507350922, 1.8762087697982788, 1.8244309108257293, 1.8254411509037018, 1.4047797635793686, 1.60295856153965, 1.3408441098928452, 1.2528334491848945, 1.1139769740700722], "val_acc": [0.211, 0.21140000000000003, 0.199, 0.23560000000000003, 0.245, 0.46379999999999993, 0.3394, 0.5124, 0.5392, 0.589], "instance_queries": [0, 1000, 1000, 1000, 1000, 1000, 1000, 1000, 1000, 1000]}}