{"num_epochs": 20, "scenario": "PoolBaseSamplingScenario", "strategy": "margin_sampling", "batch_size": 10, "query_size": 1000, "seed_size": 1000, "model": "VggNet", "stopping_criterion": "query_number", "stopping_criterion_value": 9000, "dataset_name": "cifar10", "metric_values": {"train_loss": [2.0217494702339174, 1.9155323934555053, 1.9039931388696034, 1.843551531136036, 1.8449043672084808, 1.5609400384624799, 1.4982021760089057, 1.3725269299000502, 1.3016765949461195, 1.292716359913349], "train_acc": [0.195, 0.21350000000000002, 0.20633333333333334, 0.231, 0.23060000000000003, 0.3818333333333333, 0.3931428571428571, 0.46562499999999996, 0.5022222222222222, 0.516], "val_loss": [1.9275043470859528, 1.901301453113556, 1.9278285915851594, 1.8303343396186829, 1.8181219696998596, 1.5343050607442856, 1.5046652097702027, 1.3208896017074585, 1.220851399064064, 1.2053777831792831], "val_acc": [0.19720000000000001, 0.2206, 0.18180000000000002, 0.2318, 0.2726, 0.3936, 0.40279999999999994, 0.505, 0.545, 0.548], "instance_queries": [0, 1000, 1000, 1000, 1000, 1000, 1000, 1000, 1000, 1000]}}