{"num_epochs": 20, "scenario": "PoolBaseSamplingScenario", "strategy": "margin_sampling", "batch_size": 10, "query_size": 1000, "seed_size": 1000, "model": "VggNet", "stopping_criterion": "query_number", "stopping_criterion_value": 9000, "dataset_name": "cifar10", "metric_values": {"train_loss": [2.0172964692115785, 1.9594157576560973, 1.9676774056752522, 1.862004519701004, 1.65082135784626, 1.5171107425292334, 1.4815079204525265, 1.5423638650029898, 1.2433211804098554, 1.1752936604619026], "train_acc": [0.17600000000000002, 0.20400000000000001, 0.185, 0.22300000000000003, 0.3446, 0.38383333333333336, 0.4298571428571428, 0.36237499999999995, 0.5403333333333333, 0.5719000000000001], "val_loss": [1.915693524837494, 1.8886025042533874, 1.9049127006530762, 1.7991468734741212, 1.5685249288082124, 1.5896555247306823, 1.4118841247558593, 1.5344603934288026, 1.1800781634151936, 1.2077624858021736], "val_acc": [0.19240000000000002, 0.20460000000000003, 0.1958, 0.22180000000000002, 0.385, 0.35819999999999996, 0.4492, 0.403, 0.5675999999999999, 0.5648], "instance_queries": [0, 1000, 1000, 1000, 1000, 1000, 1000, 1000, 1000, 1000]}}