{"num_epochs": 20, "scenario": "PoolBaseSamplingScenario", "strategy": "margin_sampling", "batch_size": 10, "query_size": 1000, "seed_size": 1000, "model": "VggNet", "stopping_criterion": "query_number", "stopping_criterion_value": 9000, "dataset_name": "cifar10", "metric_values": {"train_loss": [2.0035625874996184, 1.9318798506259918, 1.939799924691518, 1.7848462906479836, 1.825755797147751, 1.6905430140097937, 1.398509509393147, 1.4609865536540747, 1.5267575674586826, 0.9410163224041462], "train_acc": [0.214, 0.21600000000000003, 0.20566666666666666, 0.26649999999999996, 0.242, 0.343, 0.4458571428571429, 0.421625, 0.37699999999999995, 0.664], "val_loss": [2.0241532146930696, 1.9105504021644593, 1.9201897227764129, 1.7713352932929993, 1.7504656522274018, 1.7584588127136231, 1.414068719625473, 1.401283050775528, 1.487424635052681, 1.142689030379057], "val_acc": [0.2164, 0.21860000000000002, 0.19860000000000003, 0.2718, 0.2664, 0.3148, 0.43060000000000004, 0.45380000000000004, 0.4064, 0.6008], "instance_queries": [0, 1000, 1000, 1000, 1000, 1000, 1000, 1000, 1000, 1000]}}