{"num_epochs": 20, "scenario": "PoolBaseSamplingScenario", "strategy": "margin_sampling", "batch_size": 10, "query_size": 1000, "seed_size": 1000, "model": "VggNet", "stopping_criterion": "query_number", "stopping_criterion_value": 9000, "dataset_name": "cifar10", "metric_values": {"train_loss": [2.007880417108536, 1.9333830612897873, 1.948159487247467, 1.7578210613131524, 2.3024001779556276, 1.2691726591189703, 1.3948161278452191, 1.407875018566847, 1.3089478345712027, 0.9610478559732437], "train_acc": [0.18200000000000002, 0.20700000000000002, 0.21133333333333335, 0.285, 0.10220000000000001, 0.5343333333333333, 0.4532857142857143, 0.445625, 0.5183333333333333, 0.6553], "val_loss": [1.9067777333259583, 1.8792027814388275, 1.8385175092220307, 1.6655015938282014, 2.3030398535728454, 1.425455295920372, 1.3369819141626358, 1.394655091881752, 1.4151379200220109, 1.12682646048069], "val_acc": [0.202, 0.20820000000000002, 0.27, 0.31160000000000004, 0.10219999999999999, 0.495, 0.4682, 0.44079999999999997, 0.4842, 0.6062000000000001], "instance_queries": [0, 1000, 1000, 1000, 1000, 1000, 1000, 1000, 1000, 1000]}}