{"num_epochs": 20, "scenario": "PoolBaseSamplingScenario", "strategy": "margin_sampling", "batch_size": 10, "query_size": 1000, "seed_size": 1000, "model": "VggNet", "stopping_criterion": "query_number", "stopping_criterion_value": 9000, "dataset_name": "cifar10", "metric_values": {"train_loss": [1.977156857252121, 1.9549456965923309, 1.9525914323329925, 1.6831558346748352, 1.5926067930459977, 1.7238656598329545, 1.3298999955824444, 1.3011301673948765, 1.204585157268577, 1.1801264198720456], "train_acc": [0.22699999999999995, 0.19700000000000004, 0.20266666666666666, 0.3375, 0.36460000000000004, 0.30116666666666664, 0.5032857142857143, 0.49012500000000003, 0.5705555555555556, 0.5717000000000001], "val_loss": [1.9646246824264526, 1.9112326350212097, 1.9040176770687103, 1.5997658727169037, 1.5927570154666901, 1.6812663929462432, 1.3387368106245994, 1.2831932203769685, 1.1756361944079399, 1.1263297808468342], "val_acc": [0.20540000000000003, 0.21919999999999998, 0.2156, 0.36939999999999995, 0.357, 0.294, 0.5058, 0.496, 0.5732, 0.5725999999999999], "instance_queries": [0, 1000, 1000, 1000, 1000, 1000, 1000, 1000, 1000, 1000]}}