{"num_epochs": 20, "scenario": "PoolBaseSamplingScenario", "strategy": "margin_sampling", "batch_size": 10, "query_size": 1000, "seed_size": 1000, "model": "VggNet", "stopping_criterion": "query_number", "stopping_criterion_value": 9000, "dataset_name": "cifar10", "metric_values": {"train_loss": [2.0253527891635894, 1.9481992268562316, 1.925992430448532, 1.8171594426035882, 1.5963905594348908, 1.6247682547569275, 1.4758979628767286, 1.9633526465296745, 1.1166938232382138, 1.304095799088478], "train_acc": [0.2, 0.18650000000000003, 0.215, 0.25475000000000003, 0.36079999999999995, 0.33033333333333337, 0.416, 0.1985, 0.5980000000000001, 0.4997], "val_loss": [1.9249111125469207, 1.94147474527359, 1.970101567029953, 1.7633670327663422, 1.5376371998786926, 1.550713035106659, 1.4389758985042571, 1.8787486832141875, 1.1983669642806054, 1.2972785606384278], "val_acc": [0.224, 0.1938, 0.20040000000000002, 0.288, 0.37539999999999996, 0.35760000000000003, 0.45020000000000004, 0.204, 0.5583999999999999, 0.5084], "instance_queries": [0, 1000, 1000, 1000, 1000, 1000, 1000, 1000, 1000, 1000]}}