{"num_epochs": 20, "scenario": "PoolBaseSamplingScenario", "strategy": "margin_sampling", "batch_size": 10, "query_size": 1000, "seed_size": 1000, "model": "VggNet", "stopping_criterion": "query_number", "stopping_criterion_value": 9000, "dataset_name": "cifar10", "metric_values": {"train_loss": [1.9799089539051056, 1.8735839813947677, 1.9122019902865093, 1.904684162735939, 1.6862184983491897, 1.6037924311558405, 1.3871342287744794, 1.3996600404381752, 1.5166495054960252, 1.1637908758819102], "train_acc": [0.19899999999999998, 0.2585, 0.23133333333333336, 0.21025000000000002, 0.3314, 0.35533333333333333, 0.44942857142857146, 0.453125, 0.3867777777777777, 0.5657000000000001], "val_loss": [1.9063214066028595, 1.9133932225704193, 1.8811114523410797, 1.840642118215561, 1.6499775650501252, 1.568190561056137, 1.3483165856599808, 1.313177724957466, 1.402128669500351, 1.2410603504776954], "val_acc": [0.19740000000000005, 0.2556, 0.2248, 0.22640000000000002, 0.35660000000000003, 0.3592, 0.464, 0.49160000000000004, 0.43179999999999996, 0.5552], "instance_queries": [0, 1000, 1000, 1000, 1000, 1000, 1000, 1000, 1000, 1000]}}