{"num_epochs": 20, "scenario": "PoolBaseSamplingScenario", "strategy": "margin_sampling", "batch_size": 10, "query_size": 1000, "seed_size": 1000, "model": "VggNet", "stopping_criterion": "query_number", "stopping_criterion_value": 9000, "dataset_name": "cifar10", "metric_values": {"train_loss": [2.0235056352615355, 1.9342709708213806, 1.9101570312182108, 1.843873430788517, 1.6330701138973236, 1.6801850348711014, 1.5370658296346664, 1.3895852299034595, 1.2328784141275617, 1.2074233666062355], "train_acc": [0.19400000000000003, 0.2285, 0.21, 0.2565, 0.3644, 0.29083333333333333, 0.39357142857142857, 0.45825000000000005, 0.5391111111111112, 0.5606], "val_loss": [1.9014662573337555, 2.0814556148052215, 1.9077223689556122, 1.913157475233078, 1.5525165004730224, 1.6685607268810272, 1.5001766567230224, 1.3031794468164444, 1.3805916990041733, 1.1729728834033013], "val_acc": [0.18880000000000002, 0.17720000000000002, 0.2068, 0.2498, 0.38639999999999997, 0.30079999999999996, 0.4214, 0.4785999999999999, 0.5126000000000001, 0.5754], "instance_queries": [0, 1000, 1000, 1000, 1000, 1000, 1000, 1000, 1000, 1000]}}