{"num_epochs": 20, "scenario": "PoolBaseSamplingScenario", "strategy": "margin_sampling", "batch_size": 10, "query_size": 1000, "seed_size": 1000, "model": "VggNet", "stopping_criterion": "query_number", "stopping_criterion_value": 9000, "dataset_name": "cifar10", "metric_values": {"train_loss": [1.9804198479652404, 1.9061566269397736, 1.9586820387840271, 1.6819699281454086, 1.7808082661628724, 1.6470236885547638, 1.4519663229158946, 1.4237794847786427, 1.1305267525050375, 1.113808575093746], "train_acc": [0.2, 0.2305, 0.19933333333333333, 0.33449999999999996, 0.27020000000000005, 0.33616666666666667, 0.4375714285714285, 0.4495, 0.5893333333333335, 0.5941], "val_loss": [1.9517359528541565, 1.8819667863845826, 1.9292156925201416, 1.635668981552124, 1.691928136587143, 1.640430734872818, 1.3961759214401246, 1.3425398371219635, 1.1748406985402107, 1.1463528939187526], "val_acc": [0.1988, 0.21860000000000002, 0.2014, 0.3442, 0.30279999999999996, 0.3504, 0.4584, 0.46920000000000006, 0.5772, 0.582], "instance_queries": [0, 1000, 1000, 1000, 1000, 1000, 1000, 1000, 1000, 1000]}}