{"num_epochs": 20, "scenario": "PoolBaseSamplingScenario", "strategy": "margin_sampling", "batch_size": 10, "query_size": 1000, "seed_size": 1000, "model": "VggNet", "stopping_criterion": "query_number", "stopping_criterion_value": 9000, "dataset_name": "cifar10", "metric_values": {"train_loss": [2.007128218412399, 1.9387957829236984, 1.822187091112137, 1.8749696609377862, 1.7532182581424713, 1.5794708264867465, 1.6363555817944664, 1.365364184603095, 1.2293176093366411, 1.294707283258438], "train_acc": [0.19500000000000003, 0.2235, 0.29333333333333333, 0.24325000000000002, 0.305, 0.339, 0.3168571428571429, 0.48699999999999993, 0.5406666666666667, 0.5091], "val_loss": [1.9367990531921386, 1.8820897128582001, 1.7528629837036134, 1.8168458068370819, 1.6922911137342453, 1.604086881875992, 1.579448088169098, 1.282014927148819, 1.1772638193964957, 1.292759431362152], "val_acc": [0.194, 0.2344, 0.3034, 0.27079999999999993, 0.30839999999999995, 0.34140000000000004, 0.32639999999999997, 0.5244, 0.5685999999999999, 0.5024], "instance_queries": [0, 1000, 1000, 1000, 1000, 1000, 1000, 1000, 1000, 1000]}}