{"num_epochs": 20, "scenario": "PoolBaseSamplingScenario", "strategy": "margin_sampling", "batch_size": 10, "query_size": 1000, "seed_size": 1000, "model": "VggNet", "stopping_criterion": "query_number", "stopping_criterion_value": 9000, "dataset_name": "cifar10", "metric_values": {"train_loss": [2.0206757390499117, 1.9493518078327179, 1.8249566336472829, 1.84280517578125, 1.5880641376972198, 1.536294830540816, 1.4689288136788776, 1.1485817912966012, 1.6353007349703046, 0.9418772403895855], "train_acc": [0.198, 0.19, 0.25966666666666666, 0.235, 0.3758, 0.37333333333333335, 0.4298571428571428, 0.5826250000000001, 0.3458888888888889, 0.6651999999999999], "val_loss": [2.0393635828495027, 1.9642754702568055, 1.7489982643127442, 1.8259180946350098, 1.5746429998874665, 1.5231300013065339, 1.4048150416612626, 1.1499422511458397, 1.5435830023288726, 1.146394774287939], "val_acc": [0.18719999999999998, 0.202, 0.26039999999999996, 0.227, 0.397, 0.385, 0.46420000000000006, 0.5856, 0.3866, 0.6174], "instance_queries": [0, 1000, 1000, 1000, 1000, 1000, 1000, 1000, 1000, 1000]}}