{"num_epochs": 20, "scenario": "PoolBaseSamplingScenario", "strategy": "diverse_mini_batch", "batch_size": 10, "query_size": 100, "seed_size": 100, "model": "LeNet", "stopping_criterion": "query_number", "stopping_criterion_value": 900, "dataset_name": "mnist", "metric_values": {"train_loss": {"val": [0.052378569615797864, 0.021925060210439065, 0.013405856469870305, 0.00965941433937082, 0.00738360854719455, 0.005917590354457152, 0.004948150917438657, 0.004177542563168875, 0.003610543664587938, 0.003121261980349017], "var": [1.2453262856937421e-05, 6.615392964799385e-06, 1.95701148400355e-06, 6.904743785504003e-07, 5.377384162085529e-07, 4.779396159106818e-07, 2.9045711739316743e-07, 1.5670278993809002e-07, 1.2423604822435009e-07, 6.751730704079026e-08]}, "train_acc": {"val": [1.0, 1.0, 1.0, 1.0, 1.0, 1.0, 1.0, 1.0, 1.0, 1.0], "var": [0.0, 0.0, 0.0, 0.0, 0.0, 0.0, 0.0, 0.0, 0.0, 0.0]}, "val_loss": {"val": [0.899371051831102, 0.598990615105032, 0.4983615620590366, 0.4493112963379826, 0.41713290224874744, 0.3880232478602988, 0.36665738959193633, 0.3470068326878526, 0.3346261863482586, 0.3236820384544855], "var": [0.00047062314610636424, 0.0014011236576923836, 0.00048183117067073563, 0.0005710133989020081, 0.00035794823170257577, 0.00036834156611570125, 0.0003613220209914674, 0.000324855667899987, 0.0003137220231162515, 0.00031195481557082705]}, "val_acc": {"val": [0.7270925925925926, 0.8238240740740741, 0.8582222222222223, 0.8759444444444445, 0.8866388888888888, 0.8968518518518517, 0.905175925925926, 0.9110370370370371, 0.9143148148148149, 0.9180277777777778], "var": [2.0898834019204433e-05, 0.00010983170438957407, 5.369753086419738e-05, 4.985802469135809e-05, 2.6661265432098848e-05, 1.5329903978052005e-05, 2.0779235253772408e-05, 2.0233196159122654e-05, 1.8055212620027174e-05, 1.8800154320987426e-05]}, "instance_queries": [0, 100, 100, 100, 100, 100, 100, 100, 100, 100]}}