{"num_epochs": 20, "scenario": "PoolBaseSamplingScenario", "strategy": "entropy_sampling", "batch_size": 10, "query_size": 100, "seed_size": 100, "model": "LeNet", "stopping_criterion": "query_number", "stopping_criterion_value": 900, "dataset_name": "mnist", "metric_values": {"train_loss": {"val": [0.0535692582010395, 0.021884515084740187, 0.012779683545576754, 0.009188281178163985, 0.0069361310895894555, 0.005515689899416261, 0.0045731536744232654, 0.0039058629813452073, 0.003336702737551942, 0.0029058055739733394], "var": [1.0481452522954011e-05, 7.324687971476286e-06, 2.305478501884588e-06, 8.307321063789881e-07, 3.44640273700111e-07, 2.46587859409414e-07, 1.9237728708431349e-07, 1.5982847806149947e-07, 1.3618416893091814e-07, 4.970604331296042e-08]}, "train_acc": {"val": [1.0, 1.0, 1.0, 1.0, 1.0, 1.0, 1.0, 1.0, 1.0, 1.0], "var": [0.0, 0.0, 0.0, 0.0, 0.0, 0.0, 0.0, 0.0, 0.0, 0.0]}, "val_loss": {"val": [0.8872799682534402, 0.5841237080561997, 0.4837026520608062, 0.4268600362222814, 0.3925868211102702, 0.3753752927463965, 0.3614847755482683, 0.34650148703704303, 0.33320575587840046, 0.32274145560205697], "var": [0.0005232733352095744, 0.0007747684148990039, 0.00036323489748476645, 0.00032780271035464693, 0.00020686417367954605, 0.0004412533837154615, 0.00026048284452825763, 0.00020017156861939272, 0.00020862187692788432, 0.00019466519136993092]}, "val_acc": {"val": [0.7284166666666666, 0.8274259259259259, 0.8619814814814815, 0.8821296296296297, 0.894212962962963, 0.9013425925925925, 0.9071388888888889, 0.9119537037037038, 0.9157870370370372, 0.9192777777777779], "var": [2.4358796296296215e-05, 4.350994513031579e-05, 3.3237311385459376e-05, 1.2205418381344132e-05, 1.5394461591220977e-05, 2.2424296982167148e-05, 1.1090277777777523e-05, 7.675325788751687e-06, 6.400634430726975e-06, 1.0620370370370288e-05]}, "instance_queries": [0, 100, 100, 100, 100, 100, 100, 100, 100, 100]}}