{"num_epochs": 20, "scenario": "PoolBaseSamplingScenario", "strategy": "least_confidence", "batch_size": 10, "query_size": 100, "seed_size": 100, "model": "LeNet", "stopping_criterion": "query_number", "stopping_criterion_value": 900, "dataset_name": "mnist", "metric_values": {"train_loss": {"val": [0.051818075858884385, 0.022300534102962247, 0.013160231365408335, 0.009733000964883507, 0.007135310753817774, 0.005815916663926111, 0.004793615127998655, 0.0041065239904128255, 0.003416183257614188, 0.003000050772599126], "var": [9.203245079607421e-06, 8.414712635726384e-06, 2.4690313748957302e-06, 1.5205856673304882e-06, 7.352850823122918e-07, 3.8238783821976875e-07, 1.8262477437931486e-07, 1.7455709433105832e-07, 6.354638443193187e-08, 3.971027978188429e-08]}, "train_acc": {"val": [1.0, 1.0, 1.0, 1.0, 1.0, 1.0, 1.0, 1.0, 1.0, 1.0], "var": [0.0, 0.0, 0.0, 0.0, 0.0, 0.0, 0.0, 0.0, 0.0, 0.0]}, "val_loss": {"val": [0.8896124243377534, 0.609215285654904, 0.5036995131690142, 0.44221910336557174, 0.4072368657726933, 0.3833283031794525, 0.3606720000950898, 0.34817226686624864, 0.3306632320338206, 0.3198602692769998], "var": [0.0007063979300518343, 0.0023317841927813043, 0.0009700286795629978, 0.0006306548380931728, 0.0007837725146958233, 0.0004299009756021522, 0.0005407047800503318, 0.00047709509105988573, 0.0004224351156574859, 0.0003629445942268009]}, "val_acc": {"val": [0.727648148148148, 0.8203333333333334, 0.8579166666666667, 0.8775648148148149, 0.8904814814814814, 0.8995462962962962, 0.9077962962962963, 0.9116296296296298, 0.9171759259259259, 0.9205833333333333], "var": [3.5882373113854286e-05, 0.0001504969135802468, 4.893595679012323e-05, 3.5827589163237336e-05, 4.495953360768205e-05, 1.2443844307270248e-05, 1.6498628257887476e-05, 1.748628257887474e-05, 1.88502229080934e-05, 1.5929783950617546e-05]}, "instance_queries": [0, 100, 100, 100, 100, 100, 100, 100, 100, 100]}}