{"num_epochs": 20, "scenario": "PoolBaseSamplingScenario", "strategy": "margin_sampling", "batch_size": 10, "query_size": 100, "seed_size": 100, "model": "LeNet", "stopping_criterion": "query_number", "stopping_criterion_value": 900, "dataset_name": "mnist", "metric_values": {"train_loss": {"val": [0.05354778510000971, 0.022042180579673085, 0.01293564032314828, 0.009419217061885218, 0.007223980751845779, 0.005823256509244891, 0.004770346987938937, 0.004025573666715193, 0.0035303956626542197, 0.00307343470340129], "var": [2.1440778820083052e-05, 5.277571357759468e-06, 1.9690483362104827e-06, 1.4589046772242169e-06, 7.448716261914399e-07, 3.107080788385845e-07, 2.695850127596145e-07, 1.393248370231678e-07, 1.124190513375497e-07, 7.408139134607796e-08]}, "train_acc": {"val": [1.0, 1.0, 1.0, 1.0, 1.0, 1.0, 1.0, 1.0, 1.0, 1.0], "var": [0.0, 0.0, 0.0, 0.0, 0.0, 0.0, 0.0, 0.0, 0.0, 0.0]}, "val_loss": {"val": [0.8909439877796641, 0.5963321738001133, 0.5069751052567476, 0.4461639907071367, 0.40689632443220713, 0.3804264653170712, 0.36626889531018814, 0.353231189343701, 0.33997868251495805, 0.3313034414953695], "var": [0.0006869274750389154, 0.000723866395813317, 0.00036477696782844123, 0.0004681746780195489, 0.00029667968550026056, 0.00021208998607832234, 0.0002863644318471615, 0.000291764670280442, 0.000247534277060775, 0.0002519615469045831]}, "val_acc": {"val": [0.7278703703703704, 0.820537037037037, 0.8548981481481482, 0.8774537037037038, 0.8900740740740741, 0.8993703703703706, 0.9041851851851853, 0.909712962962963, 0.9136018518518517, 0.916888888888889], "var": [4.51128257887514e-05, 7.225171467764071e-05, 3.6488082990398245e-05, 3.326791838134402e-05, 1.8121056241426394e-05, 1.5557270233196396e-05, 1.2931755829904044e-05, 1.3406807270233208e-05, 1.4142403978051997e-05, 1.0268518518518523e-05]}, "instance_queries": [0, 100, 100, 100, 100, 100, 100, 100, 100, 100]}}