{"num_epochs": 20, "scenario": "PoolBaseSamplingScenario", "strategy": "random_sampling", "batch_size": 10, "query_size": 100, "seed_size": 100, "model": "LeNet", "stopping_criterion": "query_number", "stopping_criterion_value": 900, "dataset_name": "mnist", "metric_values": {"train_loss": {"val": [0.052413025022380884, 0.02386483852492852, 0.014892519456420648, 0.010571369906796867, 0.008058317340134333, 0.006334531850707544, 0.005112929424938066, 0.004365758914718754, 0.003665981652613235, 0.003150314078730945], "var": [8.326408299445404e-06, 7.55146529472276e-06, 4.56715970942382e-06, 2.2104979637055054e-06, 1.2184844205139954e-06, 5.695651929118976e-07, 2.6002801065540404e-07, 1.9583496777270966e-07, 6.138337460040687e-08, 4.723075469033969e-08]}, "train_acc": {"val": [1.0, 1.0, 1.0, 1.0, 1.0, 1.0, 1.0, 1.0, 1.0, 1.0], "var": [0.0, 0.0, 0.0, 0.0, 0.0, 0.0, 0.0, 0.0, 0.0, 0.0]}, "val_loss": {"val": [0.9011641629874981, 0.6100519808869878, 0.48819020144188674, 0.43847887602238056, 0.40426876394694705, 0.3825616302114752, 0.362706614326054, 0.34967897384855423, 0.337201261577122, 0.32984492469975923], "var": [0.0007672759651229588, 0.0009055253987307494, 0.0008971240389569657, 0.001049173341075037, 0.0009491977777154779, 0.0003586722743141106, 0.0004860149697645077, 0.0005323388869440465, 0.0005609109166481383, 0.00036198246471991127]}, "val_acc": {"val": [0.7263148148148147, 0.8188240740740741, 0.8584444444444445, 0.8769814814814816, 0.8889629629629631, 0.8972129629629632, 0.9058518518518519, 0.9109351851851853, 0.9149722222222224, 0.9174907407407407], "var": [4.6780521262002755e-05, 3.758170438957497e-05, 6.024382716049333e-05, 6.446570644718825e-05, 4.0995541838134815e-05, 1.2829646776405969e-05, 2.1629286694101523e-05, 2.1654749657064506e-05, 2.717669753086395e-05, 1.6075531550068505e-05]}, "instance_queries": [0, 100, 100, 100, 100, 100, 100, 100, 100, 100]}}